evidence_id,phase,candidate_id,name_fr,name_en,category,statut_candidat,familles,family,metric,value,unit,quote,stable_id,url,observed_at,tool,query_used,method,status,scrape_status,contradiction,source
E0001,P1,adhesive-shower-caddy-set,Étagère de douche adhésive sans perçage,Adhesive no-drill shower caddy set,maison-rangement,VALIDE,DO,D,amazon_us_rank,1,rang,"01. 5 Pack Adhesive Bathroom Holders & Dispensers for Kids & Adults, Black | Large Capacity No-Drilling Rustproof Shower Caddy Sh | $12.99 | 1,514 | B0H4VKQ6ZN |",B0H4VKQ6ZN,https://www.amazon.com/gp/new-releases/home-garden/,2026-10-04,mcp__Firecrawl__firecrawl_scrape,https://www.amazon.com/gp/new-releases/home-garden/,freeform,MESURÉ,ok,,amz-A#0
E0002,P1,adhesive-shower-caddy-set,Étagère de douche adhésive sans perçage,Adhesive no-drill shower caddy set,maison-rangement,VALIDE,DO,D,amazon_us_ratings,1514,avis,"01. 5 Pack Adhesive Bathroom Holders & Dispensers for Kids & Adults, Black | Large Capacity No-Drilling Rustproof Shower Caddy Sh | $12.99 | 1,514 | B0H4VKQ6ZN |",B0H4VKQ6ZN,https://www.amazon.com/gp/new-releases/home-garden/,2026-10-04,mcp__Firecrawl__firecrawl_scrape,https://www.amazon.com/gp/new-releases/home-garden/,freeform,MESURÉ,ok,,amz-A#0
E0003,P1,adhesive-shower-caddy-set,Étagère de douche adhésive sans perçage,Adhesive no-drill shower caddy set,maison-rangement,VALIDE,DO,D,amazon_us_rank,1,rang,"01. 5 Pack Adhesive Bathroom Holders & Dispensers for Kids & Adults, Black | Large Capacity No-Drilling Rustproof Shower Caddy Sh | $12.99 | 1,514 | B0H4VKQ6ZN |",B0H4VKQ6ZN,https://www.amazon.com/gp/new-releases/home-garden/,2026-10-04,mcp__Firecrawl__firecrawl_scrape,https://www.amazon.com/gp/new-releases/home-garden/,freeform,MESURÉ,ok,,amz-C#3
E0004,P1,adhesive-shower-caddy-set,Étagère de douche adhésive sans perçage,Adhesive no-drill shower caddy set,maison-rangement,VALIDE,DO,D,amazon_us_ratings,1514,avis,"01. 5 Pack Adhesive Bathroom Holders & Dispensers for Kids & Adults, Black | Large Capacity No-Drilling Rustproof Shower Caddy Sh | $12.99 | 1,514 | B0H4VKQ6ZN |",B0H4VKQ6ZN,https://www.amazon.com/gp/new-releases/home-garden/,2026-10-04,mcp__Firecrawl__firecrawl_scrape,https://www.amazon.com/gp/new-releases/home-garden/,freeform,MESURÉ,ok,,amz-C#3
E0005,P1,adhesive-shower-caddy-set,Étagère de douche adhésive sans perçage,Adhesive no-drill shower caddy set,maison-rangement,VALIDE,DO,O,meta_us_results,44,"active ads (US, keyword)",~44 results,n/a,https://www.facebook.com/ads/library/?active_status=active&ad_type=all&country=US&media_type=all&q=adhesive%20shower%20caddy&search_type=keyword_unordered,2026-10-04,mcp__Firecrawl__firecrawl_scrape,https://www.facebook.com/ads/library/?active_status=active&ad_type=all&country=US&media_type=all&q=adhesive%20shower%20caddy&search_type=keyword_unordered,freeform,MESURÉ,ok,,comp-3
E0006,P1,adhesive-shower-caddy-set,Étagère de douche adhésive sans perçage,Adhesive no-drill shower caddy set,maison-rangement,VALIDE,DO,O,meta_us_relevant_ads,10,ads among first 20 cards,"Sharon Recommends, Started running on Oct 1, 2026, Library ID: 1627472045447202, itsblossom.com, 7-pack adhesive shower caddy set with rust-proof stainless steel construction",n/a,https://www.facebook.com/ads/library/?active_status=active&ad_type=all&country=US&media_type=all&q=adhesive%20shower%20caddy&search_type=keyword_unordered,2026-10-04,mcp__Firecrawl__firecrawl_scrape,https://www.facebook.com/ads/library/?active_status=active&ad_type=all&country=US&media_type=all&q=adhesive%20shower%20caddy&search_type=keyword_unordered,freeform,ESTIMATION,ok,,comp-3
E0007,P1,adhesive-shower-caddy-set,Étagère de douche adhésive sans perçage,Adhesive no-drill shower caddy set,maison-rangement,VALIDE,DO,O,meta_us_ad,433,days since launch,"Konsilee, Started running on Jul 28, 2025, Library ID: 1559474548359425, konsilee.com.au, Shower Caddy",1559474548359425,https://www.facebook.com/ads/library/?active_status=active&ad_type=all&country=US&media_type=all&q=adhesive%20shower%20caddy&search_type=keyword_unordered,2026-10-04,mcp__Firecrawl__firecrawl_scrape,https://www.facebook.com/ads/library/?active_status=active&ad_type=all&country=US&media_type=all&q=adhesive%20shower%20caddy&search_type=keyword_unordered,freeform,MESURÉ,ok,,comp-3
E0008,P1,ai-translation-earbuds,Écouteurs traducteurs instantanés,AI real-time translation earbuds,bureau-tech,VALIDE,DO,D,amazon_us_rank,13,rang,"13. AI Translation Earbuds Real Time, No Subscription 198 Languages Translator",B0HFBZ8F2P,https://www.amazon.com/gp/new-releases/office-products/,2026-10-04,mcp__Firecrawl__firecrawl_scrape,https://www.amazon.com/gp/new-releases/office-products/,freeform,MESURÉ,ok,,amz-C#1
E0009,P1,ai-translation-earbuds,Écouteurs traducteurs instantanés,AI real-time translation earbuds,bureau-tech,VALIDE,DO,D,amazon_us_ratings,123,avis,"Bluetooth 6.1 Translating Headphones with Charging Case for Travel Meeting, $39.99, 123, B0HFBZ8F2P",B0HFBZ8F2P,https://www.amazon.com/gp/new-releases/office-products/,2026-10-04,mcp__Firecrawl__firecrawl_scrape,https://www.amazon.com/gp/new-releases/office-products/,freeform,MESURÉ,ok,,amz-C#1
E0010,P1,ai-translation-earbuds,Écouteurs traducteurs instantanés,AI real-time translation earbuds,bureau-tech,VALIDE,DO,D,amazon_us_rank,5,rang,05. TAGRY AI Translation Earbuds Real Time 164 Languages 80H Playtime Translator Ear Buds,B0HCV1J92G,https://www.amazon.com/gp/new-releases/office-products/,2026-10-04,mcp__Firecrawl__firecrawl_scrape,https://www.amazon.com/gp/new-releases/office-products/,freeform,MESURÉ,ok,,amz-C#1
E0011,P1,ai-translation-earbuds,Écouteurs traducteurs instantanés,AI real-time translation earbuds,bureau-tech,VALIDE,DO,D,amazon_us_ratings,1096,avis,"Wireless Earphones Bluetooth AI Headphone for Travel Meeting Learning K08, $99.99, 1,096, B0HCV1J92G",B0HCV1J92G,https://www.amazon.com/gp/new-releases/office-products/,2026-10-04,mcp__Firecrawl__firecrawl_scrape,https://www.amazon.com/gp/new-releases/office-products/,freeform,MESURÉ,ok,,amz-C#1
E0012,P1,ai-translation-earbuds,Écouteurs traducteurs instantanés,AI real-time translation earbuds,bureau-tech,VALIDE,DO,O,meta_us_results,1000,results,"~1,000 results",n/a,https://www.facebook.com/ads/library/?active_status=active&ad_type=all&country=US&media_type=all&q=translation%20earbuds&search_type=keyword_unordered,2026-10-04,mcp__Firecrawl__firecrawl_scrape,https://www.facebook.com/ads/library/?active_status=active&ad_type=all&country=US&media_type=all&q=translation%20earbuds&search_type=keyword_unordered,freeform,MESURÉ,ok,,comp-5
E0013,P1,ai-translation-earbuds,Écouteurs traducteurs instantanés,AI real-time translation earbuds,bureau-tech,VALIDE,DO,O,meta_us_relevant_ads,7,ads out of first 20,"8. Aviorra, Sep 21, 2026, 1080602281351895, aviorra.com, AI Translator Earbuds",n/a,https://www.facebook.com/ads/library/?active_status=active&ad_type=all&country=US&media_type=all&q=translation%20earbuds&search_type=keyword_unordered,2026-10-04,mcp__Firecrawl__firecrawl_scrape,https://www.facebook.com/ads/library/?active_status=active&ad_type=all&country=US&media_type=all&q=translation%20earbuds&search_type=keyword_unordered,freeform,ESTIMATION,ok,,comp-5
E0014,P1,ai-translation-earbuds,Écouteurs traducteurs instantanés,AI real-time translation earbuds,bureau-tech,VALIDE,DO,O,meta_us_ad,527,days since start,"1. Aviorra, Apr 25, 2025, 1764170174451179, aviorra.com, AI Translator Earbuds",1764170174451179,https://www.facebook.com/ads/library/?active_status=active&ad_type=all&country=US&media_type=all&q=translation%20earbuds&search_type=keyword_unordered,2026-10-04,mcp__Firecrawl__firecrawl_scrape,https://www.facebook.com/ads/library/?active_status=active&ad_type=all&country=US&media_type=all&q=translation%20earbuds&search_type=keyword_unordered,freeform,MESURÉ,ok,,comp-5
E0015,P1,automatic-moving-cat-toy,Jouet automatique pour chat qui se déplace seul,Automatic self-moving interactive cat toy,animaux,VALIDE,DO,D,trends_us_rising,170,% hausse 3 mois,cat toy that moves on its own : +170%,n/a,https://trends.firecrawl.dev/explore?q=cat+toy+that+moves+on+its+own&date=today+3-m&geo=US,2026-10-04,firecrawl_scrape alexandria,firecrawl-trends trends/related_queries keyword=cat toy geo=US time=today 3-m,alexandria,MESURÉ,ok,,trends#6
E0016,P1,automatic-moving-cat-toy,Jouet automatique pour chat qui se déplace seul,Automatic self-moving interactive cat toy,animaux,VALIDE,DO,D,trends_us_rising,100,% hausse 3 mois,best interactive cat toys : +100%,n/a,https://trends.firecrawl.dev/explore?q=best+interactive+cat+toys&date=today+3-m&geo=US,2026-10-04,firecrawl_scrape alexandria,firecrawl-trends trends/related_queries keyword=interactive cat toy geo=US time=today 3-m,alexandria,MESURÉ,ok,,trends#6
E0017,P1,automatic-moving-cat-toy,Jouet automatique pour chat qui se déplace seul,Automatic self-moving interactive cat toy,animaux,VALIDE,DO,O,meta_us_results,180,"active ads (US, keyword)",~180 results,n/a,https://www.facebook.com/ads/library/?active_status=active&ad_type=all&country=US&media_type=all&q=automatic%20cat%20toy&search_type=keyword_unordered,2026-10-04,mcp__Firecrawl__firecrawl_scrape,https://www.facebook.com/ads/library/?active_status=active&ad_type=all&country=US&media_type=all&q=automatic%20cat%20toy&search_type=keyword_unordered,freeform,MESURÉ,ok,,comp-3
E0018,P1,automatic-moving-cat-toy,Jouet automatique pour chat qui se déplace seul,Automatic self-moving interactive cat toy,animaux,VALIDE,DO,O,meta_us_relevant_ads,11,ads among first 20 cards,"Paw-Friend, Started running on Aug 2, 2026, Library ID: 3665247743630589, paw-friend.com, Automatic Teaser Toy",n/a,https://www.facebook.com/ads/library/?active_status=active&ad_type=all&country=US&media_type=all&q=automatic%20cat%20toy&search_type=keyword_unordered,2026-10-04,mcp__Firecrawl__firecrawl_scrape,https://www.facebook.com/ads/library/?active_status=active&ad_type=all&country=US&media_type=all&q=automatic%20cat%20toy&search_type=keyword_unordered,freeform,ESTIMATION,ok,,comp-3
E0019,P1,automatic-moving-cat-toy,Jouet automatique pour chat qui se déplace seul,Automatic self-moving interactive cat toy,animaux,VALIDE,DO,O,meta_us_ad,157,days since launch,"Kidsmegaworld, Started running on Apr 30, 2026, Library ID: 1761028601556801, happy-luna.com, Interactive Cat Chase Toy",1761028601556801,https://www.facebook.com/ads/library/?active_status=active&ad_type=all&country=US&media_type=all&q=automatic%20cat%20toy&search_type=keyword_unordered,2026-10-04,mcp__Firecrawl__firecrawl_scrape,https://www.facebook.com/ads/library/?active_status=active&ad_type=all&country=US&media_type=all&q=automatic%20cat%20toy&search_type=keyword_unordered,freeform,MESURÉ,ok,,comp-3
E0020,P1,bluetooth-label-maker,Étiqueteuse Bluetooth portable,Portable Bluetooth label maker,maison-rangement,VALIDE,DO,O,meta_us_ad,17,jours,"14. Emboadlie.hd09
Started running on Sep 17, 2026
Library ID: 1612370970550496
www.wordmindglow.com
Portable Bluetooth Label Maker",1612370970550496,https://www.facebook.com/ads/library/?active_status=active&ad_type=all&country=US&media_type=all&q=mini%20portable%20thermal%20printer&search_type=keyword_unordered,2026-10-04,mcp__Firecrawl__firecrawl_scrape,mini portable thermal printer,freeform,MESURÉ,ok,,r2-4#1
E0021,P1,bluetooth-label-maker,Étiqueteuse Bluetooth portable,Portable Bluetooth label maker,maison-rangement,VALIDE,DO,O,meta_us_ad,17,jours,"16. Benighty.EN10
Started running on Sep 17, 2026
Library ID: 28393994393627646
www.wordmindglow.com
Portable Bluetooth Label Maker",28393994393627646,https://www.facebook.com/ads/library/?active_status=active&ad_type=all&country=US&media_type=all&q=mini%20portable%20thermal%20printer&search_type=keyword_unordered,2026-10-04,mcp__Firecrawl__firecrawl_scrape,mini portable thermal printer,freeform,MESURÉ,ok,,r2-4#1
E0022,P1,bluetooth-label-maker,Étiqueteuse Bluetooth portable,Portable Bluetooth label maker,maison-rangement,VALIDE,DO,O,meta_us_ad,4,jours,"13. Continuoustive·b
Started running on Sep 30, 2026
Library ID: 1820368185621495
www.dailygote.com
Portable Bluetooth Label Maker",1820368185621495,https://www.facebook.com/ads/library/?active_status=active&ad_type=all&country=US&media_type=all&q=mini%20portable%20thermal%20printer&search_type=keyword_unordered,2026-10-04,mcp__Firecrawl__firecrawl_scrape,mini portable thermal printer,freeform,MESURÉ,ok,,r2-4#1
E0023,P1,bluetooth-label-maker,Étiqueteuse Bluetooth portable,Portable Bluetooth label maker,maison-rangement,VALIDE,DO,D,amazon_us_ratings,24500,ratings (displayed 24.5K),"1. Nelko P21 Label Maker Machine with Tape, Bluetooth Label Printer, Black
$16.99
24.5K",B0CHJR142G,https://www.amazon.com/s?k=bluetooth+label+maker,2026-10-04,mcp__Firecrawl__firecrawl_scrape,https://www.amazon.com/s?k=bluetooth+label+maker,freeform,MESURÉ,ok,,comp2-2
E0024,P1,bluetooth-label-maker,Étiqueteuse Bluetooth portable,Portable Bluetooth label maker,maison-rangement,VALIDE,DO,D,amazon_us_bought_past_month,8000,units (badge 8K+),"24.5K
8K+ bought in past month
B0CHJR142G",B0CHJR142G,https://www.amazon.com/s?k=bluetooth+label+maker,2026-10-04,mcp__Firecrawl__firecrawl_scrape,https://www.amazon.com/s?k=bluetooth+label+maker,freeform,MESURÉ,ok,,comp2-2
E0025,P1,butter-slicer-dispenser,Trancheur à beurre,Butter slicer dispenser,cuisine,VALIDE,DO,O,meta_us_ad,151,jours,"Elnaz Hamai Home Hacks
Started running on May 6, 2026
Library ID: 961410519852885
socialiqdealsnow.com
butter slicer gadget",961410519852885,https://www.facebook.com/ads/library/?active_status=active&ad_type=all&country=US&media_type=all&q=game%20changer%20kitchen&search_type=keyword_unordered,2026-10-04,mcp__Firecrawl__firecrawl_scrape,game changer kitchen,freeform,MESURÉ,ok,,meta-A#0
E0026,P1,butter-slicer-dispenser,Trancheur à beurre,Butter slicer dispenser,cuisine,VALIDE,DO,D,amazon_us_ratings,1000,ratings,"8. KitchenArt 32000 Buttermate Butter Cutter Slicer, Measuring Dispenser and Keeper, 
$14.99
1K",B00020O3YC,https://www.amazon.com/s?k=butter+slicer,2026-10-04,mcp__Firecrawl__firecrawl_scrape,https://www.amazon.com/s?k=butter+slicer,freeform,MESURÉ,ok,,comp-5
E0027,P1,butter-slicer-dispenser,Trancheur à beurre,Butter slicer dispenser,cuisine,VALIDE,DO,D,amazon_us_bought_past_month,600,units/month (lower bound),"600+ bought in past month
B00020O3YC",B00020O3YC,https://www.amazon.com/s?k=butter+slicer,2026-10-04,mcp__Firecrawl__firecrawl_scrape,https://www.amazon.com/s?k=butter+slicer,freeform,MESURÉ,ok,,comp-5
E0028,P1,butter-slicer-dispenser,Trancheur à beurre,Butter slicer dispenser,cuisine,VALIDE,DO,D,amazon_us_bought_past_month,200,units/month (lower bound),"14. xyadyhz Butter Slicer and Dispenser, Adjustable Cutter for Stick Butter, White
$11.99
68
200+ bought in past month
B0GT8PM3SJ",B0GT8PM3SJ,https://www.amazon.com/s?k=butter+slicer,2026-10-04,mcp__Firecrawl__firecrawl_scrape,https://www.amazon.com/s?k=butter+slicer,freeform,MESURÉ,ok,,comp-5
E0029,P1,cordless-heated-neck-shoulder-kneading-massager,Masseur cou et épaules chauffant à pétrissage sans fil,Cordless 4D heated neck and shoulder kneading massager,bien-etre-non-medical,"VALIDE → ÉLIMINÉ : étage 2 : ROAS seuil 1.95 > 1,8",DO,O,meta_us_ad,276,jours,"14. Trivaze, Started running on Jan 1, 2026, Library ID: 1704904250348851, www.trivaze.com, at-home solution that mimics real therapist hands",1704904250348851,https://www.facebook.com/ads/library/?active_status=active&ad_type=all&country=US&media_type=all&q=heated%20neck%20shoulder%20massager&search_type=keyword_unordered,2026-10-04,mcp__Firecrawl__firecrawl_scrape,heated neck shoulder massager,freeform,MESURÉ,ok,,r2-1#4
E0030,P1,cordless-heated-neck-shoulder-kneading-massager,Masseur cou et épaules chauffant à pétrissage sans fil,Cordless 4D heated neck and shoulder kneading massager,bien-etre-non-medical,"VALIDE → ÉLIMINÉ : étage 2 : ROAS seuil 1.95 > 1,8",DO,O,meta_us_ad,10,jours,"16. Silent Example, Started running on Sep 24, 2026, Library ID: 1738993170495625, styleorbit-1.myshopify.com, Bionic Heated Massager",1738993170495625,https://www.facebook.com/ads/library/?active_status=active&ad_type=all&country=US&media_type=all&q=heated%20neck%20shoulder%20massager&search_type=keyword_unordered,2026-10-04,mcp__Firecrawl__firecrawl_scrape,heated neck shoulder massager,freeform,MESURÉ,ok,,r2-1#4
E0031,P1,cordless-heated-neck-shoulder-kneading-massager,Masseur cou et épaules chauffant à pétrissage sans fil,Cordless 4D heated neck and shoulder kneading massager,bien-etre-non-medical,"VALIDE → ÉLIMINÉ : étage 2 : ROAS seuil 1.95 > 1,8",DO,O,meta_us_ad,5,jours,"15. New Golden Sky limited, Started running on Sep 29, 2026, Library ID: 1362587295946800, purewearspace.com, Cordless 4D Bionic Massager",1362587295946800,https://www.facebook.com/ads/library/?active_status=active&ad_type=all&country=US&media_type=all&q=heated%20neck%20shoulder%20massager&search_type=keyword_unordered,2026-10-04,mcp__Firecrawl__firecrawl_scrape,heated neck shoulder massager,freeform,MESURÉ,ok,,r2-1#4
E0032,P1,cordless-heated-neck-shoulder-kneading-massager,Masseur cou et épaules chauffant à pétrissage sans fil,Cordless 4D heated neck and shoulder kneading massager,bien-etre-non-medical,"VALIDE → ÉLIMINÉ : étage 2 : ROAS seuil 1.95 > 1,8",DO,O,meta_us_ad,135,jours,"18. Bosidin.ae, Started running on May 22, 2026, Library ID: 962400439759944, a.co, 4D Kneaded Massager, Portable Shiatsu Shoulder and Back Massager",962400439759944,https://www.facebook.com/ads/library/?active_status=active&ad_type=all&country=US&media_type=all&q=heated%20neck%20shoulder%20massager&search_type=keyword_unordered,2026-10-04,mcp__Firecrawl__firecrawl_scrape,heated neck shoulder massager,freeform,MESURÉ,ok,,r2-1#4
E0033,P1,cordless-heated-neck-shoulder-kneading-massager,Masseur cou et épaules chauffant à pétrissage sans fil,Cordless 4D heated neck and shoulder kneading massager,bien-etre-non-medical,"VALIDE → ÉLIMINÉ : étage 2 : ROAS seuil 1.95 > 1,8",DO,D,amazon_us_ratings,5200,ratings (displayed as 5.2K),"1. COMFIER Cordless Neck and Shoulder Massager with Heat, Wearable 4D Shiatsu Deep Ti
$49.99
(5.2K)
1K+ bought in past month
B0CZLDT54F",B0CZLDT54F,https://www.amazon.com/s?k=neck+and+shoulder+kneading+massager,2026-10-04,mcp__Firecrawl__firecrawl_scrape,https://www.amazon.com/s?k=neck+and+shoulder+kneading+massager,freeform,ESTIMATION,ok,,comp2-1
E0034,P1,cordless-heated-neck-shoulder-kneading-massager,Masseur cou et épaules chauffant à pétrissage sans fil,Cordless 4D heated neck and shoulder kneading massager,bien-etre-non-medical,"VALIDE → ÉLIMINÉ : étage 2 : ROAS seuil 1.95 > 1,8",DO,D,amazon_us_bought_past_month,1000,units (badge 1K+),"1K+ bought in past month
B0CZLDT54F",B0CZLDT54F,https://www.amazon.com/s?k=neck+and+shoulder+kneading+massager,2026-10-04,mcp__Firecrawl__firecrawl_scrape,https://www.amazon.com/s?k=neck+and+shoulder+kneading+massager,freeform,MESURÉ,ok,,comp2-1
E0035,P1,engraved-leather-bracelet-men,Bracelet homme en cuir gravé avec message,Engraved message leather bracelet for men,cadeau-lifestyle,VALIDE,DO,O,meta_us_ad,109,jours,"Cherish These, Started running on Jun 17, 2026, Library ID: 1335186535479801, cherishthese.com, genuine leather bracelet",1335186535479801,https://www.facebook.com/ads/library/?active_status=active&ad_type=all&country=US&media_type=all&q=perfect%20gift%20for%20him&search_type=keyword_unordered,2026-10-04,mcp__Firecrawl__firecrawl_scrape,perfect gift for him,freeform,MESURÉ,ok,,meta-C#3
E0036,P1,engraved-leather-bracelet-men,Bracelet homme en cuir gravé avec message,Engraved message leather bracelet for men,cadeau-lifestyle,VALIDE,DO,O,meta_us_ad,111,jours,"Cherish These, Started running on Jun 15, 2026, Library ID: 1446107257546440, cherishthese.com, bracelet",1446107257546440,https://www.facebook.com/ads/library/?active_status=active&ad_type=all&country=US&media_type=all&q=perfect%20gift%20for%20him&search_type=keyword_unordered,2026-10-04,mcp__Firecrawl__firecrawl_scrape,perfect gift for him,freeform,MESURÉ,ok,,meta-C#3
E0037,P1,engraved-leather-bracelet-men,Bracelet homme en cuir gravé avec message,Engraved message leather bracelet for men,cadeau-lifestyle,VALIDE,DO,O,meta_us_ad,96,jours,"Cherish These, Started running on Jun 30, 2026, Library ID: 4462785610716932, cherishthese.com, bracelet",4462785610716932,https://www.facebook.com/ads/library/?active_status=active&ad_type=all&country=US&media_type=all&q=perfect%20gift%20for%20him&search_type=keyword_unordered,2026-10-04,mcp__Firecrawl__firecrawl_scrape,perfect gift for him,freeform,MESURÉ,ok,,meta-C#3
E0038,P1,engraved-leather-bracelet-men,Bracelet homme en cuir gravé avec message,Engraved message leather bracelet for men,cadeau-lifestyle,VALIDE,DO,O,meta_us_ad,170,jours,"Charmlry, Started running on Apr 17, 2026, Library ID: 4283663761899838, charmlry.com, custom monogram bracelet",4283663761899838,https://www.facebook.com/ads/library/?active_status=active&ad_type=all&country=US&media_type=all&q=perfect%20gift%20for%20him&search_type=keyword_unordered,2026-10-04,mcp__Firecrawl__firecrawl_scrape,perfect gift for him,freeform,MESURÉ,ok,,meta-C#3
E0039,P1,engraved-leather-bracelet-men,Bracelet homme en cuir gravé avec message,Engraved message leather bracelet for men,cadeau-lifestyle,VALIDE,DO,D,amazon_us_ratings,55,ratings,6. Custom Name Bracelet with 1-6 Names Personalized Braided Leather engraved Bracelets for Men ... | $16.99 | (55) | 100+ bought in past month | B0FWRTZFKX,B0FWRTZFKX,https://www.amazon.com/s?k=engraved+bracelet+for+men,2026-10-04,mcp__Firecrawl__firecrawl_scrape,https://www.amazon.com/s?k=engraved+bracelet+for+men,freeform,MESURÉ,ok,,comp-3
E0040,P1,engraved-leather-bracelet-men,Bracelet homme en cuir gravé avec message,Engraved message leather bracelet for men,cadeau-lifestyle,VALIDE,DO,D,amazon_us_bought_past_month,100,units/month (badge lower bound),| $16.99 | (55) | 100+ bought in past month | B0FWRTZFKX,B0FWRTZFKX,https://www.amazon.com/s?k=engraved+bracelet+for+men,2026-10-04,mcp__Firecrawl__firecrawl_scrape,https://www.amazon.com/s?k=engraved+bracelet+for+men,freeform,MESURÉ,ok,,comp-3
E0041,P1,engraved-leather-bracelet-men,Bracelet homme en cuir gravé avec message,Engraved message leather bracelet for men,cadeau-lifestyle,VALIDE,DO,D,amazon_us_ratings,7800,ratings (other listing),7. Mens Bracelet Personalized Custom Bracelets for Men Leather Engraved Bracelet Gift ... | $9.99 | (7.8K) | 100+ bought in past month | B084YVXPH8,B084YVXPH8,https://www.amazon.com/s?k=engraved+bracelet+for+men,2026-10-04,mcp__Firecrawl__firecrawl_scrape,https://www.amazon.com/s?k=engraved+bracelet+for+men,freeform,MESURÉ,ok,,comp-3
E0042,P1,expandable-over-sink-dish-rack,Égouttoir à vaisselle extensible sur évier,Expandable in-sink stainless steel dish drying rack,cuisine,VALIDE,DO,D,amazon_us_rank,23,rang,"23. Simple Trending Adjustable Dish Drying Rack in Sink with Utensil Holde | Stainless Steel Dish Rack in Sink Over Sink, Expanda, $21.99, _4.6 out of 5 stars_ 177, B0HGM1GGTR",B0HGM1GGTR,https://www.amazon.com/gp/new-releases/kitchen/,2026-10-04,mcp__Firecrawl__firecrawl_scrape,https://www.amazon.com/gp/new-releases/kitchen/,freeform,MESURÉ,ok,,amz-A#4
E0043,P1,expandable-over-sink-dish-rack,Égouttoir à vaisselle extensible sur évier,Expandable in-sink stainless steel dish drying rack,cuisine,VALIDE,DO,D,amazon_us_ratings,177,avis,"23. Simple Trending Adjustable Dish Drying Rack in Sink with Utensil Holde | Stainless Steel Dish Rack in Sink Over Sink, Expanda, $21.99, _4.6 out of 5 stars_ 177, B0HGM1GGTR",B0HGM1GGTR,https://www.amazon.com/gp/new-releases/kitchen/,2026-10-04,mcp__Firecrawl__firecrawl_scrape,https://www.amazon.com/gp/new-releases/kitchen/,freeform,MESURÉ,ok,,amz-A#4
E0044,P1,expandable-over-sink-dish-rack,Égouttoir à vaisselle extensible sur évier,Expandable in-sink stainless steel dish drying rack,cuisine,VALIDE,DO,O,meta_us_results,510,results,~510 results,n/a,https://www.facebook.com/ads/library/?active_status=active&ad_type=all&country=US&media_type=all&q=expandable%20dish%20rack%20over%20sink&search_type=keyword_unordered,2026-10-04,mcp__Firecrawl__firecrawl_scrape,https://www.facebook.com/ads/library/?active_status=active&ad_type=all&country=US&media_type=all&q=expandable%20dish%20rack%20over%20sink&search_type=keyword_unordered,freeform,MESURÉ,ok,,comp-1
E0045,P1,expandable-over-sink-dish-rack,Égouttoir à vaisselle extensible sur évier,Expandable in-sink stainless steel dish drying rack,cuisine,VALIDE,DO,O,meta_us_relevant_ads,19,ads among first 20 cards,"5. Blanceresem.RE04
Started running on Oct 2, 2026
Library ID: 2195530088512321
WWW.ZENBLUX.COM
expandable stainless steel over-the-sink dish drying rack",n/a,https://www.facebook.com/ads/library/?active_status=active&ad_type=all&country=US&media_type=all&q=expandable%20dish%20rack%20over%20sink&search_type=keyword_unordered,2026-10-04,mcp__Firecrawl__firecrawl_scrape,https://www.facebook.com/ads/library/?active_status=active&ad_type=all&country=US&media_type=all&q=expandable%20dish%20rack%20over%20sink&search_type=keyword_unordered,freeform,MESURÉ,ok,,comp-1
E0046,P1,expandable-over-sink-dish-rack,Égouttoir à vaisselle extensible sur évier,Expandable in-sink stainless steel dish drying rack,cuisine,VALIDE,DO,O,meta_us_ad,47,days since start,"3. Voalsz shop
Started running on Aug 18, 2026
Library ID: 1091303426671466
VOALSZ.COM
telescopic rack",1091303426671466,https://www.facebook.com/ads/library/?active_status=active&ad_type=all&country=US&media_type=all&q=expandable%20dish%20rack%20over%20sink&search_type=keyword_unordered,2026-10-04,mcp__Firecrawl__firecrawl_scrape,https://www.facebook.com/ads/library/?active_status=active&ad_type=all&country=US&media_type=all&q=expandable%20dish%20rack%20over%20sink&search_type=keyword_unordered,freeform,MESURÉ,ok,,comp-1
E0047,P1,flapping-bird-cat-toy,Jouet oiseau qui bat des ailes pour chat,Interactive flapping bird cat toy,animaux,VALIDE,DO,D,trends_us_rising,300,% hausse 3 mois,flappy bird cat toy : +300%,n/a,https://trends.firecrawl.dev/explore?q=flappy+bird+cat+toy&date=today+3-m&geo=US,2026-10-04,firecrawl_scrape alexandria,firecrawl-trends trends/related_queries keyword=cat toy geo=US time=today 3-m,alexandria,MESURÉ,ok,,trends#5
E0048,P1,flapping-bird-cat-toy,Jouet oiseau qui bat des ailes pour chat,Interactive flapping bird cat toy,animaux,VALIDE,DO,O,meta_us_results,15,"active ads (US, keyword)",~15 results,n/a,https://www.facebook.com/ads/library/?active_status=active&ad_type=all&country=US&media_type=all&q=flapping%20bird%20cat%20toy&search_type=keyword_unordered,2026-10-04,mcp__Firecrawl__firecrawl_scrape,https://www.facebook.com/ads/library/?active_status=active&ad_type=all&country=US&media_type=all&q=flapping%20bird%20cat%20toy&search_type=keyword_unordered,freeform,MESURÉ,ok,,comp-3
E0049,P1,flapping-bird-cat-toy,Jouet oiseau qui bat des ailes pour chat,Interactive flapping bird cat toy,animaux,VALIDE,DO,O,meta_us_relevant_ads,2,ads among first 14 cards,"Flutter flaps its wings and chirps when your cat touches or bites it. / our lifelike bird toy! 🐦 With flapping wings, realistic chirping, and motion-activated fun",n/a,https://www.facebook.com/ads/library/?active_status=active&ad_type=all&country=US&media_type=all&q=flapping%20bird%20cat%20toy&search_type=keyword_unordered,2026-10-04,mcp__Firecrawl__firecrawl_scrape,https://www.facebook.com/ads/library/?active_status=active&ad_type=all&country=US&media_type=all&q=flapping%20bird%20cat%20toy&search_type=keyword_unordered,markdown,ESTIMATION,ok,,comp-3
E0050,P1,flapping-bird-cat-toy,Jouet oiseau qui bat des ailes pour chat,Interactive flapping bird cat toy,animaux,VALIDE,DO,O,meta_us_ad,5,days since launch,"Library ID: 3070306366654185 Started running on Sep 29, 2026 ... Beforehatched-Shop ... Interactive Cat Bird Toy: Perfect for Your Feline Friend",3070306366654185,https://www.facebook.com/ads/library/?active_status=active&ad_type=all&country=US&media_type=all&q=flapping%20bird%20cat%20toy&search_type=keyword_unordered,2026-10-04,mcp__Firecrawl__firecrawl_scrape,https://www.facebook.com/ads/library/?active_status=active&ad_type=all&country=US&media_type=all&q=flapping%20bird%20cat%20toy&search_type=keyword_unordered,markdown,MESURÉ,ok,,comp-3
E0051,P1,latte-art-stencil-camera,Pochoir latte art « appareil photo » pour café,Manual latte art camera coffee stencil,cadeau-lifestyle,VALIDE,DO,D,amazon_us_rank,27,rang,"27. 3D Printed Latte Art Camera, Manual Coffee Printer with 4 Coffee Stencils and 2 Mesh Filters, Mechanical Powder Art Maker for, $13.99, _4.0 out of 5 stars_ 3, B0HHWPCZB6",B0HHWPCZB6,https://www.amazon.com/gp/new-releases/kitchen/,2026-10-04,mcp__Firecrawl__firecrawl_scrape,https://www.amazon.com/gp/new-releases/kitchen/,freeform,MESURÉ,ok,,amz-A#5
E0052,P1,latte-art-stencil-camera,Pochoir latte art « appareil photo » pour café,Manual latte art camera coffee stencil,cadeau-lifestyle,VALIDE,DO,D,amazon_us_ratings,3,avis,"27. 3D Printed Latte Art Camera, Manual Coffee Printer with 4 Coffee Stencils and 2 Mesh Filters, Mechanical Powder Art Maker for, $13.99, _4.0 out of 5 stars_ 3, B0HHWPCZB6",B0HHWPCZB6,https://www.amazon.com/gp/new-releases/kitchen/,2026-10-04,mcp__Firecrawl__firecrawl_scrape,https://www.amazon.com/gp/new-releases/kitchen/,freeform,MESURÉ,ok,,amz-A#5
E0053,P1,latte-art-stencil-camera,Pochoir latte art « appareil photo » pour café,Manual latte art camera coffee stencil,cadeau-lifestyle,VALIDE,DO,O,meta_us_results,37,results,~37 results,n/a,https://www.facebook.com/ads/library/?active_status=active&ad_type=all&country=US&media_type=all&q=latte%20art%20stencil%20camera&search_type=keyword_unordered,2026-10-04,mcp__Firecrawl__firecrawl_scrape,https://www.facebook.com/ads/library/?active_status=active&ad_type=all&country=US&media_type=all&q=latte%20art%20stencil%20camera&search_type=keyword_unordered,freeform,MESURÉ,ok,,comp-1
E0054,P1,latte-art-stencil-camera,Pochoir latte art « appareil photo » pour café,Manual latte art camera coffee stencil,cadeau-lifestyle,VALIDE,DO,O,meta_us_relevant_ads,11,ads among first 17 cards rendered,"1. Page name: Nattitudem
Started running on: Sep 28, 2026
Library ID: 2105634936710451
6 ads use this creative and text",n/a,https://www.facebook.com/ads/library/?active_status=active&ad_type=all&country=US&media_type=all&q=latte%20art%20stencil%20camera&search_type=keyword_unordered,2026-10-04,mcp__Firecrawl__firecrawl_scrape,https://www.facebook.com/ads/library/?active_status=active&ad_type=all&country=US&media_type=all&q=latte%20art%20stencil%20camera&search_type=keyword_unordered,freeform,MESURÉ,ok,,comp-1
E0055,P1,latte-art-stencil-camera,Pochoir latte art « appareil photo » pour café,Manual latte art camera coffee stencil,cadeau-lifestyle,VALIDE,DO,O,meta_us_ad,10,days since start,"2. Page name: Vofatiponal
Started running on: Sep 24, 2026
Library ID: 2153614638864898
3 ads use this creative and text",2153614638864898,https://www.facebook.com/ads/library/?active_status=active&ad_type=all&country=US&media_type=all&q=latte%20art%20stencil%20camera&search_type=keyword_unordered,2026-10-04,mcp__Firecrawl__firecrawl_scrape,https://www.facebook.com/ads/library/?active_status=active&ad_type=all&country=US&media_type=all&q=latte%20art%20stencil%20camera&search_type=keyword_unordered,freeform,MESURÉ,ok,,comp-1
E0056,P1,magnetic-double-sided-windshield-cleaner,Nettoyeur magnétique double face pour vitres de voiture,Dual magnetic double-sided car windshield cleaner,auto-voyage,VALIDE,DO,D,amazon_us_rank,5,rang,"05. GIRLDREN Dual Magnetic Car Windshield Cleaner, Dual Side Car Glass Cleanerm Double Sided, Streak-Free, Car Windshields & Glass, Keep Your Windshield Clear During Daily Drives, Road Trips, $29.97, 1",B0HJR29DJD,https://www.amazon.com/gp/new-releases/automotive/,2026-10-04,mcp__Firecrawl__firecrawl_scrape,https://www.amazon.com/gp/new-releases/automotive/,freeform,MESURÉ,ok,,amz-B#0
E0057,P1,magnetic-double-sided-windshield-cleaner,Nettoyeur magnétique double face pour vitres de voiture,Dual magnetic double-sided car windshield cleaner,auto-voyage,VALIDE,DO,D,amazon_us_ratings,1,avis,"Keep Your Windshield Clear During Daily Drives, Road Trips, $29.97, 1, B0HJR29DJD",B0HJR29DJD,https://www.amazon.com/gp/new-releases/automotive/,2026-10-04,mcp__Firecrawl__firecrawl_scrape,https://www.amazon.com/gp/new-releases/automotive/,freeform,MESURÉ,ok,,amz-B#0
E0058,P1,magnetic-double-sided-windshield-cleaner,Nettoyeur magnétique double face pour vitres de voiture,Dual magnetic double-sided car windshield cleaner,auto-voyage,VALIDE,DO,D,amazon_us_rank,10,rang,"10. Dual Magnetic Car Windshield Cleaner Auto Glass Cleaning Kit | Double Sided, Streak-Free, Car Windshields & Glass, $14.99, B0HJG7H8HP",B0HJG7H8HP,https://www.amazon.com/gp/new-releases/automotive/,2026-10-04,mcp__Firecrawl__firecrawl_scrape,https://www.amazon.com/gp/new-releases/automotive/,freeform,MESURÉ,ok,,amz-B#0
E0059,P1,magnetic-double-sided-windshield-cleaner,Nettoyeur magnétique double face pour vitres de voiture,Dual magnetic double-sided car windshield cleaner,auto-voyage,VALIDE,DO,D,amazon_us_rank,18,rang,"18. NLWF Double Sided Magnetic Car Windshield Cleaner Tool with Extension Handle and Reusable Microfiber Pads for Interior and Exterior Auto Glass (1PC), $17.99, 3, B0HKFRDXQY",B0HKFRDXQY,https://www.amazon.com/gp/new-releases/automotive/,2026-10-04,mcp__Firecrawl__firecrawl_scrape,https://www.amazon.com/gp/new-releases/automotive/,freeform,MESURÉ,ok,,amz-B#0
E0060,P1,magnetic-double-sided-windshield-cleaner,Nettoyeur magnétique double face pour vitres de voiture,Dual magnetic double-sided car windshield cleaner,auto-voyage,VALIDE,DO,O,meta_us_results,660,results,~660 results,n/a,https://www.facebook.com/ads/library/?active_status=active&ad_type=all&country=US&media_type=all&q=magnetic%20windshield%20cleaner&search_type=keyword_unordered,2026-10-04,mcp__Firecrawl__firecrawl_scrape,https://www.facebook.com/ads/library/?active_status=active&ad_type=all&country=US&media_type=all&q=magnetic%20windshield%20cleaner&search_type=keyword_unordered,freeform,MESURÉ,ok,,comp-2
E0061,P1,magnetic-double-sided-windshield-cleaner,Nettoyeur magnétique double face pour vitres de voiture,Dual magnetic double-sided car windshield cleaner,auto-voyage,VALIDE,DO,O,meta_us_relevant_ads,19,ads out of first 20,"Page name: Kaedynn
Started running on: Sep 20, 2026
Library ID: 2541084636392986
Landing domain: m.sakerplus.com
Product: Double-sided magnetic windshield cleaning kit",n/a,https://www.facebook.com/ads/library/?active_status=active&ad_type=all&country=US&media_type=all&q=magnetic%20windshield%20cleaner&search_type=keyword_unordered,2026-10-04,mcp__Firecrawl__firecrawl_scrape,https://www.facebook.com/ads/library/?active_status=active&ad_type=all&country=US&media_type=all&q=magnetic%20windshield%20cleaner&search_type=keyword_unordered,freeform,MESURÉ,ok,,comp-2
E0062,P1,magnetic-double-sided-windshield-cleaner,Nettoyeur magnétique double face pour vitres de voiture,Dual magnetic double-sided car windshield cleaner,auto-voyage,VALIDE,DO,O,meta_us_ad,26,days since launch,"Page name: Renoments-II
Started running on: Sep 8, 2026
Library ID: 1788476372344895
3 ads use this creative and text",1788476372344895,https://www.facebook.com/ads/library/?id=1788476372344895,2026-10-04,mcp__Firecrawl__firecrawl_scrape,https://www.facebook.com/ads/library/?active_status=active&ad_type=all&country=US&media_type=all&q=magnetic%20windshield%20cleaner&search_type=keyword_unordered,freeform,MESURÉ,ok,,comp-2
E0063,P1,magnetic-motion-sensor-closet-light,Réglettes LED à détecteur de mouvement pour placard,Rechargeable magnetic motion-sensor LED closet light bars,maison-rangement,VALIDE,DO,D,amazon_us_rank,23,rang,"23. 8 Inch Magnetic LED Closet Lights 6 Pack Under Cabinet Light Auto On Off | Rechargeable Under Counter Light for Stair Bedroom Cupboard, no price, 4, B0HC2MWLN3",B0HC2MWLN3,https://www.amazon.com/gp/new-releases/hi/,2026-10-04,mcp__Firecrawl__firecrawl_scrape,https://www.amazon.com/gp/new-releases/hi/,freeform,MESURÉ,ok,,amz-A#7
E0064,P1,magnetic-motion-sensor-closet-light,Réglettes LED à détecteur de mouvement pour placard,Rechargeable magnetic motion-sensor LED closet light bars,maison-rangement,VALIDE,DO,D,amazon_us_ratings,4,avis,"23. 8 Inch Magnetic LED Closet Lights 6 Pack Under Cabinet Light Auto On Off | Rechargeable Under Counter Light for Stair Bedroom Cupboard, no price, 4, B0HC2MWLN3",B0HC2MWLN3,https://www.amazon.com/gp/new-releases/hi/,2026-10-04,mcp__Firecrawl__firecrawl_scrape,https://www.amazon.com/gp/new-releases/hi/,freeform,MESURÉ,ok,,amz-A#7
E0065,P1,magnetic-motion-sensor-closet-light,Réglettes LED à détecteur de mouvement pour placard,Rechargeable magnetic motion-sensor LED closet light bars,maison-rangement,VALIDE,DO,O,meta_us_results,260,ads,~260 results,n/a,https://www.facebook.com/ads/library/?active_status=active&ad_type=all&country=US&media_type=all&q=motion%20sensor%20closet%20light&search_type=keyword_unordered,2026-10-04,mcp__Firecrawl__firecrawl_scrape,https://www.facebook.com/ads/library/?active_status=active&ad_type=all&country=US&media_type=all&q=motion%20sensor%20closet%20light&search_type=keyword_unordered,freeform,MESURÉ,ok,,comp-4
E0066,P1,magnetic-motion-sensor-closet-light,Réglettes LED à détecteur de mouvement pour placard,Rechargeable magnetic motion-sensor LED closet light bars,maison-rangement,VALIDE,DO,O,meta_us_relevant_ads,4,ads among first 9 cards returned,Page name: Modolight ... Physical product: Motion sensor light | Page name: Embroiderym ... Smart motion sensor light | EnjoyaitLife ... Cabinet lights | NightLume ... Motion lighting,n/a,https://www.facebook.com/ads/library/?active_status=active&ad_type=all&country=US&media_type=all&q=motion%20sensor%20closet%20light&search_type=keyword_unordered,2026-10-04,mcp__Firecrawl__firecrawl_scrape,https://www.facebook.com/ads/library/?active_status=active&ad_type=all&country=US&media_type=all&q=motion%20sensor%20closet%20light&search_type=keyword_unordered,freeform,ESTIMATION,ok,,comp-4
E0067,P1,magnetic-motion-sensor-closet-light,Réglettes LED à détecteur de mouvement pour placard,Rechargeable magnetic motion-sensor LED closet light bars,maison-rangement,VALIDE,DO,O,meta_us_ad,201,days since start,"Page name: EnjoyaitLife
Started running on: Mar 17, 2026
Library ID: 1196539265665165
Landing domain: no link
Physical product: Cabinet lights",1196539265665165,https://www.facebook.com/ads/library/?active_status=active&ad_type=all&country=US&media_type=all&q=motion%20sensor%20closet%20light&search_type=keyword_unordered,2026-10-04,mcp__Firecrawl__firecrawl_scrape,https://www.facebook.com/ads/library/?active_status=active&ad_type=all&country=US&media_type=all&q=motion%20sensor%20closet%20light&search_type=keyword_unordered,freeform,ESTIMATION,ok,,comp-4
E0068,P1,magnetic-screw-holder-wristband,Bracelet magnétique porte-vis pour bricoleur,Magnetic wristband for holding screws and bits,bricolage,VALIDE,DO,D,amazon_us_ratings,21600,ratings,"RAK Magnetic Wristband for Tools, 10 Powerful Magnets... Price: $19.99 Number of ratings: (21.6K)",B01HRCU3SW,https://www.amazon.com/s?k=magnetic+wristband+for+holding+screws,2026-10-04,mcp__Firecrawl__firecrawl_scrape,https://www.amazon.com/s?k=magnetic+wristband+for+holding+screws,freeform,MESURÉ,ok,,r2-3#0
E0069,P1,magnetic-screw-holder-wristband,Bracelet magnétique porte-vis pour bricoleur,Magnetic wristband for holding screws and bits,bricolage,VALIDE,DO,D,amazon_us_bought_past_month,1000,units/month (badge 1K+),"'Bought in past month' text: 1K+ bought in past month
ASIN: B01HRCU3SW",B01HRCU3SW,https://www.amazon.com/s?k=magnetic+wristband+for+holding+screws,2026-10-04,mcp__Firecrawl__firecrawl_scrape,https://www.amazon.com/s?k=magnetic+wristband+for+holding+screws,freeform,MESURÉ,ok,,r2-3#0
E0070,P1,magnetic-screw-holder-wristband,Bracelet magnétique porte-vis pour bricoleur,Magnetic wristband for holding screws and bits,bricolage,VALIDE,DO,D,amazon_us_ratings,9800,ratings,"HORUSDY Magnetic Wristband, Stocking Stuffers, Gifts for Men... Price: $7.59 Number of ratings: (9.8K) 'Bought in past month' text: 400+ bought in past month",B076D61668,https://www.amazon.com/s?k=magnetic+wristband+for+holding+screws,2026-10-04,mcp__Firecrawl__firecrawl_scrape,https://www.amazon.com/s?k=magnetic+wristband+for+holding+screws,freeform,MESURÉ,ok,,r2-3#0
E0071,P1,magnetic-screw-holder-wristband,Bracelet magnétique porte-vis pour bricoleur,Magnetic wristband for holding screws and bits,bricolage,VALIDE,DO,O,meta_us_results,78,results,~78 results,n/a,https://www.facebook.com/ads/library/?active_status=active&ad_type=all&country=US&media_type=all&q=magnetic%20wristband%20for%20screws&search_type=keyword_unordered,2026-10-04,mcp__Firecrawl__firecrawl_scrape,https://www.facebook.com/ads/library/?active_status=active&ad_type=all&country=US&media_type=all&q=magnetic%20wristband%20for%20screws&search_type=keyword_unordered,freeform,MESURÉ,ok,,comp2-2
E0072,P1,magnetic-screw-holder-wristband,Bracelet magnétique porte-vis pour bricoleur,Magnetic wristband for holding screws and bits,bricolage,VALIDE,DO,O,meta_us_relevant_ads,1,ads out of first 20,"1. Thegiftnorth-A, Aug 11, 2026, Library ID: 28297924179815566, N ads use this creative and text, thegiftnorth.com, magnetic tool wristband",n/a,https://www.facebook.com/ads/library/?active_status=active&ad_type=all&country=US&media_type=all&q=magnetic%20wristband%20for%20screws&search_type=keyword_unordered,2026-10-04,mcp__Firecrawl__firecrawl_scrape,https://www.facebook.com/ads/library/?active_status=active&ad_type=all&country=US&media_type=all&q=magnetic%20wristband%20for%20screws&search_type=keyword_unordered,freeform,MESURÉ,ok,,comp2-2
E0073,P1,magnetic-screw-holder-wristband,Bracelet magnétique porte-vis pour bricoleur,Magnetic wristband for holding screws and bits,bricolage,VALIDE,DO,O,meta_us_ad,54,days since start,"Thegiftnorth-A, Aug 11, 2026, Library ID: 28297924179815566",28297924179815566,https://www.facebook.com/ads/library/?active_status=active&ad_type=all&country=US&media_type=all&q=magnetic%20wristband%20for%20screws&search_type=keyword_unordered,2026-10-04,mcp__Firecrawl__firecrawl_scrape,https://www.facebook.com/ads/library/?active_status=active&ad_type=all&country=US&media_type=all&q=magnetic%20wristband%20for%20screws&search_type=keyword_unordered,freeform,MESURÉ,ok,,comp2-2
E0074,P1,mini-cordless-car-vacuum,Mini aspirateur de voiture sans fil,Foldable mini cordless car vacuum,auto-voyage,VALIDE,DO,D,amazon_us_rank,12,rang,"12. Sycoodeal Car Vacuum Cleaner,Mini Vacuum Portable Cordless,25000PA Powerful Strong Cyclonic Suction USB Rechargeable Foldable Handheld Vacuum with One-Touch Dust Removal for Car, $20.99, 436",B0HBWGFWPZ,https://www.amazon.com/gp/new-releases/automotive/,2026-10-04,mcp__Firecrawl__firecrawl_scrape,https://www.amazon.com/gp/new-releases/automotive/,freeform,MESURÉ,ok,,amz-B#7
E0075,P1,mini-cordless-car-vacuum,Mini aspirateur de voiture sans fil,Foldable mini cordless car vacuum,auto-voyage,VALIDE,DO,D,amazon_us_ratings,436,avis,"One-Touch Dust Removal for Car, $20.99, 436, B0HBWGFWPZ",B0HBWGFWPZ,https://www.amazon.com/gp/new-releases/automotive/,2026-10-04,mcp__Firecrawl__firecrawl_scrape,https://www.amazon.com/gp/new-releases/automotive/,freeform,MESURÉ,ok,,amz-B#7
E0076,P1,mini-cordless-car-vacuum,Mini aspirateur de voiture sans fil,Foldable mini cordless car vacuum,auto-voyage,VALIDE,DO,O,meta_us_results,540,ads,~540 results,n/a,https://www.facebook.com/ads/library/?active_status=active&ad_type=all&country=US&media_type=all&q=cordless%20car%20vacuum&search_type=keyword_unordered,2026-10-04,mcp__Firecrawl__firecrawl_scrape,https://www.facebook.com/ads/library/?active_status=active&ad_type=all&country=US&media_type=all&q=cordless%20car%20vacuum&search_type=keyword_unordered,freeform,MESURÉ,ok,,comp-4
E0077,P1,mini-cordless-car-vacuum,Mini aspirateur de voiture sans fil,Foldable mini cordless car vacuum,auto-voyage,VALIDE,DO,O,meta_us_relevant_ads,6,ads among first 20,Physical product: Sakerplus® Cordless Car Vacuum | Portable Cordless Car Vacuum | 4-in-1 High-Power Cordless Car Vacuum | cordless mini vacuum,n/a,https://www.facebook.com/ads/library/?active_status=active&ad_type=all&country=US&media_type=all&q=cordless%20car%20vacuum&search_type=keyword_unordered,2026-10-04,mcp__Firecrawl__firecrawl_scrape,https://www.facebook.com/ads/library/?active_status=active&ad_type=all&country=US&media_type=all&q=cordless%20car%20vacuum&search_type=keyword_unordered,freeform,ESTIMATION,ok,,comp-4
E0078,P1,mini-cordless-car-vacuum,Mini aspirateur de voiture sans fil,Foldable mini cordless car vacuum,auto-voyage,VALIDE,DO,O,meta_us_ad,345,days since start,"Page name: Nozbone Skateshop
Started running on: Oct 24, 2025
Library ID: 4311103002450941
Landing domain: SHOPSERENADE.COM
Physical product: 4-in-1 Cordless Handheld Car Vacuum Cleaner",4311103002450941,https://www.facebook.com/ads/library/?active_status=active&ad_type=all&country=US&media_type=all&q=cordless%20car%20vacuum&search_type=keyword_unordered,2026-10-04,mcp__Firecrawl__firecrawl_scrape,https://www.facebook.com/ads/library/?active_status=active&ad_type=all&country=US&media_type=all&q=cordless%20car%20vacuum&search_type=keyword_unordered,freeform,MESURÉ,ok,,comp-4
E0079,P1,mini-cordless-screwdriver-bit-set,Mini visseuse sans fil rechargeable avec coffret d'embouts,Small rechargeable cordless screwdriver with bit set,bricolage,VALIDE → ÉLIMINÉ : étage 2 : prix 64.9 € < 4 × coût livré (18.3 €),DO,D,amazon_us_ratings,15700,ratings,"Hi-Spec Small Electric Screwdriver, Mini Drill Set, Rechargeable 3.6V Cordless Screwdriver with 26 Driver Bits... $19.99
(15.7K)",B013PTOXA0,https://www.amazon.com/s?k=mini+electric+screwdriver+set+rechargeable,2026-10-04,mcp__Firecrawl__firecrawl_scrape,https://www.amazon.com/s?k=mini+electric+screwdriver+set+rechargeable,freeform,MESURÉ,ok,,r2-3#6
E0080,P1,mini-cordless-screwdriver-bit-set,Mini visseuse sans fil rechargeable avec coffret d'embouts,Small rechargeable cordless screwdriver with bit set,bricolage,VALIDE → ÉLIMINÉ : étage 2 : prix 64.9 € < 4 × coût livré (18.3 €),DO,D,amazon_us_bought_past_month,5000,units/month (badge 5K+),"(15.7K)
5K+ bought in past month
B013PTOXA0",B013PTOXA0,https://www.amazon.com/s?k=mini+electric+screwdriver+set+rechargeable,2026-10-04,mcp__Firecrawl__firecrawl_scrape,https://www.amazon.com/s?k=mini+electric+screwdriver+set+rechargeable,freeform,MESURÉ,ok,,r2-3#6
E0081,P1,mini-cordless-screwdriver-bit-set,Mini visseuse sans fil rechargeable avec coffret d'embouts,Small rechargeable cordless screwdriver with bit set,bricolage,VALIDE → ÉLIMINÉ : étage 2 : prix 64.9 € < 4 × coût livré (18.3 €),DO,D,amazon_us_ratings,1900,ratings,"3.6V Electric Cordless Screwdriver Set, Mini Drill Set
$14.99
(1.9K)
400+ bought in past month
B0FNMDQWK6",B0FNMDQWK6,https://www.amazon.com/s?k=mini+electric+screwdriver+set+rechargeable,2026-10-04,mcp__Firecrawl__firecrawl_scrape,https://www.amazon.com/s?k=mini+electric+screwdriver+set+rechargeable,freeform,MESURÉ,ok,,r2-3#6
E0082,P1,mini-cordless-screwdriver-bit-set,Mini visseuse sans fil rechargeable avec coffret d'embouts,Small rechargeable cordless screwdriver with bit set,bricolage,VALIDE → ÉLIMINÉ : étage 2 : prix 64.9 € < 4 × coût livré (18.3 €),DO,O,meta_us_results,6,results,~6 results,n/a,https://www.facebook.com/ads/library/?active_status=active&ad_type=all&country=US&media_type=all&q=mini%20cordless%20screwdriver&search_type=keyword_unordered,2026-10-04,mcp__Firecrawl__firecrawl_scrape,https://www.facebook.com/ads/library/?active_status=active&ad_type=all&country=US&media_type=all&q=mini%20cordless%20screwdriver&search_type=keyword_unordered,freeform,MESURÉ,ok,,comp2-2
E0083,P1,mini-cordless-screwdriver-bit-set,Mini visseuse sans fil rechargeable avec coffret d'embouts,Small rechargeable cordless screwdriver with bit set,bricolage,VALIDE → ÉLIMINÉ : étage 2 : prix 64.9 € < 4 × coût livré (18.3 €),DO,O,meta_us_relevant_ads,2,ads out of 6 shown,"Page name: Tekario Online Shop
Started running on: Sep 21, 2026
Library ID: 1088549256999767",n/a,https://www.facebook.com/ads/library/?active_status=active&ad_type=all&country=US&media_type=all&q=mini%20cordless%20screwdriver&search_type=keyword_unordered,2026-10-04,mcp__Firecrawl__firecrawl_scrape,https://www.facebook.com/ads/library/?active_status=active&ad_type=all&country=US&media_type=all&q=mini%20cordless%20screwdriver&search_type=keyword_unordered,freeform,ESTIMATION,ok,,comp2-2
E0084,P1,mini-cordless-screwdriver-bit-set,Mini visseuse sans fil rechargeable avec coffret d'embouts,Small rechargeable cordless screwdriver with bit set,bricolage,VALIDE → ÉLIMINÉ : étage 2 : prix 64.9 € < 4 × coût livré (18.3 €),DO,O,meta_us_ad,18,days since start,"Page name: Greenworks Power
Started running on: Sep 16, 2026
Library ID: 1920607765987907",1920607765987907,https://www.facebook.com/ads/library/?active_status=active&ad_type=all&country=US&media_type=all&q=mini%20cordless%20screwdriver&search_type=keyword_unordered,2026-10-04,mcp__Firecrawl__firecrawl_scrape,https://www.facebook.com/ads/library/?active_status=active&ad_type=all&country=US&media_type=all&q=mini%20cordless%20screwdriver&search_type=keyword_unordered,freeform,MESURÉ,ok,,comp2-2
E0085,P1,mini-electric-food-chopper,Mini hachoir électrique sans fil,Portable mini electric food chopper,cuisine,VALIDE,DO,O,meta_us_ad,120,jours,"Page name: LivoWish
Started running on: Jun 6, 2026
Library ID: 1866561477329058
Landing domain: livowish.com
Physical product advertised: portable mini food chopper",1866561477329058,https://www.facebook.com/ads/library/?active_status=active&ad_type=all&country=US&media_type=all&q=kitchen%20gadget&search_type=keyword_unordered,2026-10-04,mcp__Firecrawl__firecrawl_scrape,kitchen gadget,freeform,MESURÉ,ok,,meta-A#2
E0086,P1,mini-electric-food-chopper,Mini hachoir électrique sans fil,Portable mini electric food chopper,cuisine,VALIDE,DO,O,meta_us_ad,137,jours,"Brooke's Buys
Started running on May 20, 2026
Library ID: 987215763682220
socialiqdealsnow.com
electric vegetable chopper",987215763682220,https://www.facebook.com/ads/library/?active_status=active&ad_type=all&country=US&media_type=all&q=game%20changer%20kitchen&search_type=keyword_unordered,2026-10-04,mcp__Firecrawl__firecrawl_scrape,game changer kitchen,freeform,MESURÉ,ok,,meta-A#2
E0087,P1,mini-electric-food-chopper,Mini hachoir électrique sans fil,Portable mini electric food chopper,cuisine,VALIDE,DO,D,amazon_us_ratings,96,ratings,"4. 2026 Upgrade Electric Garlic Chopper Mini, 320 ml Small Garlic Chopper Mincer with 6 Stainless Steel Blades, Portable Rechargeable Cordless Chopper",B0GS1WVG12,https://www.amazon.com/s?k=mini+electric+food+chopper,2026-10-04,mcp__Firecrawl__firecrawl_scrape,https://www.amazon.com/s?k=mini+electric+food+chopper,freeform,MESURÉ,ok,,comp-5
E0088,P1,mini-electric-food-chopper,Mini hachoir électrique sans fil,Portable mini electric food chopper,cuisine,VALIDE,DO,D,amazon_us_bought_past_month,300,units/month (lower bound),"$21.88
(96)
300+ bought in past month
B0GS1WVG12",B0GS1WVG12,https://www.amazon.com/s?k=mini+electric+food+chopper,2026-10-04,mcp__Firecrawl__firecrawl_scrape,https://www.amazon.com/s?k=mini+electric+food+chopper,freeform,MESURÉ,ok,,comp-5
E0089,P1,mini-electric-food-chopper,Mini hachoir électrique sans fil,Portable mini electric food chopper,cuisine,VALIDE,DO,D,amazon_us_bought_past_month,400,units/month (lower bound),"USB Rechargeable Garlic Mincer, Wireless Small Food Chopper for Onion, Veggie, Ginger, Chili, Fruit, Meat
$15.99
(1.5K)
400+ bought in past month
B0G7WRHW4S",B0G7WRHW4S,https://www.amazon.com/s?k=mini+electric+food+chopper,2026-10-04,mcp__Firecrawl__firecrawl_scrape,https://www.amazon.com/s?k=mini+electric+food+chopper,freeform,MESURÉ,ok,,comp-5
E0090,P1,mini-thermal-sticker-printer,Mini imprimante thermique portable sans encre,Inkless mini portable thermal sticker printer (incl. AI voice version),bureau-tech,VALIDE → ÉLIMINÉ : étage 2 : prix 39.9 € < 4 × coût livré (21.09 €),DO,O,meta_us_ad,28,jours,"18. Bachelorm.com
Started running on Sep 6, 2026
Library ID: 4638985782999406
www.nookvely.com
AI Voice-Controlled Printer",4638985782999406,https://www.facebook.com/ads/library/?active_status=active&ad_type=all&country=US&media_type=all&q=mini%20portable%20thermal%20printer&search_type=keyword_unordered,2026-10-04,mcp__Firecrawl__firecrawl_scrape,mini portable thermal printer,freeform,MESURÉ,ok,,r2-4#0
E0091,P1,mini-thermal-sticker-printer,Mini imprimante thermique portable sans encre,Inkless mini portable thermal sticker printer (incl. AI voice version),bureau-tech,VALIDE → ÉLIMINÉ : étage 2 : prix 39.9 € < 4 × coût livré (21.09 €),DO,O,meta_us_ad,17,jours,"10. Puzzlemoon
Started running on Sep 17, 2026
Library ID: 1395806642034930
m.eigoods.com
AI Voice-Controlled Printer",1395806642034930,https://www.facebook.com/ads/library/?active_status=active&ad_type=all&country=US&media_type=all&q=mini%20portable%20thermal%20printer&search_type=keyword_unordered,2026-10-04,mcp__Firecrawl__firecrawl_scrape,mini portable thermal printer,freeform,MESURÉ,ok,,r2-4#0
E0092,P1,mini-thermal-sticker-printer,Mini imprimante thermique portable sans encre,Inkless mini portable thermal sticker printer (incl. AI voice version),bureau-tech,VALIDE → ÉLIMINÉ : étage 2 : prix 39.9 € < 4 × coût livré (21.09 €),DO,O,meta_us_ad,17,jours,"9. Spectacularing.A
Started running on Sep 17, 2026
Library ID: 2637431656678676
www.dailygote.com
AI Voice-Controlled Printer",2637431656678676,https://www.facebook.com/ads/library/?active_status=active&ad_type=all&country=US&media_type=all&q=mini%20portable%20thermal%20printer&search_type=keyword_unordered,2026-10-04,mcp__Firecrawl__firecrawl_scrape,mini portable thermal printer,freeform,MESURÉ,ok,,r2-4#0
E0093,P1,mini-thermal-sticker-printer,Mini imprimante thermique portable sans encre,Inkless mini portable thermal sticker printer (incl. AI voice version),bureau-tech,VALIDE → ÉLIMINÉ : étage 2 : prix 39.9 € < 4 × coût livré (21.09 €),DO,O,meta_us_ad,8,jours,"12. Consequentlk.mj04
Started running on Sep 26, 2026
Library ID: 1660189162484846
www.megamaree.com
AI Voice-Controlled Printer",1660189162484846,https://www.facebook.com/ads/library/?active_status=active&ad_type=all&country=US&media_type=all&q=mini%20portable%20thermal%20printer&search_type=keyword_unordered,2026-10-04,mcp__Firecrawl__firecrawl_scrape,mini portable thermal printer,freeform,MESURÉ,ok,,r2-4#0
E0094,P1,mini-thermal-sticker-printer,Mini imprimante thermique portable sans encre,Inkless mini portable thermal sticker printer (incl. AI voice version),bureau-tech,VALIDE → ÉLIMINÉ : étage 2 : prix 39.9 € < 4 × coût livré (21.09 €),DO,O,meta_us_ad,4,jours,"20. Applicablen.g3
Started running on Sep 30, 2026
Library ID: 974311674985371
www.vibenestgoods.com
AI Voice-Controlled Printer",974311674985371,https://www.facebook.com/ads/library/?active_status=active&ad_type=all&country=US&media_type=all&q=mini%20portable%20thermal%20printer&search_type=keyword_unordered,2026-10-04,mcp__Firecrawl__firecrawl_scrape,mini portable thermal printer,freeform,MESURÉ,ok,,r2-4#0
E0095,P1,mini-thermal-sticker-printer,Mini imprimante thermique portable sans encre,Inkless mini portable thermal sticker printer (incl. AI voice version),bureau-tech,VALIDE → ÉLIMINÉ : étage 2 : prix 39.9 € < 4 × coût livré (21.09 €),DO,O,meta_us_ad,5,jours,"8. Brezzo Tech
Started running on Sep 29, 2026
Library ID: 1107573131615525
brezzotechh.myshopify.com
Mini Portable Thermal Printer",1107573131615525,https://www.facebook.com/ads/library/?active_status=active&ad_type=all&country=US&media_type=all&q=mini%20portable%20thermal%20printer&search_type=keyword_unordered,2026-10-04,mcp__Firecrawl__firecrawl_scrape,mini portable thermal printer,freeform,MESURÉ,ok,,r2-4#2
E0096,P1,mini-thermal-sticker-printer,Mini imprimante thermique portable sans encre,Inkless mini portable thermal sticker printer (incl. AI voice version),bureau-tech,VALIDE → ÉLIMINÉ : étage 2 : prix 39.9 € < 4 × coût livré (21.09 €),DO,O,meta_us_ad,5,jours,"19. Trivana
Started running on Sep 29, 2026
Library ID: 28497191369890412
shoptrivana.com
Inkless Portable Printer",28497191369890412,https://www.facebook.com/ads/library/?active_status=active&ad_type=all&country=US&media_type=all&q=mini%20portable%20thermal%20printer&search_type=keyword_unordered,2026-10-04,mcp__Firecrawl__firecrawl_scrape,mini portable thermal printer,freeform,MESURÉ,ok,,r2-4#2
E0097,P1,mini-thermal-sticker-printer,Mini imprimante thermique portable sans encre,Inkless mini portable thermal sticker printer (incl. AI voice version),bureau-tech,VALIDE → ÉLIMINÉ : étage 2 : prix 39.9 € < 4 × coût livré (21.09 €),DO,D,amazon_us_ratings,666,ratings,"Sticker Printer, PM290C Mini Printer with 3 Rolls Paper, Pink**
Price: $18.99
Number of ratings: (666)",B0FJ76RSN5,https://www.amazon.com/s?k=mini+thermal+printer,2026-10-04,mcp__Firecrawl__firecrawl_scrape,https://www.amazon.com/s?k=mini+thermal+printer,freeform,MESURÉ,ok,,comp2-2
E0098,P1,mini-thermal-sticker-printer,Mini imprimante thermique portable sans encre,Inkless mini portable thermal sticker printer (incl. AI voice version),bureau-tech,VALIDE → ÉLIMINÉ : étage 2 : prix 39.9 € < 4 × coût livré (21.09 €),DO,D,amazon_us_bought_past_month,200,units (badge 200+),"bought in past month text: 200+ bought in past month
ASIN: B0FJ76RSN5",B0FJ76RSN5,https://www.amazon.com/s?k=mini+thermal+printer,2026-10-04,mcp__Firecrawl__firecrawl_scrape,https://www.amazon.com/s?k=mini+thermal+printer,freeform,MESURÉ,ok,,comp2-2
E0099,P1,motion-sensor-wide-beam-headlamp,Lampe frontale rechargeable grand angle à détection de mouvement,Rechargeable 230-degree wide-beam motion-sensor headlamp,sport-plein-air,VALIDE → ÉLIMINÉ : étage 2 : panier moyen 31 € < 45 €,DO,D,amazon_us_ratings,17200,ratings (affichage arrondi 17.2K),"2. **Headlamp Rechargeable, 230° Wide Beam Head Lamp LED with Motion Sensor for Adults ...**
Price: $13.99
Ratings: (17.2K)
Bought in past month: 5K+ bought in past month
ASIN: B0B4KJ3MWK",B0B4KJ3MWK,https://www.amazon.com/s?k=rechargeable+headlamp+motion+sensor,2026-10-04,mcp__Firecrawl__firecrawl_scrape,https://www.amazon.com/s?k=rechargeable+headlamp+motion+sensor,freeform,ESTIMATION,ok,,r2-2#3
E0100,P1,motion-sensor-wide-beam-headlamp,Lampe frontale rechargeable grand angle à détection de mouvement,Rechargeable 230-degree wide-beam motion-sensor headlamp,sport-plein-air,VALIDE → ÉLIMINÉ : étage 2 : panier moyen 31 € < 45 €,DO,D,amazon_us_bought_past_month,5000,units/month (borne basse 5K+),"Bought in past month: 5K+ bought in past month
ASIN: B0B4KJ3MWK",B0B4KJ3MWK,https://www.amazon.com/s?k=rechargeable+headlamp+motion+sensor,2026-10-04,mcp__Firecrawl__firecrawl_scrape,https://www.amazon.com/s?k=rechargeable+headlamp+motion+sensor,freeform,MESURÉ,ok,,r2-2#3
E0101,P1,motion-sensor-wide-beam-headlamp,Lampe frontale rechargeable grand angle à détection de mouvement,Rechargeable 230-degree wide-beam motion-sensor headlamp,sport-plein-air,VALIDE → ÉLIMINÉ : étage 2 : panier moyen 31 € < 45 €,DO,D,amazon_us_bought_past_month,8000,units/month (borne basse 8K+),"1. **Rechargeable Headlamp 3PCS, 230° LED Head Lamp, Head Lights for Forehead**
Price: $29.99
Ratings: (6.4K)
Bought in past month: 8K+ bought in past month
ASIN: B0BL3ZVLLH",B0BL3ZVLLH,https://www.amazon.com/s?k=rechargeable+headlamp+motion+sensor,2026-10-04,mcp__Firecrawl__firecrawl_scrape,https://www.amazon.com/s?k=rechargeable+headlamp+motion+sensor,freeform,MESURÉ,ok,,r2-2#3
E0102,P1,motion-sensor-wide-beam-headlamp,Lampe frontale rechargeable grand angle à détection de mouvement,Rechargeable 230-degree wide-beam motion-sensor headlamp,sport-plein-air,VALIDE → ÉLIMINÉ : étage 2 : panier moyen 31 € < 45 €,DO,O,meta_us_results,120,active ads (approx.),~120 results,n/a,https://www.facebook.com/ads/library/?active_status=active&ad_type=all&country=US&media_type=all&q=wide%20beam%20headlamp%20motion%20sensor&search_type=keyword_unordered,2026-10-04,mcp__Firecrawl__firecrawl_scrape,https://www.facebook.com/ads/library/?active_status=active&ad_type=all&country=US&media_type=all&q=wide%20beam%20headlamp%20motion%20sensor&search_type=keyword_unordered,freeform,MESURÉ,ok,,comp2-1
E0103,P1,motion-sensor-wide-beam-headlamp,Lampe frontale rechargeable grand angle à détection de mouvement,Rechargeable 230-degree wide-beam motion-sensor headlamp,sport-plein-air,VALIDE → ÉLIMINÉ : étage 2 : panier moyen 31 € < 45 €,DO,O,meta_us_relevant_ads,10,cards out of first 16 returned,"14. Suzvo/8 | Started running on Sep 27, 2026 | Library ID: 1055710487083264 | SUZVO.COM | Ultra-Bright Rechargeable LED Headlamp",n/a,https://www.facebook.com/ads/library/?active_status=active&ad_type=all&country=US&media_type=all&q=wide%20beam%20headlamp%20motion%20sensor&search_type=keyword_unordered,2026-10-04,mcp__Firecrawl__firecrawl_scrape,https://www.facebook.com/ads/library/?active_status=active&ad_type=all&country=US&media_type=all&q=wide%20beam%20headlamp%20motion%20sensor&search_type=keyword_unordered,freeform,MESURÉ,ok,,comp2-1
E0104,P1,motion-sensor-wide-beam-headlamp,Lampe frontale rechargeable grand angle à détection de mouvement,Rechargeable 230-degree wide-beam motion-sensor headlamp,sport-plein-air,VALIDE → ÉLIMINÉ : étage 2 : panier moyen 31 € < 45 €,DO,O,meta_us_ad,389,days since start,"2. The Tackle King | Started running on Sep 10, 2025 | Library ID: 1746281549393512 | THETACKLEKING.COM | UltraBeam Headlamp",1746281549393512,https://www.facebook.com/ads/library/?active_status=active&ad_type=all&country=US&media_type=all&q=wide%20beam%20headlamp%20motion%20sensor&search_type=keyword_unordered,2026-10-04,mcp__Firecrawl__firecrawl_scrape,https://www.facebook.com/ads/library/?active_status=active&ad_type=all&country=US&media_type=all&q=wide%20beam%20headlamp%20motion%20sensor&search_type=keyword_unordered,freeform,MESURÉ,ok,,comp2-1
E0105,P1,personalized-leather-toiletry-bag,Trousse de toilette en cuir personnalisée,Personalized leather toiletry bag,cadeau-lifestyle,VALIDE → ÉLIMINÉ : étage 2 : prix 44.9 € < 4 × coût livré (14.22 €),DO,O,meta_us_ad,212,jours,"Macorner Home Decor, Started running on Mar 6, 2026, Library ID: 803036402204253, macorner.co, Leather toiletry bag",803036402204253,https://www.facebook.com/ads/library/?active_status=active&ad_type=all&country=US&media_type=all&q=travel%20essential&search_type=keyword_unordered,2026-10-04,mcp__Firecrawl__firecrawl_scrape,travel essential,freeform,MESURÉ,ok,,meta-B#10
E0106,P1,personalized-leather-toiletry-bag,Trousse de toilette en cuir personnalisée,Personalized leather toiletry bag,cadeau-lifestyle,VALIDE → ÉLIMINÉ : étage 2 : prix 44.9 € < 4 × coût livré (14.22 €),DO,D,amazon_us_ratings,672,ratings,"1. Personalized Toiletry Bag for Men, Custom Toiletries Bag Gifts for Men, ... Leather Engraved Travel Cosmetic Shaving Hygiene Bag, $18.99, 672, B0DZ6SCD7C",B0DZ6SCD7C,https://www.amazon.com/s?k=personalized+toiletry+bag+for+men,2026-10-04,mcp__Firecrawl__firecrawl_scrape,https://www.amazon.com/s?k=personalized+toiletry+bag+for+men,freeform,MESURÉ,ok,,comp-3
E0107,P1,personalized-leather-toiletry-bag,Trousse de toilette en cuir personnalisée,Personalized leather toiletry bag,cadeau-lifestyle,VALIDE → ÉLIMINÉ : étage 2 : prix 44.9 € < 4 × coût livré (14.22 €),DO,D,amazon_us_bought_past_month,400,"units/month (badge lower bound, other listing)","8. Personalized Leather Toiletry Bag for Men, Dopp Kit Gift, $24.90, (507), 400+ bought in past month, B0CF8NYGYZ",B0CF8NYGYZ,https://www.amazon.com/s?k=personalized+toiletry+bag+for+men,2026-10-04,mcp__Firecrawl__firecrawl_scrape,https://www.amazon.com/s?k=personalized+toiletry+bag+for+men,freeform,MESURÉ,ok,,comp-3
E0108,P1,pet-grooming-hammock,Hamac de toilettage pour chien et chat,Pet grooming hammock with stand,animaux,VALIDE,DO,D,amazon_us_rank,10,rang,10. Dog Bed Foldable Grooming Hammock Stand and Bath Holder for Small Pets \| Washable mesh cradle keeps paws accessible for nail trimming while open weave lets water drain,B0HGLDGQQB,https://www.amazon.com/gp/new-releases/pet-supplies/,2026-10-04,mcp__Firecrawl__firecrawl_scrape,https://www.amazon.com/gp/new-releases/pet-supplies/,freeform,MESURÉ,ok,,amz-B#1
E0109,P1,pet-grooming-hammock,Hamac de toilettage pour chien et chat,Pet grooming hammock with stand,animaux,VALIDE,DO,D,amazon_us_ratings,3,avis,during routine care sessions | $33.99 | 3 | B0HGLDGQQB,B0HGLDGQQB,https://www.amazon.com/gp/new-releases/pet-supplies/,2026-10-04,mcp__Firecrawl__firecrawl_scrape,https://www.amazon.com/gp/new-releases/pet-supplies/,freeform,MESURÉ,ok,,amz-B#1
E0110,P1,pet-grooming-hammock,Hamac de toilettage pour chien et chat,Pet grooming hammock with stand,animaux,VALIDE,DO,O,meta_us_results,42,results,~42 results,n/a,https://www.facebook.com/ads/library/?active_status=active&ad_type=all&country=US&media_type=all&q=dog%20grooming%20hammock&search_type=keyword_unordered,2026-10-04,mcp__Firecrawl__firecrawl_scrape,https://www.facebook.com/ads/library/?active_status=active&ad_type=all&country=US&media_type=all&q=dog%20grooming%20hammock&search_type=keyword_unordered,freeform,MESURÉ,ok,,comp-2
E0111,P1,pet-grooming-hammock,Hamac de toilettage pour chien et chat,Pet grooming hammock with stand,animaux,VALIDE,DO,O,meta_us_relevant_ads,7,ads out of first 14 cards shown,"Page name: WavePaw
Started running on: Sep 24, 2026
Library ID: 911227148481194
Landing domain: shopwavepaw.com
Physical product: grooming hammock",n/a,https://www.facebook.com/ads/library/?active_status=active&ad_type=all&country=US&media_type=all&q=dog%20grooming%20hammock&search_type=keyword_unordered,2026-10-04,mcp__Firecrawl__firecrawl_scrape,https://www.facebook.com/ads/library/?active_status=active&ad_type=all&country=US&media_type=all&q=dog%20grooming%20hammock&search_type=keyword_unordered,freeform,MESURÉ,ok,,comp-2
E0112,P1,pet-grooming-hammock,Hamac de toilettage pour chien et chat,Pet grooming hammock with stand,animaux,VALIDE,DO,O,meta_us_ad,49,days since launch,"Page name: Forttender.ND07
Started running on: Aug 16, 2026
Library ID: 1788332645863056
Landing domain: www.forttender.com
Physical product: raised grooming table / suspended hammock",1788332645863056,https://www.facebook.com/ads/library/?id=1788332645863056,2026-10-04,mcp__Firecrawl__firecrawl_scrape,https://www.facebook.com/ads/library/?active_status=active&ad_type=all&country=US&media_type=all&q=dog%20grooming%20hammock&search_type=keyword_unordered,freeform,MESURÉ,ok,,comp-2
E0113,P1,pet-hair-carpet-rake,Racloir anti-poils pour tapis et canapé,Pet hair removal tool for carpets and couches,animaux,VALIDE,DO,O,meta_us_ad,468,jours,"Uproot Clean, Started running on Jun 23, 2025, Library ID: 23881228604897355, 2 ads use this creative and text, www.target.com, pet hair removal tool",23881228604897355,https://www.facebook.com/ads/library/?active_status=active&ad_type=all&country=US&media_type=all&q=cat%20owners&search_type=keyword_unordered,2026-10-04,mcp__Firecrawl__firecrawl_scrape,cat owners,freeform,MESURÉ,ok,,meta-B#2
E0114,P1,pet-hair-carpet-rake,Racloir anti-poils pour tapis et canapé,Pet hair removal tool for carpets and couches,animaux,VALIDE,DO,O,meta_us_variants,2,pubs,"Uproot Clean, Started running on Jun 23, 2025, Library ID: 23881228604897355, 2 ads use this creative and text",23881228604897355,https://www.facebook.com/ads/library/?active_status=active&ad_type=all&country=US&media_type=all&q=cat%20owners&search_type=keyword_unordered,2026-10-04,mcp__Firecrawl__firecrawl_scrape,cat owners,freeform,MESURÉ,ok,,meta-B#2
E0115,P1,pet-hair-carpet-rake,Racloir anti-poils pour tapis et canapé,Pet hair removal tool for carpets and couches,animaux,VALIDE,DO,D,amazon_us_ratings,1200,ratings,"1. Carpet Rake for Pet Hair Removal Tool,Reusable Pet Hair Remover Broom Blue
$27.99
(1.2K)",B0FWBBRCLJ,https://www.amazon.com/dp/B0FWBBRCLJ,2026-10-04,mcp__Firecrawl__firecrawl_scrape,https://www.amazon.com/s?k=pet+hair+remover+for+carpet,freeform,MESURÉ,ok,,comp-2
E0116,P1,pet-hair-carpet-rake,Racloir anti-poils pour tapis et canapé,Pet hair removal tool for carpets and couches,animaux,VALIDE,DO,D,amazon_us_bought_past_month,7000,units/month (badge),"(1.2K)
7K+ bought in past month
B0FWBBRCLJ",B0FWBBRCLJ,https://www.amazon.com/dp/B0FWBBRCLJ,2026-10-04,mcp__Firecrawl__firecrawl_scrape,https://www.amazon.com/s?k=pet+hair+remover+for+carpet,freeform,MESURÉ,ok,,comp-2
E0117,P1,precision-electric-screwdriver-set,Tournevis électrique de précision avec embouts magnétiques,Precision electric screwdriver set with magnetic bits,bureau-tech,VALIDE → ÉLIMINÉ : étage 2 : prix 64.9 € < 4 × coût livré (18.3 €),DO,D,amazon_us_ratings,1000,ratings,"JOREST 155 in 1 Mini Electric Screwdriver, Precision Power Screwdriver Set
$49.99
(1K)
1K+ bought in past month
B0FGD267SS",B0FGD267SS,https://www.amazon.com/s?k=mini+electric+screwdriver+set+rechargeable,2026-10-04,mcp__Firecrawl__firecrawl_scrape,https://www.amazon.com/s?k=mini+electric+screwdriver+set+rechargeable,freeform,MESURÉ,ok,,r2-3#5
E0118,P1,precision-electric-screwdriver-set,Tournevis électrique de précision avec embouts magnétiques,Precision electric screwdriver set with magnetic bits,bureau-tech,VALIDE → ÉLIMINÉ : étage 2 : prix 64.9 € < 4 × coût livré (18.3 €),DO,D,amazon_us_bought_past_month,1000,units/month (badge 1K+),"JOREST 155 in 1 Mini Electric Screwdriver, Precision Power Screwdriver Set
$49.99
(1K)
1K+ bought in past month
B0FGD267SS",B0FGD267SS,https://www.amazon.com/s?k=mini+electric+screwdriver+set+rechargeable,2026-10-04,mcp__Firecrawl__firecrawl_scrape,https://www.amazon.com/s?k=mini+electric+screwdriver+set+rechargeable,freeform,MESURÉ,ok,,r2-3#5
E0119,P1,precision-electric-screwdriver-set,Tournevis électrique de précision avec embouts magnétiques,Precision electric screwdriver set with magnetic bits,bureau-tech,VALIDE → ÉLIMINÉ : étage 2 : prix 64.9 € < 4 × coût livré (18.3 €),DO,D,amazon_us_bought_past_month,700,units/month (badge 700+),"Soleilwear Electric Precision Screwdriver, 80pcs Mini Electric Screwdriver
$32.99
(628)
700+ bought in past month
B0FF9VMVQT",B0FF9VMVQT,https://www.amazon.com/s?k=mini+electric+screwdriver+set+rechargeable,2026-10-04,mcp__Firecrawl__firecrawl_scrape,https://www.amazon.com/s?k=mini+electric+screwdriver+set+rechargeable,freeform,MESURÉ,ok,,r2-3#5
E0120,P1,precision-electric-screwdriver-set,Tournevis électrique de précision avec embouts magnétiques,Precision electric screwdriver set with magnetic bits,bureau-tech,VALIDE → ÉLIMINÉ : étage 2 : prix 64.9 € < 4 × coût livré (18.3 €),DO,O,meta_us_results,110,active ads (approx.),~110 results,n/a,https://www.facebook.com/ads/library/?active_status=active&ad_type=all&country=US&media_type=all&q=precision%20electric%20screwdriver&search_type=keyword_unordered,2026-10-04,mcp__Firecrawl__firecrawl_scrape,https://www.facebook.com/ads/library/?active_status=active&ad_type=all&country=US&media_type=all&q=precision%20electric%20screwdriver&search_type=keyword_unordered,freeform,MESURÉ,ok,,comp2-1
E0121,P1,precision-electric-screwdriver-set,Tournevis électrique de précision avec embouts magnétiques,Precision electric screwdriver set with magnetic bits,bureau-tech,VALIDE → ÉLIMINÉ : étage 2 : prix 64.9 € < 4 × coût livré (18.3 €),DO,O,meta_us_relevant_ads,10,cards out of first 18 returned,"9. Page name: RYOBI TOOLS USA
Started running on: Oct 1, 2026
Library ID: 1548892193191837
Landing domain: www.homedepot.com
Product: MicroTech Electric Precision Screwdriver Kit",n/a,https://www.facebook.com/ads/library/?active_status=active&ad_type=all&country=US&media_type=all&q=precision%20electric%20screwdriver&search_type=keyword_unordered,2026-10-04,mcp__Firecrawl__firecrawl_scrape,https://www.facebook.com/ads/library/?active_status=active&ad_type=all&country=US&media_type=all&q=precision%20electric%20screwdriver&search_type=keyword_unordered,freeform,MESURÉ,ok,,comp2-1
E0122,P1,precision-electric-screwdriver-set,Tournevis électrique de précision avec embouts magnétiques,Precision electric screwdriver set with magnetic bits,bureau-tech,VALIDE → ÉLIMINÉ : étage 2 : prix 64.9 € < 4 × coût livré (18.3 €),DO,O,meta_us_ad,14,days since start,"5. Page name: The Almighty Tools
Started running on: Sep 20, 2026
Library ID: 1099176582665087
Landing domain: almighty.tools
Product: Precision Electric Screwdriver 52-in-1",1099176582665087,https://www.facebook.com/ads/library/?active_status=active&ad_type=all&country=US&media_type=all&q=precision%20electric%20screwdriver&search_type=keyword_unordered,2026-10-04,mcp__Firecrawl__firecrawl_scrape,https://www.facebook.com/ads/library/?active_status=active&ad_type=all&country=US&media_type=all&q=precision%20electric%20screwdriver&search_type=keyword_unordered,freeform,MESURÉ,ok,,comp2-1
E0123,P1,pull-out-cabinet-spice-rack,Range-épices coulissant pour placard,Pull-out cabinet spice rack organizer,cuisine,VALIDE,DO,O,meta_us_ad,26,jours,"Page name: Simply Sal Finds with Creator Finds IQ
Started running on: Sep 8, 2026
Library ID: 858717196799210
Landing domain: socialiqcart.com
Physical product advertised: spice cabinet pull out rack",858717196799210,https://www.facebook.com/ads/library/?active_status=active&ad_type=all&country=US&media_type=all&q=kitchen%20gadget&search_type=keyword_unordered,2026-10-04,mcp__Firecrawl__firecrawl_scrape,kitchen gadget,freeform,MESURÉ,ok,,meta-A#4
E0124,P1,pull-out-cabinet-spice-rack,Range-épices coulissant pour placard,Pull-out cabinet spice rack organizer,cuisine,VALIDE,DO,D,trends_us_rising,100,% hausse 3 mois,space saving spice rack : +100%,n/a,https://trends.firecrawl.dev/explore?q=space+saving+spice+rack&date=today+3-m&geo=US,2026-10-04,firecrawl_scrape alexandria,firecrawl-trends trends/related_queries keyword=space saving geo=US time=today 3-m,alexandria,MESURÉ,ok,,trends#8
E0125,P1,quiet-pet-nail-grinder,Ponceuse à griffes électrique pour chien et chat,Quiet electric pet nail grinder,animaux,VALIDE,DO,D,amazon_us_rank,28,rang,28. Juveximzy Electric Dog Nail Grinder: Upgraded 5-Speed Quiet Dog Nail Trimmer-Safe Painless Nail File for Claw Trimming & Grooming Care at Home for Dogs & Cats | $26.99 | 238 | B0H98LDM85,B0H98LDM85,https://www.amazon.com/gp/new-releases/pet-supplies/,2026-10-04,mcp__Firecrawl__firecrawl_scrape,https://www.amazon.com/gp/new-releases/pet-supplies/,freeform,MESURÉ,ok,,amz-B#2
E0126,P1,quiet-pet-nail-grinder,Ponceuse à griffes électrique pour chien et chat,Quiet electric pet nail grinder,animaux,VALIDE,DO,D,amazon_us_ratings,238,avis,Grooming Care at Home for Dogs & Cats | $26.99 | 238 | B0H98LDM85,B0H98LDM85,https://www.amazon.com/gp/new-releases/pet-supplies/,2026-10-04,mcp__Firecrawl__firecrawl_scrape,https://www.amazon.com/gp/new-releases/pet-supplies/,freeform,MESURÉ,ok,,amz-B#2
E0127,P1,quiet-pet-nail-grinder,Ponceuse à griffes électrique pour chien et chat,Quiet electric pet nail grinder,animaux,VALIDE,DO,O,meta_us_ad,123,jours,"Today's Find, Started running on Jun 3, 2026, Library ID: 1345251443767310, heusom.com, nail grinder",1345251443767310,https://www.facebook.com/ads/library/?active_status=active&ad_type=all&country=US&media_type=all&q=dog%20owners%20need%20this&search_type=keyword_unordered,2026-10-04,mcp__Firecrawl__firecrawl_scrape,dog owners need this,freeform,MESURÉ,ok,,meta-B#3
E0128,P1,ratchet-belt-no-holes,Ceinture à cliquet sans trous,Ratchet belt without holes,cadeau-lifestyle,VALIDE → ÉLIMINÉ : étage 2 : contribution avant pub 24.22 € < 25 €,DO,O,meta_us_ad,306,jours,"Buckley Belts, Started running on Dec 2, 2025, Library ID: 2290524621370320, www.buckleybelts.com, belts",2290524621370320,https://www.facebook.com/ads/library/?active_status=active&ad_type=all&country=US&media_type=all&q=perfect%20gift%20for%20him&search_type=keyword_unordered,2026-10-04,mcp__Firecrawl__firecrawl_scrape,perfect gift for him,freeform,MESURÉ,ok,,meta-C#8
E0129,P1,ratchet-belt-no-holes,Ceinture à cliquet sans trous,Ratchet belt without holes,cadeau-lifestyle,VALIDE → ÉLIMINÉ : étage 2 : contribution avant pub 24.22 € < 25 €,DO,D,amazon_us_ratings,51600,ratings,"1. CHAOREN Men's Leather Ratchet Belt - Customizable Fit (35mm) | Smooth Sliding, Precise Micro‑Adjust, Trim to Fit ... $14.99 (51.6k) 8K+ bought in past month B08LHBSYNK",B08LHBSYNK,https://www.amazon.com/s?k=ratchet+belt,2026-10-04,mcp__Firecrawl__firecrawl_scrape,https://www.amazon.com/s?k=ratchet+belt,freeform,MESURÉ,ok,,comp-3
E0130,P1,ratchet-belt-no-holes,Ceinture à cliquet sans trous,Ratchet belt without holes,cadeau-lifestyle,VALIDE → ÉLIMINÉ : étage 2 : contribution avant pub 24.22 € < 25 €,DO,D,amazon_us_bought_past_month,8000,units/month (badge lower bound),"$14.99
(51.6k)
8K+ bought in past month
B08LHBSYNK",B08LHBSYNK,https://www.amazon.com/s?k=ratchet+belt,2026-10-04,mcp__Firecrawl__firecrawl_scrape,https://www.amazon.com/s?k=ratchet+belt,freeform,MESURÉ,ok,,comp-3
E0131,P1,rechargeable-hand-warmer,Chauffe-mains électrique rechargeable,"Rechargeable electric hand warmer (magnetic 2-pack, incl. spinner version)",sport-plein-air,VALIDE → ÉLIMINÉ : étage 2 : panier moyen 37.23 € < 45 €,DO,D,amazon_us_ratings,9400,ratings (affichage arrondi 9.4K),"1. AI Hand Warmers Rechargeable 2 Pack, AI Smart Chips Electric Hand Warmers, 2
$19.99
(9.4K)
5K+ bought in past month
B0CG65PYBV",B0CG65PYBV,https://www.amazon.com/s?k=rechargeable+hand+warmer,2026-10-04,mcp__Firecrawl__firecrawl_scrape,https://www.amazon.com/s?k=rechargeable+hand+warmer,freeform,ESTIMATION,ok,,r2-2#0
E0132,P1,rechargeable-hand-warmer,Chauffe-mains électrique rechargeable,"Rechargeable electric hand warmer (magnetic 2-pack, incl. spinner version)",sport-plein-air,VALIDE → ÉLIMINÉ : étage 2 : panier moyen 37.23 € < 45 €,DO,D,amazon_us_bought_past_month,5000,units/month (borne basse 5K+),"5K+ bought in past month
B0CG65PYBV",B0CG65PYBV,https://www.amazon.com/s?k=rechargeable+hand+warmer,2026-10-04,mcp__Firecrawl__firecrawl_scrape,https://www.amazon.com/s?k=rechargeable+hand+warmer,freeform,MESURÉ,ok,,r2-2#0
E0133,P1,rechargeable-hand-warmer,Chauffe-mains électrique rechargeable,"Rechargeable electric hand warmer (magnetic 2-pack, incl. spinner version)",sport-plein-air,VALIDE → ÉLIMINÉ : étage 2 : panier moyen 37.23 € < 45 €,DO,D,amazon_us_bought_past_month,2000,units/month (borne basse 2K+),"4. Lerat Hand Warmers Rechargeable 2 Pack, Portable Electric Hand Warmer Max 13
$14.98
(4.4K)
2K+ bought in past month
B0FNQLTK83",B0FNQLTK83,https://www.amazon.com/s?k=rechargeable+hand+warmer,2026-10-04,mcp__Firecrawl__firecrawl_scrape,https://www.amazon.com/s?k=rechargeable+hand+warmer,freeform,MESURÉ,ok,,r2-2#0
E0134,P1,rechargeable-hand-warmer,Chauffe-mains électrique rechargeable,"Rechargeable electric hand warmer (magnetic 2-pack, incl. spinner version)",sport-plein-air,VALIDE → ÉLIMINÉ : étage 2 : panier moyen 37.23 € < 45 €,DO,D,amazon_us_bought_past_month,1000,units/month (borne basse 1K+),"13. Electric Hand Warmers Rechargeable - 2 Pack Magnetic Pocket Heater Handwar
$14.99
(530)
1K+ bought in past month
B0FKJSLQZK",B0FKJSLQZK,https://www.amazon.com/s?k=rechargeable+hand+warmer,2026-10-04,mcp__Firecrawl__firecrawl_scrape,https://www.amazon.com/s?k=rechargeable+hand+warmer,freeform,MESURÉ,ok,,r2-2#0
E0135,P1,rechargeable-hand-warmer,Chauffe-mains électrique rechargeable,"Rechargeable electric hand warmer (magnetic 2-pack, incl. spinner version)",sport-plein-air,VALIDE → ÉLIMINÉ : étage 2 : panier moyen 37.23 € < 45 €,DO,D,amazon_us_ratings,563,ratings,"12. Hand Warmers Rechargeable, Electric Hand Warmers with Fidget Spinner, 2 Pa
$9.89
(563)
600+ bought in past month
B0FHGXKTJB",B0FHGXKTJB,https://www.amazon.com/s?k=rechargeable+hand+warmer,2026-10-04,mcp__Firecrawl__firecrawl_scrape,https://www.amazon.com/s?k=rechargeable+hand+warmer,freeform,MESURÉ,ok,,r2-2#1
E0136,P1,rechargeable-hand-warmer,Chauffe-mains électrique rechargeable,"Rechargeable electric hand warmer (magnetic 2-pack, incl. spinner version)",sport-plein-air,VALIDE → ÉLIMINÉ : étage 2 : panier moyen 37.23 € < 45 €,DO,D,amazon_us_bought_past_month,600,units/month (borne basse 600+),"600+ bought in past month
B0FHGXKTJB",B0FHGXKTJB,https://www.amazon.com/s?k=rechargeable+hand+warmer,2026-10-04,mcp__Firecrawl__firecrawl_scrape,https://www.amazon.com/s?k=rechargeable+hand+warmer,freeform,MESURÉ,ok,,r2-2#1
E0137,P1,rechargeable-hand-warmer,Chauffe-mains électrique rechargeable,"Rechargeable electric hand warmer (magnetic 2-pack, incl. spinner version)",sport-plein-air,VALIDE → ÉLIMINÉ : étage 2 : panier moyen 37.23 € < 45 €,DO,O,meta_us_results,54,active ads (approx.),~54 results,n/a,https://www.facebook.com/ads/library/?active_status=active&ad_type=all&country=US&media_type=all&q=rechargeable%20hand%20warmer&search_type=keyword_unordered,2026-10-04,mcp__Firecrawl__firecrawl_scrape,https://www.facebook.com/ads/library/?active_status=active&ad_type=all&country=US&media_type=all&q=rechargeable%20hand%20warmer&search_type=keyword_unordered,freeform,MESURÉ,ok,,comp2-1
E0138,P1,rechargeable-hand-warmer,Chauffe-mains électrique rechargeable,"Rechargeable electric hand warmer (magnetic 2-pack, incl. spinner version)",sport-plein-air,VALIDE → ÉLIMINÉ : étage 2 : panier moyen 37.23 € < 45 €,DO,O,meta_us_relevant_ads,8,cards out of first 20,"8. Norbbshop
Started running on Sep 19, 2026
Library ID: 1082779934299054
norbbshop.com
2-in-1 Rechargeable Magnetic Hand Warmers",n/a,https://www.facebook.com/ads/library/?active_status=active&ad_type=all&country=US&media_type=all&q=rechargeable%20hand%20warmer&search_type=keyword_unordered,2026-10-04,mcp__Firecrawl__firecrawl_scrape,https://www.facebook.com/ads/library/?active_status=active&ad_type=all&country=US&media_type=all&q=rechargeable%20hand%20warmer&search_type=keyword_unordered,freeform,MESURÉ,ok,,comp2-1
E0139,P1,rechargeable-hand-warmer,Chauffe-mains électrique rechargeable,"Rechargeable electric hand warmer (magnetic 2-pack, incl. spinner version)",sport-plein-air,VALIDE → ÉLIMINÉ : étage 2 : panier moyen 37.23 € < 45 €,DO,O,meta_us_ad,322,days since start,"19. Ignik Outdoors
Started running on Nov 16, 2025
Library ID: 1553030309215430
ignik.com
rechargeable hand warmer",1553030309215430,https://www.facebook.com/ads/library/?active_status=active&ad_type=all&country=US&media_type=all&q=rechargeable%20hand%20warmer&search_type=keyword_unordered,2026-10-04,mcp__Firecrawl__firecrawl_scrape,https://www.facebook.com/ads/library/?active_status=active&ad_type=all&country=US&media_type=all&q=rechargeable%20hand%20warmer&search_type=keyword_unordered,freeform,MESURÉ,ok,,comp2-1
E0140,P1,rechargeable-hand-warmer,Chauffe-mains électrique rechargeable,"Rechargeable electric hand warmer (magnetic 2-pack, incl. spinner version)",sport-plein-air,VALIDE → ÉLIMINÉ : étage 2 : panier moyen 37.23 € < 45 €,DO,O,meta_us_ad,23,days since start,"18. Dailyardmax
Started running on Sep 11, 2026
Library ID: 2975322699474811
dailyardmax.com
Magnetic Split Hand Warmer",2975322699474811,https://www.facebook.com/ads/library/?active_status=active&ad_type=all&country=US&media_type=all&q=rechargeable%20hand%20warmer&search_type=keyword_unordered,2026-10-04,mcp__Firecrawl__firecrawl_scrape,https://www.facebook.com/ads/library/?active_status=active&ad_type=all&country=US&media_type=all&q=rechargeable%20hand%20warmer&search_type=keyword_unordered,freeform,MESURÉ,ok,,comp2-1
E0141,P1,self-leveling-cross-line-laser-level,Niveau laser autonivelant à lignes croisées,Self-leveling cross-line laser level,bricolage,VALIDE → ÉLIMINÉ : étage 2 : prix 124.9 € < 4 × coût livré (32.88 €),DO,D,amazon_us_ratings,4100,ratings,"Motovera Self Leveling Laser Level 100ft, Gr, $37.99, (4.1K), 5K+ bought in past month, B0DX1T6D1M",B0DX1T6D1M,https://www.amazon.com/s?k=laser+level+self+leveling,2026-10-04,mcp__Firecrawl__firecrawl_scrape,https://www.amazon.com/s?k=laser+level+self+leveling,freeform,MESURÉ,ok,,r2-3#7
E0142,P1,self-leveling-cross-line-laser-level,Niveau laser autonivelant à lignes croisées,Self-leveling cross-line laser level,bricolage,VALIDE → ÉLIMINÉ : étage 2 : prix 124.9 € < 4 × coût livré (32.88 €),DO,D,amazon_us_bought_past_month,5000,units/month (badge 5K+),"Motovera Self Leveling Laser Level 100ft, Gr, $37.99, (4.1K), 5K+ bought in past month, B0DX1T6D1M",B0DX1T6D1M,https://www.amazon.com/s?k=laser+level+self+leveling,2026-10-04,mcp__Firecrawl__firecrawl_scrape,https://www.amazon.com/s?k=laser+level+self+leveling,freeform,MESURÉ,ok,,r2-3#7
E0143,P1,self-leveling-cross-line-laser-level,Niveau laser autonivelant à lignes croisées,Self-leveling cross-line laser level,bricolage,VALIDE → ÉLIMINÉ : étage 2 : prix 124.9 € < 4 × coût livré (32.88 €),DO,O,meta_us_results,16,results,~16 results,n/a,https://www.facebook.com/ads/library/?active_status=active&ad_type=all&country=US&media_type=all&q=self%20leveling%20cross%20line%20laser%20level&search_type=keyword_unordered,2026-10-04,mcp__Firecrawl__firecrawl_scrape,https://www.facebook.com/ads/library/?active_status=active&ad_type=all&country=US&media_type=all&q=self%20leveling%20cross%20line%20laser%20level&search_type=keyword_unordered,freeform,MESURÉ,ok,,comp2-2
E0144,P1,self-leveling-cross-line-laser-level,Niveau laser autonivelant à lignes croisées,Self-leveling cross-line laser level,bricolage,VALIDE → ÉLIMINÉ : étage 2 : prix 124.9 € < 4 × coût livré (32.88 €),DO,O,meta_us_relevant_ads,12,ads out of 14 shown,"Declaredover.co, Started running on Sep 24, 2026, Library ID: 1104821211997819, none, WWW.DECLAREDOVER.COM, 90° Electronic Cross-Line Laser Level",n/a,https://www.facebook.com/ads/library/?active_status=active&ad_type=all&country=US&media_type=all&q=self%20leveling%20cross%20line%20laser%20level&search_type=keyword_unordered,2026-10-04,mcp__Firecrawl__firecrawl_scrape,https://www.facebook.com/ads/library/?active_status=active&ad_type=all&country=US&media_type=all&q=self%20leveling%20cross%20line%20laser%20level&search_type=keyword_unordered,freeform,MESURÉ,ok,,comp2-2
E0145,P1,self-leveling-cross-line-laser-level,Niveau laser autonivelant à lignes croisées,Self-leveling cross-line laser level,bricolage,VALIDE → ÉLIMINÉ : étage 2 : prix 124.9 € < 4 × coût livré (32.88 €),DO,O,meta_us_ad,94,days since start,"Welfareis shop, Started running on Jul 2, 2026, Library ID: 27297389833204660, none, WELFAREIS.COM, Cross-Line Laser Level",27297389833204660,https://www.facebook.com/ads/library/?active_status=active&ad_type=all&country=US&media_type=all&q=self%20leveling%20cross%20line%20laser%20level&search_type=keyword_unordered,2026-10-04,mcp__Firecrawl__firecrawl_scrape,https://www.facebook.com/ads/library/?active_status=active&ad_type=all&country=US&media_type=all&q=self%20leveling%20cross%20line%20laser%20level&search_type=keyword_unordered,freeform,MESURÉ,ok,,comp2-2
E0146,P1,slim-wallet-tracker-card,Carte traceur ultra-fine pour portefeuille,Slim wallet tracker card compatible with Find My,auto-voyage,VALIDE,DO,D,amazon_us_rank,21,rang,"#21, Ridge Tracker Card Compatible with Apple Find My, Compatible with Android Slim Tracking Card - Wallet Finder",B0H7YX328P,https://www.amazon.com/gp/new-releases/electronics/,2026-10-04,mcp__Firecrawl__firecrawl_scrape,https://www.amazon.com/gp/new-releases/electronics/,freeform,MESURÉ,ok,,amz-C#2
E0147,P1,slim-wallet-tracker-card,Carte traceur ultra-fine pour portefeuille,Slim wallet tracker card compatible with Find My,auto-voyage,VALIDE,DO,D,amazon_us_ratings,1022,avis,"IP68 Water Resistance, $39.00, 1,022, B0H7YX328P",B0H7YX328P,https://www.amazon.com/gp/new-releases/electronics/,2026-10-04,mcp__Firecrawl__firecrawl_scrape,https://www.amazon.com/gp/new-releases/electronics/,freeform,MESURÉ,ok,,amz-C#2
E0148,P1,slim-wallet-tracker-card,Carte traceur ultra-fine pour portefeuille,Slim wallet tracker card compatible with Find My,auto-voyage,VALIDE,DO,O,meta_us_results,1500,results,"~1,500 results",n/a,https://www.facebook.com/ads/library/?active_status=active&ad_type=all&country=US&media_type=all&q=wallet%20tracker%20card&search_type=keyword_unordered,2026-10-04,mcp__Firecrawl__firecrawl_scrape,https://www.facebook.com/ads/library/?active_status=active&ad_type=all&country=US&media_type=all&q=wallet%20tracker%20card&search_type=keyword_unordered,freeform,MESURÉ,ok,,comp-2
E0149,P1,slim-wallet-tracker-card,Carte traceur ultra-fine pour portefeuille,Slim wallet tracker card compatible with Find My,auto-voyage,VALIDE,DO,O,meta_us_relevant_ads,13,ads out of first 20,"3. Spotminders, Aug 4, 2026, Library ID: 1583316106509551, www.spotminders.com, wallet tracker card",n/a,https://www.facebook.com/ads/library/?active_status=active&ad_type=all&country=US&media_type=all&q=wallet%20tracker%20card&search_type=keyword_unordered,2026-10-04,mcp__Firecrawl__firecrawl_scrape,https://www.facebook.com/ads/library/?active_status=active&ad_type=all&country=US&media_type=all&q=wallet%20tracker%20card&search_type=keyword_unordered,freeform,MESURÉ,ok,,comp-2
E0150,P1,slim-wallet-tracker-card,Carte traceur ultra-fine pour portefeuille,Slim wallet tracker card compatible with Find My,auto-voyage,VALIDE,DO,O,meta_us_ad,241,days since launch,"13. Spotminders, Feb 5, 2026, Library ID: 1781106465917879, spotminders.com, tracking cards",1781106465917879,https://www.facebook.com/ads/library/?id=1781106465917879,2026-10-04,mcp__Firecrawl__firecrawl_scrape,https://www.facebook.com/ads/library/?active_status=active&ad_type=all&country=US&media_type=all&q=wallet%20tracker%20card&search_type=keyword_unordered,freeform,MESURÉ,ok,,comp-2
E0151,P1,sunrise-wake-up-light,Réveil lumineux simulateur d'aube,Sunrise simulation wake-up light alarm clock,bien-etre-non-medical,VALIDE → ÉLIMINÉ : étage 2 : prix 59.9 € < 4 × coût livré (25.26 €),DO,O,meta_us_ad,25,jours,"8. Rise Centered Sunrise Alarm Clock
Started running on Sep 9, 2026
Library ID: 1722058822371815
risecentered.com
sunrise alarm clock",1722058822371815,https://www.facebook.com/ads/library/?active_status=active&ad_type=all&country=US&media_type=all&q=sunrise%20alarm%20clock&search_type=keyword_unordered,2026-10-04,mcp__Firecrawl__firecrawl_scrape,sunrise alarm clock,freeform,MESURÉ,ok,,r2-1#7
E0152,P1,sunrise-wake-up-light,Réveil lumineux simulateur d'aube,Sunrise simulation wake-up light alarm clock,bien-etre-non-medical,VALIDE → ÉLIMINÉ : étage 2 : prix 59.9 € < 4 × coût livré (25.26 €),DO,O,meta_us_ad,76,jours,"7. Life Tips From Us
Started running on Jul 20, 2026
Library ID: 1569487318004594
3 ads use this creative and text
amzn.markable.ai
book lamp sunrise alarm",1569487318004594,https://www.facebook.com/ads/library/?active_status=active&ad_type=all&country=US&media_type=all&q=sunrise%20alarm%20clock&search_type=keyword_unordered,2026-10-04,mcp__Firecrawl__firecrawl_scrape,sunrise alarm clock,freeform,MESURÉ,ok,,r2-1#7
E0153,P1,sunrise-wake-up-light,Réveil lumineux simulateur d'aube,Sunrise simulation wake-up light alarm clock,bien-etre-non-medical,VALIDE → ÉLIMINÉ : étage 2 : prix 59.9 € < 4 × coût livré (25.26 €),DO,O,meta_us_variants,3,ads,3 ads use this creative and text,1569487318004594,https://www.facebook.com/ads/library/?active_status=active&ad_type=all&country=US&media_type=all&q=sunrise%20alarm%20clock&search_type=keyword_unordered,2026-10-04,mcp__Firecrawl__firecrawl_scrape,sunrise alarm clock,freeform,MESURÉ,ok,,r2-1#7
E0154,P1,sunrise-wake-up-light,Réveil lumineux simulateur d'aube,Sunrise simulation wake-up light alarm clock,bien-etre-non-medical,VALIDE → ÉLIMINÉ : étage 2 : prix 59.9 € < 4 × coût livré (25.26 €),DO,O,meta_us_ad,38,jours,"6. At Home with Audrey Ross
Started running on Aug 27, 2026
Library ID: 4450604591855236
www.amazon.com
sunrise alarm clock",4450604591855236,https://www.facebook.com/ads/library/?active_status=active&ad_type=all&country=US&media_type=all&q=sunrise%20alarm%20clock&search_type=keyword_unordered,2026-10-04,mcp__Firecrawl__firecrawl_scrape,sunrise alarm clock,freeform,MESURÉ,ok,,r2-1#7
E0155,P1,sunrise-wake-up-light,Réveil lumineux simulateur d'aube,Sunrise simulation wake-up light alarm clock,bien-etre-non-medical,VALIDE → ÉLIMINÉ : étage 2 : prix 59.9 € < 4 × coût livré (25.26 €),DO,D,amazon_us_ratings,3200,ratings (displayed as 3.2K),"1. Hatch Restore 3 | Science-Backed Sleep Audio, Circadian Lighting (Putty) | White noise machine & sunrise al...
$169.99
(3.2K)
8K+ bought in past month
B0DLLSCVZW",B0DLLSCVZW,https://www.amazon.com/s?k=sunrise+alarm+clock+wake+up+light,2026-10-04,mcp__Firecrawl__firecrawl_scrape,https://www.amazon.com/s?k=sunrise+alarm+clock+wake+up+light,freeform,ESTIMATION,ok,,comp2-1
E0156,P1,sunrise-wake-up-light,Réveil lumineux simulateur d'aube,Sunrise simulation wake-up light alarm clock,bien-etre-non-medical,VALIDE → ÉLIMINÉ : étage 2 : prix 59.9 € < 4 × coût livré (25.26 €),DO,D,amazon_us_bought_past_month,8000,units (badge 8K+),"8K+ bought in past month
B0DLLSCVZW",B0DLLSCVZW,https://www.amazon.com/s?k=sunrise+alarm+clock+wake+up+light,2026-10-04,mcp__Firecrawl__firecrawl_scrape,https://www.amazon.com/s?k=sunrise+alarm+clock+wake+up+light,freeform,MESURÉ,ok,,comp2-1
E0157,P1,sunrise-wake-up-light,Réveil lumineux simulateur d'aube,Sunrise simulation wake-up light alarm clock,bien-etre-non-medical,VALIDE → ÉLIMINÉ : étage 2 : prix 59.9 € < 4 × coût livré (25.26 €),DO,D,amazon_us_bought_past_month,6000,units (badge 6K+),"2. Odokee Sunrise Alarm Clock White Noise Machine: Natural Wake Up Light | Dimmable Clock with Bluetooth Speak...
$59.99
(2.2K)
6K+ bought in past month
B0DGXD6WVW",B0DGXD6WVW,https://www.amazon.com/s?k=sunrise+alarm+clock+wake+up+light,2026-10-04,mcp__Firecrawl__firecrawl_scrape,https://www.amazon.com/s?k=sunrise+alarm+clock+wake+up+light,freeform,MESURÉ,ok,,comp2-1
E0158,P1,titanium-cutting-board,Planche à découper en titane,Double-sided titanium cutting board,cuisine,VALIDE,DO,D,amazon_us_rank,8,rang,"08. Titanium Cutting Boards for Kitchen, Double-sided non-toxic Pure Titanium Cutting Board, Dishwasher Safe Chopping & Kneading , $49.99, _5.0 out of 5 stars_ 34, B0HC6RS54M",B0HC6RS54M,https://www.amazon.com/gp/new-releases/kitchen/,2026-10-04,mcp__Firecrawl__firecrawl_scrape,https://www.amazon.com/gp/new-releases/kitchen/,freeform,MESURÉ,ok,,amz-A#3
E0159,P1,titanium-cutting-board,Planche à découper en titane,Double-sided titanium cutting board,cuisine,VALIDE,DO,D,amazon_us_ratings,34,avis,"08. Titanium Cutting Boards for Kitchen, Double-sided non-toxic Pure Titanium Cutting Board, Dishwasher Safe Chopping & Kneading , $49.99, _5.0 out of 5 stars_ 34, B0HC6RS54M",B0HC6RS54M,https://www.amazon.com/gp/new-releases/kitchen/,2026-10-04,mcp__Firecrawl__firecrawl_scrape,https://www.amazon.com/gp/new-releases/kitchen/,freeform,MESURÉ,ok,,amz-A#3
E0160,P1,titanium-cutting-board,Planche à découper en titane,Double-sided titanium cutting board,cuisine,VALIDE,DO,D,amazon_us_rank,17,rang,"17. Katori Titanium Cutting Boards for Kitchen-100% Pure Titanium Cutting Board set Double Sided Non Toxic Titanware Chopping Boa, $59.75, _4.7 out of 5 stars_ 31, B0HKN84R88",B0HKN84R88,https://www.amazon.com/gp/new-releases/kitchen/,2026-10-04,mcp__Firecrawl__firecrawl_scrape,https://www.amazon.com/gp/new-releases/kitchen/,freeform,MESURÉ,ok,,amz-A#3
E0161,P1,titanium-cutting-board,Planche à découper en titane,Double-sided titanium cutting board,cuisine,VALIDE,DO,O,meta_us_results,9000,results,"~9,000 results",n/a,https://www.facebook.com/ads/library/?active_status=active&ad_type=all&country=US&media_type=all&q=titanium%20cutting%20board&search_type=keyword_unordered,2026-10-04,mcp__Firecrawl__firecrawl_scrape,https://www.facebook.com/ads/library/?active_status=active&ad_type=all&country=US&media_type=all&q=titanium%20cutting%20board&search_type=keyword_unordered,freeform,MESURÉ,ok,,comp-1
E0162,P1,titanium-cutting-board,Planche à découper en titane,Double-sided titanium cutting board,cuisine,VALIDE,DO,O,meta_us_relevant_ads,10,ads among first 20 cards,"17. Page name: Auntie Rues
Started running on: Aug 14, 2026
Library ID: 2009060763830356
Landing domain: auntierues.com
Physical product advertised: KatanaFlex Grade 1 titanium cutting board",n/a,https://www.facebook.com/ads/library/?active_status=active&ad_type=all&country=US&media_type=all&q=titanium%20cutting%20board&search_type=keyword_unordered,2026-10-04,mcp__Firecrawl__firecrawl_scrape,https://www.facebook.com/ads/library/?active_status=active&ad_type=all&country=US&media_type=all&q=titanium%20cutting%20board&search_type=keyword_unordered,freeform,MESURÉ,ok,,comp-1
E0163,P1,titanium-cutting-board,Planche à découper en titane,Double-sided titanium cutting board,cuisine,VALIDE,DO,O,meta_us_ad,270,days since start,"4. Page name: Pure Cut
Started running on: Jan 7, 2026
Library ID: 908824048164209
Landing domain: purecut.co
Physical product advertised: TitanPro 2 Cutting Board",908824048164209,https://www.facebook.com/ads/library/?active_status=active&ad_type=all&country=US&media_type=all&q=titanium%20cutting%20board&search_type=keyword_unordered,2026-10-04,mcp__Firecrawl__firecrawl_scrape,https://www.facebook.com/ads/library/?active_status=active&ad_type=all&country=US&media_type=all&q=titanium%20cutting%20board&search_type=keyword_unordered,freeform,MESURÉ,ok,,comp-1
E0164,P1,ultrasonic-anti-bark-device,Boîtier anti-aboiement à ultrasons,Ultrasonic anti-barking device,animaux,VALIDE,DO,D,amazon_us_rank,26,rang,"26. Anti Barking Device for Dogs, Dog Bark Deterrent Devices, 3 Modes \| Bark Box with 3 ultrasonic modes and up to 50 ft range, for indoor and outdoor use, helps discourage nearby dogs' barking",B0HBN3DM3N,https://www.amazon.com/gp/new-releases/pet-supplies/,2026-10-04,mcp__Firecrawl__firecrawl_scrape,https://www.amazon.com/gp/new-releases/pet-supplies/,freeform,MESURÉ,ok,,amz-B#8
E0165,P1,ultrasonic-anti-bark-device,Boîtier anti-aboiement à ultrasons,Ultrasonic anti-barking device,animaux,VALIDE,DO,D,amazon_us_ratings,292,avis,helps discourage nearby dogs' barking | $39.99 | 292 | B0HBN3DM3N,B0HBN3DM3N,https://www.amazon.com/gp/new-releases/pet-supplies/,2026-10-04,mcp__Firecrawl__firecrawl_scrape,https://www.amazon.com/gp/new-releases/pet-supplies/,freeform,MESURÉ,ok,,amz-B#8
E0166,P1,ultrasonic-anti-bark-device,Boîtier anti-aboiement à ultrasons,Ultrasonic anti-barking device,animaux,VALIDE,DO,O,meta_us_results,25,ads,~25 results,n/a,https://www.facebook.com/ads/library/?active_status=active&ad_type=all&country=US&media_type=all&q=ultrasonic%20bark%20control%20device&search_type=keyword_unordered,2026-10-04,mcp__Firecrawl__firecrawl_scrape,https://www.facebook.com/ads/library/?active_status=active&ad_type=all&country=US&media_type=all&q=ultrasonic%20bark%20control%20device&search_type=keyword_unordered,markdown,MESURÉ,ok,,comp-4
E0167,P1,ultrasonic-anti-bark-device,Boîtier anti-aboiement à ultrasons,Ultrasonic anti-barking device,animaux,VALIDE,DO,O,meta_us_relevant_ads,20,ads among first 20,"QuietPaws ultrasonic device stops dog barking at everything, from strangers to other dogs and doorbells. No shocks, humane and effective.",n/a,https://www.facebook.com/ads/library/?active_status=active&ad_type=all&country=US&media_type=all&q=ultrasonic%20bark%20control%20device&search_type=keyword_unordered,2026-10-04,mcp__Firecrawl__firecrawl_scrape,https://www.facebook.com/ads/library/?active_status=active&ad_type=all&country=US&media_type=all&q=ultrasonic%20bark%20control%20device&search_type=keyword_unordered,markdown,MESURÉ,ok,,comp-4
E0168,P1,ultrasonic-anti-bark-device,Boîtier anti-aboiement à ultrasons,Ultrasonic anti-barking device,animaux,VALIDE,DO,O,meta_us_ad,157,days since start,"Library ID: 1297560035774780
Started running on Apr 30, 2026 ... [Happy-Luna] ... 🐾 Handheld Ultrasonic Dog Bark Control Device",1297560035774780,https://www.facebook.com/ads/library/?active_status=active&ad_type=all&country=US&media_type=all&q=ultrasonic%20bark%20control%20device&search_type=keyword_unordered,2026-10-04,mcp__Firecrawl__firecrawl_scrape,https://www.facebook.com/ads/library/?active_status=active&ad_type=all&country=US&media_type=all&q=ultrasonic%20bark%20control%20device&search_type=keyword_unordered,markdown,MESURÉ,ok,,comp-4
E0169,P1,vacuum-mason-jar-lids,Couvercles sous vide pour bocaux,Airtight vacuum mason jar lids with pump,cuisine,VALIDE,DO,O,meta_us_ad,354,jours,"Page name: Food Storage Tips
Started running on: Oct 15, 2025
Library ID: 1340571287661050
Landing domain: masongenie.com
Physical product advertised: food storage jar lid",1340571287661050,https://www.facebook.com/ads/library/?active_status=active&ad_type=all&country=US&media_type=all&q=kitchen%20gadget&search_type=keyword_unordered,2026-10-04,mcp__Firecrawl__firecrawl_scrape,kitchen gadget,freeform,MESURÉ,ok,,meta-A#1
E0170,P1,vacuum-mason-jar-lids,Couvercles sous vide pour bocaux,Airtight vacuum mason jar lids with pump,cuisine,VALIDE,DO,O,meta_us_ad,199,jours,"Page name: Food Storage Tips
Started running on: Mar 19, 2026
Library ID: 2891638684364223
Landing domain: masongenie.com",2891638684364223,https://www.facebook.com/ads/library/?active_status=active&ad_type=all&country=US&media_type=all&q=kitchen%20gadget&search_type=keyword_unordered,2026-10-04,mcp__Firecrawl__firecrawl_scrape,kitchen gadget,freeform,MESURÉ,ok,,meta-A#1
E0171,P1,vacuum-mason-jar-lids,Couvercles sous vide pour bocaux,Airtight vacuum mason jar lids with pump,cuisine,VALIDE,DO,O,meta_us_ad,40,jours,"Page name: Mason Genie
Started running on: Aug 25, 2026
Library ID: 2463208937505125
Landing domain: masongenie.com
Physical product advertised: airtight jar lids",2463208937505125,https://www.facebook.com/ads/library/?active_status=active&ad_type=all&country=US&media_type=all&q=kitchen%20gadget&search_type=keyword_unordered,2026-10-04,mcp__Firecrawl__firecrawl_scrape,kitchen gadget,freeform,MESURÉ,ok,,meta-A#1
E0172,P1,vacuum-mason-jar-lids,Couvercles sous vide pour bocaux,Airtight vacuum mason jar lids with pump,cuisine,VALIDE,DO,O,meta_us_ad,25,jours,"Page name: Saving Food With Sally
Started running on: Sep 9, 2026
Library ID: 996547129957275
N ads use this creative and text: 2 ads use this creative and text",996547129957275,https://www.facebook.com/ads/library/?active_status=active&ad_type=all&country=US&media_type=all&q=kitchen%20gadget&search_type=keyword_unordered,2026-10-04,mcp__Firecrawl__firecrawl_scrape,kitchen gadget,freeform,MESURÉ,ok,,meta-A#1
E0173,P1,vacuum-mason-jar-lids,Couvercles sous vide pour bocaux,Airtight vacuum mason jar lids with pump,cuisine,VALIDE,DO,O,meta_us_variants,2,ads,"Library ID: 996547129957275
N ads use this creative and text: 2 ads use this creative and text
Landing domain: no landing domain shown
Physical product advertised: mason jar lids",996547129957275,https://www.facebook.com/ads/library/?active_status=active&ad_type=all&country=US&media_type=all&q=kitchen%20gadget&search_type=keyword_unordered,2026-10-04,mcp__Firecrawl__firecrawl_scrape,kitchen gadget,freeform,MESURÉ,ok,,meta-A#1
E0174,P1,vacuum-mason-jar-lids,Couvercles sous vide pour bocaux,Airtight vacuum mason jar lids with pump,cuisine,VALIDE,DO,D,amazon_us_ratings,18900,ratings,"2. LOVE MOMENT Electric Mason Jar Vacuum Sealer Kit with One Touch Auto-Pause
$22.09
(18.9K)",B0BDDX27WT,https://www.amazon.com/s?k=mason+jar+vacuum+sealer+lids,2026-10-04,mcp__Firecrawl__firecrawl_scrape,https://www.amazon.com/s?k=mason+jar+vacuum+sealer+lids,freeform,MESURÉ,ok,,comp-5
E0175,P1,vacuum-mason-jar-lids,Couvercles sous vide pour bocaux,Airtight vacuum mason jar lids with pump,cuisine,VALIDE,DO,D,amazon_us_bought_past_month,10000,units/month (lower bound),"10K+ bought in past month
B0BDDX27WT",B0BDDX27WT,https://www.amazon.com/s?k=mason+jar+vacuum+sealer+lids,2026-10-04,mcp__Firecrawl__firecrawl_scrape,https://www.amazon.com/s?k=mason+jar+vacuum+sealer+lids,freeform,MESURÉ,ok,,comp-5
E0176,P1,vacuum-suction-phone-mount,Support de téléphone à ventouse sous vide,Vacuum suction phone mount,bureau-tech,VALIDE → ÉLIMINÉ : étage 2 : panier moyen 37.23 € < 45 €,DO,O,meta_us_ad,443,jours,"Page name: Shopellox
Started running on Jul 18, 2025
Library ID: 607088018727560
N ads use this creative and text: 3 ads use this creative and text",607088018727560,https://www.facebook.com/ads/library/?active_status=active&ad_type=all&country=US&media_type=all&q=magnetic%20phone%20mount&search_type=keyword_unordered,2026-10-04,mcp__Firecrawl__firecrawl_scrape,magnetic phone mount,freeform,MESURÉ,ok,,r2-4#6
E0177,P1,vacuum-suction-phone-mount,Support de téléphone à ventouse sous vide,Vacuum suction phone mount,bureau-tech,VALIDE → ÉLIMINÉ : étage 2 : panier moyen 37.23 € < 45 €,DO,O,meta_us_variants,3,pubs,"Library ID: 607088018727560
N ads use this creative and text: 3 ads use this creative and text
Landing domain: no domain listed
Product: vacuum suction grips",607088018727560,https://www.facebook.com/ads/library/?active_status=active&ad_type=all&country=US&media_type=all&q=magnetic%20phone%20mount&search_type=keyword_unordered,2026-10-04,mcp__Firecrawl__firecrawl_scrape,magnetic phone mount,freeform,MESURÉ,ok,,r2-4#6
E0178,P1,vacuum-suction-phone-mount,Support de téléphone à ventouse sous vide,Vacuum suction phone mount,bureau-tech,VALIDE → ÉLIMINÉ : étage 2 : panier moyen 37.23 € < 45 €,DO,D,amazon_us_ratings,3400,ratings (displayed as 3.4k),Number of ratings: (3.4k),B0GVDCFQT2,https://www.amazon.com/s?k=vacuum+suction+phone+mount,2026-10-04,mcp__Firecrawl__firecrawl_scrape,https://www.amazon.com/s?k=vacuum+suction+phone+mount,freeform,ESTIMATION,ok,,comp2-1
E0179,P1,vacuum-suction-phone-mount,Support de téléphone à ventouse sous vide,Vacuum suction phone mount,bureau-tech,VALIDE → ÉLIMINÉ : étage 2 : panier moyen 37.23 € < 45 €,DO,D,amazon_us_bought_past_month,3000,units (badge 3K+),Bought in past month text: 3K+ bought in past month,B0GVDCFQT2,https://www.amazon.com/s?k=vacuum+suction+phone+mount,2026-10-04,mcp__Firecrawl__firecrawl_scrape,https://www.amazon.com/s?k=vacuum+suction+phone+mount,freeform,MESURÉ,ok,,comp2-1
E0180,P1,weighted-under-door-draft-stopper,Boudin de porte lesté anti-courant d'air,Weighted velvet under-door draft stopper,maison-rangement,VALIDE,DO,D,amazon_us_ratings,1500,ratings,"Ciieyuo Premium Velvet Under Door Draft Stopper, Adjustable 30-36 Inches
$20.99
(1.5K)",B0DHRG5WC6,https://www.amazon.com/s?k=door+draft+stopper,2026-10-04,mcp__Firecrawl__firecrawl_scrape,https://www.amazon.com/s?k=door+draft+stopper,freeform,MESURÉ,ok,,r2-3#1
E0181,P1,weighted-under-door-draft-stopper,Boudin de porte lesté anti-courant d'air,Weighted velvet under-door draft stopper,maison-rangement,VALIDE,DO,D,amazon_us_bought_past_month,1000,units/month (badge 1K+),"(1.5K)
1K+ bought in past month
B0DHRG5WC6",B0DHRG5WC6,https://www.amazon.com/s?k=door+draft+stopper,2026-10-04,mcp__Firecrawl__firecrawl_scrape,https://www.amazon.com/s?k=door+draft+stopper,freeform,MESURÉ,ok,,r2-3#1
E0182,P1,weighted-under-door-draft-stopper,Boudin de porte lesté anti-courant d'air,Weighted velvet under-door draft stopper,maison-rangement,VALIDE,DO,D,amazon_us_ratings,11800,ratings,"MAXTID Large Door Draft Stopper for Bottom of Doors 36” Under Door Sweep Noise Blocker Black Gap Stoppers Adjustable Doors
$16.98
(11.8K)
4K+ bought in past month",B0B3DQNCCV,https://www.amazon.com/s?k=door+draft+stopper,2026-10-04,mcp__Firecrawl__firecrawl_scrape,https://www.amazon.com/s?k=door+draft+stopper,freeform,MESURÉ,ok,,r2-3#1
E0183,P1,weighted-under-door-draft-stopper,Boudin de porte lesté anti-courant d'air,Weighted velvet under-door draft stopper,maison-rangement,VALIDE,DO,D,amazon_us_bought_past_month,800,units/month (badge 800+),"GORILLA GRIP Weighted Door Draft Stopper for Bottom of Doors, 32in Grey
$19.99
(2.2K)
800+ bought in past month",B0CP9Y1QHH,https://www.amazon.com/s?k=door+draft+stopper,2026-10-04,mcp__Firecrawl__firecrawl_scrape,https://www.amazon.com/s?k=door+draft+stopper,freeform,MESURÉ,ok,,r2-3#1
E0184,P1,weighted-under-door-draft-stopper,Boudin de porte lesté anti-courant d'air,Weighted velvet under-door draft stopper,maison-rangement,VALIDE,DO,O,meta_us_results,180,results,~180 results,n/a,https://www.facebook.com/ads/library/?active_status=active&ad_type=all&country=US&media_type=all&q=door%20draft%20stopper&search_type=keyword_unordered,2026-10-04,mcp__Firecrawl__firecrawl_scrape,https://www.facebook.com/ads/library/?active_status=active&ad_type=all&country=US&media_type=all&q=door%20draft%20stopper&search_type=keyword_unordered,freeform,MESURÉ,ok,,comp2-2
E0185,P1,weighted-under-door-draft-stopper,Boudin de porte lesté anti-courant d'air,Weighted velvet under-door draft stopper,maison-rangement,VALIDE,DO,O,meta_us_relevant_ads,5,ads out of first 20,"Dovemead, Sep 30, 2026, 1441000191249934, none, dovemead.com, triple seal under door draft stopper",n/a,https://www.facebook.com/ads/library/?active_status=active&ad_type=all&country=US&media_type=all&q=door%20draft%20stopper&search_type=keyword_unordered,2026-10-04,mcp__Firecrawl__firecrawl_scrape,https://www.facebook.com/ads/library/?active_status=active&ad_type=all&country=US&media_type=all&q=door%20draft%20stopper&search_type=keyword_unordered,freeform,ESTIMATION,ok,,comp2-2
E0186,P1,weighted-under-door-draft-stopper,Boudin de porte lesté anti-courant d'air,Weighted velvet under-door draft stopper,maison-rangement,VALIDE,DO,O,meta_us_ad,269,days since start,"Shopellox, Jan 8, 2026, 1191073439870143, none, shopellox.com, double sided door draft stopper",1191073439870143,https://www.facebook.com/ads/library/?active_status=active&ad_type=all&country=US&media_type=all&q=door%20draft%20stopper&search_type=keyword_unordered,2026-10-04,mcp__Firecrawl__firecrawl_scrape,https://www.facebook.com/ads/library/?active_status=active&ad_type=all&country=US&media_type=all&q=door%20draft%20stopper&search_type=keyword_unordered,freeform,MESURÉ,ok,,comp2-2
E0187,P1,wireless-wall-sconce-magnetic-bulb,Appliques murales sans fil rechargeables avec télécommande,Rechargeable wireless wall sconces with magnetic bulb and remote,maison-rangement,VALIDE → ÉLIMINÉ : étage 2 : prix 49.9 € < 4 × coût livré (35.11 €),DO,D,amazon_us_rank,21,rang,"21. Battery Operated Wall Sconces, Gold, 2 Pack with Magnetic Bulbs,RF Remote | 12000mAh,Stepless Dimming & Tunable Color Temp,7 RGB color,Timer & Memory,",B0H4YXSG4H,https://www.amazon.com/gp/new-releases/hi/,2026-10-04,mcp__Firecrawl__firecrawl_scrape,https://www.amazon.com/gp/new-releases/hi/,freeform,MESURÉ,ok,,amz-A#6
E0188,P1,wireless-wall-sconce-magnetic-bulb,Appliques murales sans fil rechargeables avec télécommande,Rechargeable wireless wall sconces with magnetic bulb and remote,maison-rangement,VALIDE → ÉLIMINÉ : étage 2 : prix 49.9 € < 4 × coût livré (35.11 €),DO,D,amazon_us_ratings,40,avis,"for Bedroom, Living Room, Dining Room, Hallway, $39.99, 40, B0H4YXSG4H",B0H4YXSG4H,https://www.amazon.com/gp/new-releases/hi/,2026-10-04,mcp__Firecrawl__firecrawl_scrape,https://www.amazon.com/gp/new-releases/hi/,freeform,MESURÉ,ok,,amz-A#6
E0189,P1,wireless-wall-sconce-magnetic-bulb,Appliques murales sans fil rechargeables avec télécommande,Rechargeable wireless wall sconces with magnetic bulb and remote,maison-rangement,VALIDE → ÉLIMINÉ : étage 2 : prix 49.9 € < 4 × coût livré (35.11 €),DO,O,meta_us_results,6,results,~6 results,n/a,https://www.facebook.com/ads/library/?active_status=active&ad_type=all&country=US&media_type=all&q=battery%20operated%20wall%20sconces&search_type=keyword_unordered,2026-10-04,mcp__Firecrawl__firecrawl_scrape,https://www.facebook.com/ads/library/?active_status=active&ad_type=all&country=US&media_type=all&q=battery%20operated%20wall%20sconces&search_type=keyword_unordered,freeform,MESURÉ,ok,,comp-1
E0190,P1,wireless-wall-sconce-magnetic-bulb,Appliques murales sans fil rechargeables avec télécommande,Rechargeable wireless wall sconces with magnetic bulb and remote,maison-rangement,VALIDE → ÉLIMINÉ : étage 2 : prix 49.9 € < 4 × coût livré (35.11 €),DO,O,meta_us_relevant_ads,2,ads among first 5 cards,Physical product: battery-operated wall sconces ... Physical product: Green Glass Vintage Style Bohemian Battery Operated Wall Sconce,n/a,https://www.facebook.com/ads/library/?active_status=active&ad_type=all&country=US&media_type=all&q=battery%20operated%20wall%20sconces&search_type=keyword_unordered,2026-10-04,mcp__Firecrawl__firecrawl_scrape,https://www.facebook.com/ads/library/?active_status=active&ad_type=all&country=US&media_type=all&q=battery%20operated%20wall%20sconces&search_type=keyword_unordered,freeform,ESTIMATION,ok,,comp-1
E0191,P1,wireless-wall-sconce-magnetic-bulb,Appliques murales sans fil rechargeables avec télécommande,Rechargeable wireless wall sconces with magnetic bulb and remote,maison-rangement,VALIDE → ÉLIMINÉ : étage 2 : prix 49.9 € < 4 × coût livré (35.11 €),DO,O,meta_us_ad,30,days since start,"Page name: Ourlittlepieceofidahome
Started running on Sep 4, 2026
Library ID: 4521606911410445
Landing domain: amzlink.to",4521606911410445,https://www.facebook.com/ads/library/?active_status=active&ad_type=all&country=US&media_type=all&q=battery%20operated%20wall%20sconces&search_type=keyword_unordered,2026-10-04,mcp__Firecrawl__firecrawl_scrape,https://www.facebook.com/ads/library/?active_status=active&ad_type=all&country=US&media_type=all&q=battery%20operated%20wall%20sconces&search_type=keyword_unordered,freeform,MESURÉ,ok,,comp-1
E0192,P1,zip-trading-card-binder,Classeur zippé pour cartes à collectionner,900-pocket zip trading card binder,cadeau-lifestyle,VALIDE,DO,D,amazon_us_rank,21,rang,"#21 Trading Card Binder 9 Pocket,Card Binder 900 Pockets,Card Book Holder Cards with 50 Removable Sleeves,3-Ring Zip Design MTG/TCG/Sport Collectible Trading Card Albums Gifts for Boys and Girls",B0H2HRJK1W,https://www.amazon.com/gp/new-releases/sporting-goods/,2026-10-04,mcp__Firecrawl__firecrawl_scrape,https://www.amazon.com/gp/new-releases/sporting-goods/,freeform,MESURÉ,ok,,amz-B#10
E0193,P1,zip-trading-card-binder,Classeur zippé pour cartes à collectionner,900-pocket zip trading card binder,cadeau-lifestyle,VALIDE,DO,D,amazon_us_ratings,1082,avis,"Gifts for Boys and Girls (Black) | $21.99 | 1,082 | B0H2HRJK1W",B0H2HRJK1W,https://www.amazon.com/gp/new-releases/sporting-goods/,2026-10-04,mcp__Firecrawl__firecrawl_scrape,https://www.amazon.com/gp/new-releases/sporting-goods/,freeform,MESURÉ,ok,,amz-B#10
E0194,P1,zip-trading-card-binder,Classeur zippé pour cartes à collectionner,900-pocket zip trading card binder,cadeau-lifestyle,VALIDE,DO,O,meta_us_results,94,results,~94 results,n/a,https://www.facebook.com/ads/library/?active_status=active&ad_type=all&country=US&media_type=all&q=trading%20card%20binder&search_type=keyword_unordered,2026-10-04,mcp__Firecrawl__firecrawl_scrape,https://www.facebook.com/ads/library/?active_status=active&ad_type=all&country=US&media_type=all&q=trading%20card%20binder&search_type=keyword_unordered,freeform,MESURÉ,ok,,comp-2
E0195,P1,zip-trading-card-binder,Classeur zippé pour cartes à collectionner,900-pocket zip trading card binder,cadeau-lifestyle,VALIDE,DO,O,meta_us_relevant_ads,7,ads out of first 20,"13. Alibaba.com | Aug 6, 2026 | 1020902857443360 | alibaba.com | zipper card binder PU leather trading card album",n/a,https://www.facebook.com/ads/library/?active_status=active&ad_type=all&country=US&media_type=all&q=trading%20card%20binder&search_type=keyword_unordered,2026-10-04,mcp__Firecrawl__firecrawl_scrape,https://www.facebook.com/ads/library/?active_status=active&ad_type=all&country=US&media_type=all&q=trading%20card%20binder&search_type=keyword_unordered,freeform,MESURÉ,ok,,comp-2
E0196,P1,zip-trading-card-binder,Classeur zippé pour cartes à collectionner,900-pocket zip trading card binder,cadeau-lifestyle,VALIDE,DO,O,meta_us_ad,529,days since launch,"3. bindrz | Apr 23, 2025 | 525140244009178 | bindrz.com | One Piece themed trading card binders",525140244009178,https://www.facebook.com/ads/library/?id=525140244009178,2026-10-04,mcp__Firecrawl__firecrawl_scrape,https://www.facebook.com/ads/library/?active_status=active&ad_type=all&country=US&media_type=all&q=trading%20card%20binder&search_type=keyword_unordered,freeform,MESURÉ,ok,,comp-2
E0197,P1,adhesive-silicone-door-draft-seal,Joint bas de porte adhésif en silicone,Adhesive silicone door sweep draft seal strip,bricolage,1 famille,D,D,amazon_us_ratings,49200,ratings,"Holikme Door Draft Stopper 41inch Weather Stripping Door Seal Sweep
$6.99
(49.2K)
10K+ bought in past month
B07MSM6G9R",B07MSM6G9R,https://www.amazon.com/s?k=door+draft+stopper,2026-10-04,mcp__Firecrawl__firecrawl_scrape,https://www.amazon.com/s?k=door+draft+stopper,freeform,MESURÉ,ok,,r2-3#2
E0198,P1,adhesive-silicone-door-draft-seal,Joint bas de porte adhésif en silicone,Adhesive silicone door sweep draft seal strip,bricolage,1 famille,D,D,amazon_us_bought_past_month,10000,units/month (badge 10K+),"Grotheory 2 Pack Door Draft Stopper, Door Sweep, Weather Stripping Seal
$9.99
(39.6K)
10K+ bought in past month
B07ZQ2ZKLW",B07ZQ2ZKLW,https://www.amazon.com/s?k=door+draft+stopper,2026-10-04,mcp__Firecrawl__firecrawl_scrape,https://www.amazon.com/s?k=door+draft+stopper,freeform,MESURÉ,ok,,r2-3#2
E0199,P1,adhesive-silicone-door-draft-seal,Joint bas de porte adhésif en silicone,Adhesive silicone door sweep draft seal strip,bricolage,1 famille,D,D,amazon_us_ratings,24800,ratings,"Vellure® Door Draft Stopper for Bottom of Door - Premium Door Sweep... $9.90
(24.8K)
8K+ bought in past month",B08XWFQ1RL,https://www.amazon.com/s?k=door+draft+stopper,2026-10-04,mcp__Firecrawl__firecrawl_scrape,https://www.amazon.com/s?k=door+draft+stopper,freeform,MESURÉ,ok,,r2-3#2
E0200,P1,adjustable-measuring-cup,Verre doseur ajustable,Adjustable 4-in-1 measuring cup,cuisine,1 famille,,S,tiktok_video,,vues,Discover 10 practical Amazon finds—gadgets that solve daily problems from detergent pumps to adjustable measuring cups.,https://www.tiktok.com/discover/problem-solving-products-2026,https://www.tiktok.com/discover/problem-solving-products-2026,2026-10-04,mcp__Firecrawl__firecrawl_search,site:tiktok.com problem solving gadget,search_snippet,NON MESURÉ,ok,,tiktok#4
E0201,P1,adjustable-measuring-cup,Verre doseur ajustable,Adjustable 4-in-1 measuring cup,cuisine,1 famille,,S,tiktok_video,,vues,"Content includes potential dropshipping ideas and winning products for the Q4 season, such as a portable dog water bottle and a 4-in-1 measuring ...",https://www.tiktok.com/discover/tiktok-made-me-buy-it-2026,https://www.tiktok.com/discover/tiktok-made-me-buy-it-2026,2026-10-04,mcp__Firecrawl__firecrawl_search,site:tiktok.com tiktok made me buy it 2026,search_snippet,NON MESURÉ,ok,,tiktok#4
E0202,P1,automatic-electric-can-opener,Ouvre-boîte électrique automatique,Hands-free electric can opener,cuisine,1 famille,,S,reddit_mention,,votes,Electric tin opener. Fish spatula is a game changer for eggs imo.,https://www.reddit.com/r/BuyItForLife/comments/1mckl5s/requestwhat_are_some_gadgets_that_changed_your/,https://www.reddit.com/r/BuyItForLife/comments/1mckl5s/requestwhat_are_some_gadgets_that_changed_your/,2026-10-04,mcp__Firecrawl__firecrawl_search,site:reddit.com/r/BuyItForLife game changer 2026,search_snippet,NON MESURÉ,ok,,reddit#2
E0203,P1,cake-pan-with-lift-arm,Moule à gâteau avec levier de démoulage,Baking pan with release lift arm,cuisine,1 famille,O,O,meta_us_ad,89,jours,"Elnaz Hamai Home Hacks
Started running on Jul 7, 2026
Library ID: 1580387090453962
socialiqbuys.com
baking pan with release arm",1580387090453962,https://www.facebook.com/ads/library/?active_status=active&ad_type=all&country=US&media_type=all&q=game%20changer%20kitchen&search_type=keyword_unordered,2026-10-04,mcp__Firecrawl__firecrawl_scrape,game changer kitchen,freeform,MESURÉ,ok,,meta-A#6
E0204,P1,cake-pan-with-lift-arm,Moule à gâteau avec levier de démoulage,Baking pan with release lift arm,cuisine,1 famille,O,D,absent,,n/a,"1. Chicago Metallic Professional Slice Solutions Brownie Pan, 9-$16.99(2K)300+ bought in past monthB00YF3AE1S",n/a,https://www.amazon.com/s?k=brownie+pan+with+lifter,2026-10-04,mcp__Firecrawl__firecrawl_scrape,https://www.amazon.com/s?k=brownie+pan+with+lifter,freeform,MESURÉ,ok,,comp-5
E0205,P1,cascading-space-saving-hangers,Cintres gain de place en cascade,Space-saving cascading closet hangers,maison-rangement,1 famille,,S,tiktok_video,,vues,These are some of our favorite dorm problem-solvers: ✨ Tiny closet? → Space-saving hangers & hanging organizers ✨ Uncomfortable dorm mattress? ...,https://www.tiktok.com/discover/best-problem-solving-products,https://www.tiktok.com/discover/best-problem-solving-products,2026-10-04,mcp__Firecrawl__firecrawl_search,site:tiktok.com problem solving gadget,search_snippet,NON MESURÉ,ok,,tiktok#6
E0206,P1,cat-scratcher-rope-basket,Panier griffoir en corde pour chat,Cat scratcher basket with natural rope,animaux,1 famille,O,O,meta_us_ad,86,jours,"Stimulicat, Started running on Jul 10, 2026, Library ID: 1013894471421727, 2 ads use this creative and text, ... scratch basket / natural rope nail file",1013894471421727,https://www.facebook.com/ads/library/?active_status=active&ad_type=all&country=US&media_type=all&q=cat%20owners&search_type=keyword_unordered,2026-10-04,mcp__Firecrawl__firecrawl_scrape,cat owners,freeform,MESURÉ,ok,,meta-B#1
E0207,P1,cat-scratcher-rope-basket,Panier griffoir en corde pour chat,Cat scratcher basket with natural rope,animaux,1 famille,O,O,meta_us_variants,2,pubs,"Stimulicat, Started running on Jul 10, 2026, Library ID: 1013894471421727, 2 ads use this creative and text",1013894471421727,https://www.facebook.com/ads/library/?active_status=active&ad_type=all&country=US&media_type=all&q=cat%20owners&search_type=keyword_unordered,2026-10-04,mcp__Firecrawl__firecrawl_scrape,cat owners,freeform,MESURÉ,ok,,meta-B#1
E0208,P1,cat-scratcher-rope-basket,Panier griffoir en corde pour chat,Cat scratcher basket with natural rope,animaux,1 famille,O,O,meta_us_ad,92,jours,"Stimulicat, Started running on Jul 4, 2026, Library ID: 2026866981539536, ... scratch basket / natural rope nail file",2026866981539536,https://www.facebook.com/ads/library/?active_status=active&ad_type=all&country=US&media_type=all&q=cat%20owners&search_type=keyword_unordered,2026-10-04,mcp__Firecrawl__firecrawl_scrape,cat owners,freeform,MESURÉ,ok,,meta-B#1
E0209,P1,christmas-money-holder-ornament,Boule de Noël porte-billets,Christmas money holder ornament,cadeau-lifestyle,1 famille,O,O,meta_us_ad,50,jours,"ArtveraPrint, Started running on Aug 15, 2026, Library ID: 1352235540398101, 4 ads use this creative and text, ARTVERAPRINT.COM, Cash gift ornament",1352235540398101,https://www.facebook.com/ads/library/?active_status=active&ad_type=all&country=US&media_type=all&q=stocking%20stuffer&search_type=keyword_unordered,2026-10-04,mcp__Firecrawl__firecrawl_scrape,stocking stuffer,freeform,MESURÉ,ok,,meta-C#6
E0210,P1,christmas-money-holder-ornament,Boule de Noël porte-billets,Christmas money holder ornament,cadeau-lifestyle,1 famille,O,O,meta_us_variants,4,pubs,"Library ID: 1352235540398101, 4 ads use this creative and text, ARTVERAPRINT.COM, Cash gift ornament",1352235540398101,https://www.facebook.com/ads/library/?active_status=active&ad_type=all&country=US&media_type=all&q=stocking%20stuffer&search_type=keyword_unordered,2026-10-04,mcp__Firecrawl__firecrawl_scrape,stocking stuffer,freeform,MESURÉ,ok,,meta-C#6
E0211,P1,christmas-money-holder-ornament,Boule de Noël porte-billets,Christmas money holder ornament,cadeau-lifestyle,1 famille,O,O,meta_us_ad,51,jours,"ArtveraStudio, Started running on Aug 14, 2026, Library ID: 1376062414655637, ARTVERASTUDIO.COM, Christmas cash gift ornament",1376062414655637,https://www.facebook.com/ads/library/?active_status=active&ad_type=all&country=US&media_type=all&q=stocking%20stuffer&search_type=keyword_unordered,2026-10-04,mcp__Firecrawl__firecrawl_scrape,stocking stuffer,freeform,MESURÉ,ok,,meta-C#6
E0212,P1,cup-holder-car-phone-mount,Support téléphone pour porte-gobelet de voiture,Cup holder phone mount for car,auto-voyage,1 famille,O,O,meta_us_ad,111,jours,"Page name: Kingwwy cool
Started running on Jun 15, 2026
Library ID: 2094721168148265
Landing domain: kingwwy.com
Product: Car Cup Holder Phone Mount",2094721168148265,https://www.facebook.com/ads/library/?active_status=active&ad_type=all&country=US&media_type=all&q=magnetic%20phone%20mount&search_type=keyword_unordered,2026-10-04,mcp__Firecrawl__firecrawl_scrape,magnetic phone mount,freeform,MESURÉ,ok,,r2-4#8
E0213,P1,desk-charging-station-organizer,Station de charge et range-câbles multi-appareils,Multi-device desk charging station and cable organizer,bureau-tech,1 famille,,S,tiktok_video,,vues,"- Why it sells: Solves tangled cables and multiple-device charging at once—high utility, low price friction. - How to market: Demo “one desk, ...",https://www.tiktok.com/@dailyfulfillsourcing/video/7677926911795793166,https://www.tiktok.com/@dailyfulfillsourcing/video/7677926911795793166,2026-10-04,mcp__Firecrawl__firecrawl_search,site:tiktok.com problem solving gadget,search_snippet,NON MESURÉ,ok,,tiktok#7
E0214,P1,desk-clamp-tablet-phone-arm,Bras support à pince pour téléphone et tablette,Desk clamp phone and tablet mount arm,bureau-tech,1 famille,O,O,meta_us_ad,506,jours,"Page name: Cyber Vintage
Started running on May 16, 2025
Library ID: 1916341549172312
Landing domain: cyber-vintage.com
Product: SuperGrip Desk Mount",1916341549172312,https://www.facebook.com/ads/library/?active_status=active&ad_type=all&country=US&media_type=all&q=magnetic%20phone%20mount&search_type=keyword_unordered,2026-10-04,mcp__Firecrawl__firecrawl_scrape,magnetic phone mount,freeform,MESURÉ,ok,,r2-4#9
E0215,P1,desk-clamp-tablet-phone-arm,Bras support à pince pour téléphone et tablette,Desk clamp phone and tablet mount arm,bureau-tech,1 famille,O,O,meta_us_ad,506,jours,"Page name: Cyber Vintage
Started running on May 16, 2025
Library ID: 1050679830459601
Landing domain: cyber-vintage.com
Product: SuperGrip Desk Mount: Phone & Tablet",1050679830459601,https://www.facebook.com/ads/library/?active_status=active&ad_type=all&country=US&media_type=all&q=magnetic%20phone%20mount&search_type=keyword_unordered,2026-10-04,mcp__Firecrawl__firecrawl_scrape,magnetic phone mount,freeform,MESURÉ,ok,,r2-4#9
E0216,P1,desk-clamp-tablet-phone-arm,Bras support à pince pour téléphone et tablette,Desk clamp phone and tablet mount arm,bureau-tech,1 famille,O,O,meta_us_ad,146,jours,"1. Baheey Gift, Started running on May 11, 2026, Library ID: 2004145773812625, baheey.com, phone and tablet stand",2004145773812625,https://www.facebook.com/ads/library/?active_status=active&ad_type=all&country=US&media_type=all&q=foldable%20laptop%20stand&search_type=keyword_unordered,2026-10-04,mcp__Firecrawl__firecrawl_scrape,foldable laptop stand,freeform,MESURÉ,ok,,r2-4#9
E0217,P1,desk-clamp-tablet-phone-arm,Bras support à pince pour téléphone et tablette,Desk clamp phone and tablet mount arm,bureau-tech,1 famille,O,O,meta_us_ad,146,jours,"16. Cyber Vintage, Started running on May 11, 2026, Library ID: 966195276238365, cyber-vintage.com, Stand",966195276238365,https://www.facebook.com/ads/library/?active_status=active&ad_type=all&country=US&media_type=all&q=foldable%20laptop%20stand&search_type=keyword_unordered,2026-10-04,mcp__Firecrawl__firecrawl_scrape,foldable laptop stand,freeform,MESURÉ,ok,,r2-4#9
E0218,P1,dog-deshedding-brush,Brosse anti-mue pour chien,Dog deshedding brush,animaux,1 famille,,S,reddit_mention,,votes,"To reduce shedding overall for double coated breeds ( long or short hair), I highly recommend using the Furminator brand deshedding solution",https://www.reddit.com/r/dogs/comments/1j1vpij/multiple_dog_households_please_share_your_best/,https://www.reddit.com/r/dogs/comments/1j1vpij/multiple_dog_households_please_share_your_best/,2026-10-04,mcp__Firecrawl__firecrawl_search,site:reddit.com/r/dogs product that made life easier,search_snippet,NON MESURÉ,ok,,reddit#4
E0219,P1,electric-pet-massager,Masseur électrique pour chien et chat,Electric pet massager for dogs and cats,animaux,1 famille,O,O,meta_us_ad,66,jours,"Library ID: 1025781726935856 | Started running on Jul 30, 2026 | **2 ads** use this creative and text | [Pawtique] | Soft massage heads gently relax your pet",1025781726935856,https://www.facebook.com/ads/library/?active_status=active&ad_type=all&country=US&media_type=all&q=electric%20scalp%20massager&search_type=keyword_unordered,2026-10-04,mcp__Firecrawl__firecrawl_scrape,electric scalp massager,markdown,MESURÉ,ok,,r2-1#2
E0220,P1,electric-pet-massager,Masseur électrique pour chien et chat,Electric pet massager for dogs and cats,animaux,1 famille,O,O,meta_us_variants,2,ads,**2 ads** use this creative and text,1025781726935856,https://www.facebook.com/ads/library/?active_status=active&ad_type=all&country=US&media_type=all&q=electric%20scalp%20massager&search_type=keyword_unordered,2026-10-04,mcp__Firecrawl__firecrawl_scrape,electric scalp massager,markdown,MESURÉ,ok,,r2-1#2
E0221,P1,electric-pet-massager,Masseur électrique pour chien et chat,Electric pet massager for dogs and cats,animaux,1 famille,O,O,meta_us_ad,66,jours,"Started running on Jul 30, 2026 | [Pawtique] | Electric Scalp Massager– A Gift Your Pup Will Love 🎁",1090533450309179,https://www.facebook.com/ads/library/?active_status=active&ad_type=all&country=US&media_type=all&q=electric%20scalp%20massager&search_type=keyword_unordered,2026-10-04,mcp__Firecrawl__firecrawl_scrape,electric scalp massager,markdown,MESURÉ,ok,,r2-1#2
E0222,P1,ferro-rod-metal-match,Allume-feu en ferrocérium (allumette éternelle),Metal match ferro rod fire starter,sport-plein-air,1 famille,O,O,meta_us_ad,188,jours,"OffGridio | Mar 30, 2026 | Library ID: 2115909798981749 | offgridio.com | metal match",2115909798981749,https://www.facebook.com/ads/library/?active_status=active&ad_type=all&country=US&media_type=all&q=camping%20must%20have&search_type=keyword_unordered,2026-10-04,mcp__Firecrawl__firecrawl_scrape,camping must have,freeform,MESURÉ,ok,,meta-B#8
E0223,P1,ferro-rod-metal-match,Allume-feu en ferrocérium (allumette éternelle),Metal match ferro rod fire starter,sport-plein-air,1 famille,O,O,meta_us_ad,188,jours,"OffGridio | Mar 30, 2026 | Library ID: 1650642562637206 | offgridio.com | metal match",1650642562637206,https://www.facebook.com/ads/library/?active_status=active&ad_type=all&country=US&media_type=all&q=camping%20must%20have&search_type=keyword_unordered,2026-10-04,mcp__Firecrawl__firecrawl_scrape,camping must have,freeform,MESURÉ,ok,,meta-B#8
E0224,P1,flat-full-page-book-light,Lampe de lecture plate pleine page,Full-page flat book light for reading in bed,cadeau-lifestyle,1 famille,D,D,amazon_us_rank,25,rang,"25. Flat Book Light Page for Reading, 2500mAh Rechargeable Reading Light at Night in Bed, 3 Colors Dimmable & Timer Night Light Full Page Reading Lamp",B0HHSVSZ3T,https://www.amazon.com/gp/new-releases/hi/,2026-10-04,mcp__Firecrawl__firecrawl_scrape,https://www.amazon.com/gp/new-releases/hi/,freeform,MESURÉ,ok,,amz-A#8
E0225,P1,flat-full-page-book-light,Lampe de lecture plate pleine page,Full-page flat book light for reading in bed,cadeau-lifestyle,1 famille,D,D,amazon_us_ratings,3,avis,"GIFT for Book Lovers, Students, Readers (White), no price, 3, B0HHSVSZ3T",B0HHSVSZ3T,https://www.amazon.com/gp/new-releases/hi/,2026-10-04,mcp__Firecrawl__firecrawl_scrape,https://www.amazon.com/gp/new-releases/hi/,freeform,MESURÉ,ok,,amz-A#8
E0226,P1,flat-full-page-book-light,Lampe de lecture plate pleine page,Full-page flat book light for reading in bed,cadeau-lifestyle,1 famille,D,O,meta_us_results,5900,results,"~5,900 results",n/a,https://www.facebook.com/ads/library/?active_status=active&ad_type=all&country=US&media_type=all&q=full%20page%20book%20light&search_type=keyword_unordered,2026-10-04,mcp__Firecrawl__firecrawl_scrape,https://www.facebook.com/ads/library/?active_status=active&ad_type=all&country=US&media_type=all&q=full%20page%20book%20light&search_type=keyword_unordered,freeform,MESURÉ,ok,,comp-1
E0227,P1,flat-full-page-book-light,Lampe de lecture plate pleine page,Full-page flat book light for reading in bed,cadeau-lifestyle,1 famille,D,O,meta_us_relevant_ads,0,ads among first 20 cards,"1. Cholesterol Relief Community | Started running on Jun 1, 2026 | Library ID: 866569929827744 | shop.pipitea.com | no product",n/a,https://www.facebook.com/ads/library/?active_status=active&ad_type=all&country=US&media_type=all&q=full%20page%20book%20light&search_type=keyword_unordered,2026-10-04,mcp__Firecrawl__firecrawl_scrape,https://www.facebook.com/ads/library/?active_status=active&ad_type=all&country=US&media_type=all&q=full%20page%20book%20light&search_type=keyword_unordered,freeform,MESURÉ,ok,,comp-1
E0228,P1,flat-full-page-book-light,Lampe de lecture plate pleine page,Full-page flat book light for reading in bed,cadeau-lifestyle,1 famille,D,O,absent,,n/a,"20. Lux Auto Restyling | Started running on Aug 20, 2026 | Library ID: 1031082282899378 | luxautorestyling.net | no product",n/a,https://www.facebook.com/ads/library/?active_status=active&ad_type=all&country=US&media_type=all&q=full%20page%20book%20light&search_type=keyword_unordered,2026-10-04,mcp__Firecrawl__firecrawl_scrape,https://www.facebook.com/ads/library/?active_status=active&ad_type=all&country=US&media_type=all&q=full%20page%20book%20light&search_type=keyword_unordered,freeform,MESURÉ,ok,,comp-1
E0229,P1,floating-washing-machine-lint-filter,Filtre flottant attrape-poils pour machine à laver,Floating washing machine lint and pet hair filter,maison-rangement,1 famille,,S,tiktok_video,,vues,"Meet the reusable Floating Washing Machine Filter Bag—your effortless way to catch pet hair, lint, and small debris while you wash. Drop it in, ...",https://www.tiktok.com/discover/washer-hair-catcher-diy,https://www.tiktok.com/discover/washer-hair-catcher-diy,2026-10-04,mcp__Firecrawl__firecrawl_search,site:tiktok.com/discover useful finds under $20 2026 pet hair remover drain catcher,search_snippet,NON MESURÉ,ok,,tiktok#1
E0230,P1,foldable-aluminum-laptop-stand,Support d'ordinateur portable pliable en aluminium,Foldable aluminum laptop stand,bureau-tech,1 famille,O,O,meta_us_ad,92,jours,"6. Whimsyard, Started running on Jul 4, 2026, Library ID: 1757202772248128, m.alessntials.com, foldable laptop stand",1757202772248128,https://www.facebook.com/ads/library/?active_status=active&ad_type=all&country=US&media_type=all&q=foldable%20laptop%20stand&search_type=keyword_unordered,2026-10-04,mcp__Firecrawl__firecrawl_scrape,foldable laptop stand,freeform,MESURÉ,ok,,r2-4#3
E0231,P1,foldable-aluminum-laptop-stand,Support d'ordinateur portable pliable en aluminium,Foldable aluminum laptop stand,bureau-tech,1 famille,O,O,meta_us_ad,49,jours,"8. STXND, Started running on Aug 16, 2026, Library ID: 1541108097820723, stxnd.com, laptop stand",1541108097820723,https://www.facebook.com/ads/library/?active_status=active&ad_type=all&country=US&media_type=all&q=foldable%20laptop%20stand&search_type=keyword_unordered,2026-10-04,mcp__Firecrawl__firecrawl_scrape,foldable laptop stand,freeform,MESURÉ,ok,,r2-4#3
E0232,P1,foldable-aluminum-laptop-stand,Support d'ordinateur portable pliable en aluminium,Foldable aluminum laptop stand,bureau-tech,1 famille,O,O,meta_us_ad,23,jours,"3. STXND, Started running on Sep 11, 2026, Library ID: 1633897411592499, stxnd.com, laptop stand",1633897411592499,https://www.facebook.com/ads/library/?active_status=active&ad_type=all&country=US&media_type=all&q=foldable%20laptop%20stand&search_type=keyword_unordered,2026-10-04,mcp__Firecrawl__firecrawl_scrape,foldable laptop stand,freeform,MESURÉ,ok,,r2-4#3
E0233,P1,foldable-aluminum-laptop-stand,Support d'ordinateur portable pliable en aluminium,Foldable aluminum laptop stand,bureau-tech,1 famille,O,O,meta_us_ad,32,jours,"18. Conformidea, Started running on Sep 2, 2026, Library ID: 1055022483944831, N ads use this creative and text, no landing domain shown in the call-to-action link, foldable laptop risers",1055022483944831,https://www.facebook.com/ads/library/?active_status=active&ad_type=all&country=US&media_type=all&q=foldable%20laptop%20stand&search_type=keyword_unordered,2026-10-04,mcp__Firecrawl__firecrawl_scrape,foldable laptop stand,freeform,MESURÉ,ok,,r2-4#3
E0234,P1,foldable-aluminum-laptop-stand,Support d'ordinateur portable pliable en aluminium,Foldable aluminum laptop stand,bureau-tech,1 famille,O,O,meta_us_variants,,pubs,"Library ID: 1055022483944831, N ads use this creative and text",1055022483944831,https://www.facebook.com/ads/library/?active_status=active&ad_type=all&country=US&media_type=all&q=foldable%20laptop%20stand&search_type=keyword_unordered,2026-10-04,mcp__Firecrawl__firecrawl_scrape,foldable laptop stand,freeform,NON MESURÉ,ok,,r2-4#3
E0235,P1,foldable-grabber-reacher,Pince attrape-objets pliable,Foldable grabber reacher tool,maison-rangement,1 famille,,S,reddit_mention,,votes,A grabber! I'm short ...,https://www.reddit.com/r/Life/comments/1psqlae/whats_a_purchase_under_50_that_was_100_worth_it/,https://www.reddit.com/r/Life/comments/1psqlae/whats_a_purchase_under_50_that_was_100_worth_it/,2026-10-04,mcp__Firecrawl__firecrawl_search,site:reddit.com best purchase under $50 2026,search_snippet,NON MESURÉ,ok,,reddit#1
E0236,P1,fridge-organizer-bins,Bacs de rangement pour réfrigérateur,Fridge organizer bins and produce saver containers,maison-rangement,1 famille,O,O,meta_us_ad,148,jours,"Everything Envy
Started running on May 9, 2026
Library ID: 1792307462177559
urlgeni.us
fridge organization set",1792307462177559,https://www.facebook.com/ads/library/?active_status=active&ad_type=all&country=US&media_type=all&q=game%20changer%20kitchen&search_type=keyword_unordered,2026-10-04,mcp__Firecrawl__firecrawl_scrape,game changer kitchen,freeform,MESURÉ,ok,,meta-A#5
E0237,P1,fridge-organizer-bins,Bacs de rangement pour réfrigérateur,Fridge organizer bins and produce saver containers,maison-rangement,1 famille,O,O,meta_us_ad,19,jours,"The Aesthetic Side of Home
Started running on Sep 15, 2026
Library ID: 1024679473885929
amzlink.to
produce storage container parts",1024679473885929,https://www.facebook.com/ads/library/?active_status=active&ad_type=all&country=US&media_type=all&q=game%20changer%20kitchen&search_type=keyword_unordered,2026-10-04,mcp__Firecrawl__firecrawl_scrape,game changer kitchen,freeform,MESURÉ,ok,,meta-A#5
E0238,P1,heated-ankle-foot-massager,Masseur de cheville et pied portable chauffant,Portable heated vibrating ankle and foot massager,bien-etre-non-medical,1 famille,O,O,meta_us_ad,31,jours,"20. Norbbshop
Started running on Sep 3, 2026
Library ID: 4412950658969963
norbbshop.com
Portable Ankle Massager with Heat & Vibration",4412950658969963,https://www.facebook.com/ads/library/?active_status=active&ad_type=all&country=US&media_type=all&q=foot%20spa%20massager&search_type=keyword_unordered,2026-10-04,mcp__Firecrawl__firecrawl_scrape,foot spa massager,freeform,MESURÉ,ok,,r2-1#6
E0239,P1,interior-windshield-cleaning-wand,Raclette nettoie-pare-brise intérieur à manche,Extendable interior windshield cleaning wand,auto-voyage,1 famille,D,D,amazon_us_rank,25,rang,"25. XINDELL Interior Windshield Cleaner Tool – Car Interior Window Cleaning Kit with Extendable Handle & 4 Microfiber Pads, Auto , $15.99, 25,434, B07SGQJ6C9",B07SGQJ6C9,https://www.amazon.com/Best-Sellers-Automotive/zgbs/automotive/,2026-10-04,mcp__Firecrawl__firecrawl_scrape,https://www.amazon.com/Best-Sellers-Automotive/zgbs/automotive/,freeform,MESURÉ,ok,,amz-B#5
E0240,P1,interior-windshield-cleaning-wand,Raclette nettoie-pare-brise intérieur à manche,Extendable interior windshield cleaning wand,auto-voyage,1 famille,D,D,amazon_us_ratings,25434,avis,"with Extendable Handle & 4 Microfiber Pads, Auto , $15.99, 25,434, B07SGQJ6C9",B07SGQJ6C9,https://www.amazon.com/Best-Sellers-Automotive/zgbs/automotive/,2026-10-04,mcp__Firecrawl__firecrawl_scrape,https://www.amazon.com/Best-Sellers-Automotive/zgbs/automotive/,freeform,MESURÉ,ok,,amz-B#5
E0241,P1,interior-windshield-cleaning-wand,Raclette nettoie-pare-brise intérieur à manche,Extendable interior windshield cleaning wand,auto-voyage,1 famille,D,D,amazon_us_rank,15,rang,"15. AstroAI 21"" Extra-Long Windshield Cleaner Tool & Car Interior Detailing Kit | Extendable Handle, 4 Reusable Microfiber Pads, , $17.99, 25,517, B08C7K99WW",B08C7K99WW,https://www.amazon.com/Best-Sellers-Automotive/zgbs/automotive/,2026-10-04,mcp__Firecrawl__firecrawl_scrape,https://www.amazon.com/Best-Sellers-Automotive/zgbs/automotive/,freeform,MESURÉ,ok,,amz-B#5
E0242,P1,interior-windshield-cleaning-wand,Raclette nettoie-pare-brise intérieur à manche,Extendable interior windshield cleaning wand,auto-voyage,1 famille,D,D,trends_us_rising,70,% hausse 3 mois,windshield cleaning tool : +70%,n/a,https://trends.firecrawl.dev/explore?q=windshield+cleaning+tool&date=today+3-m&geo=US,2026-10-04,firecrawl_scrape alexandria,firecrawl-trends trends/related_queries keyword=cleaning tool geo=US time=today 3-m,alexandria,MESURÉ,ok,,trends#4
E0243,P1,interior-windshield-cleaning-wand,Raclette nettoie-pare-brise intérieur à manche,Extendable interior windshield cleaning wand,auto-voyage,1 famille,D,O,meta_us_results,7,results,~7 results,n/a,https://www.facebook.com/ads/library/?active_status=active&ad_type=all&country=US&media_type=all&q=windshield%20cleaner%20tool%20interior&search_type=keyword_unordered,2026-10-04,mcp__Firecrawl__firecrawl_scrape,https://www.facebook.com/ads/library/?active_status=active&ad_type=all&country=US&media_type=all&q=windshield%20cleaner%20tool%20interior&search_type=keyword_unordered,freeform,MESURÉ,ok,,comp-2
E0244,P1,interior-windshield-cleaning-wand,Raclette nettoie-pare-brise intérieur à manche,Extendable interior windshield cleaning wand,auto-voyage,1 famille,D,O,meta_us_relevant_ads,0,ads out of 7 cards (extendable interior wand confirmed),"Page name: The Addvisor
Started running on: Sep 26, 2026
Library ID: 1121791487472417
Landing domain: theaddvisor.com
Product: windshield cleaning kit",n/a,https://www.facebook.com/ads/library/?active_status=active&ad_type=all&country=US&media_type=all&q=windshield%20cleaner%20tool%20interior&search_type=keyword_unordered,2026-10-04,mcp__Firecrawl__firecrawl_scrape,https://www.facebook.com/ads/library/?active_status=active&ad_type=all&country=US&media_type=all&q=windshield%20cleaner%20tool%20interior&search_type=keyword_unordered,freeform,ESTIMATION,ok,,comp-2
E0245,P1,invisible-adhesive-tablet-stand,Support pliable adhésif invisible pour tablette,Invisible adhesive foldable tablet and phone stand,bureau-tech,1 famille,O,O,meta_us_ad,189,jours,"Moft.us, Started running on Mar 29, 2026, Library ID: 981773921038995, www.moft.us, Adhesive Tablet Stand",981773921038995,https://www.facebook.com/ads/library/?active_status=active&ad_type=all&country=US&media_type=all&q=desk%20setup&search_type=keyword_unordered,2026-10-04,mcp__Firecrawl__firecrawl_scrape,desk setup,freeform,MESURÉ,ok,,meta-C#1
E0246,P1,laptop-stand-usb-c-dock,Support PC portable avec station d'accueil USB-C intégrée,Laptop stand with built-in USB-C docking station,bureau-tech,1 famille,O,O,meta_us_ad,198,jours,"4. Copenrain Shop, Started running on Mar 20, 2026, Library ID: 1248460000239673, copenrain.com, USB-C docking station + laptop stand",1248460000239673,https://www.facebook.com/ads/library/?active_status=active&ad_type=all&country=US&media_type=all&q=foldable%20laptop%20stand&search_type=keyword_unordered,2026-10-04,mcp__Firecrawl__firecrawl_scrape,foldable laptop stand,freeform,MESURÉ,ok,,r2-4#4
E0247,P1,laptop-stand-usb-c-dock,Support PC portable avec station d'accueil USB-C intégrée,Laptop stand with built-in USB-C docking station,bureau-tech,1 famille,O,O,meta_us_ad,195,jours,"15. Comptere, Started running on Mar 23, 2026, Library ID: 1620809405629998, comptere.com, Laptop Stand with Docking Station",1620809405629998,https://www.facebook.com/ads/library/?active_status=active&ad_type=all&country=US&media_type=all&q=foldable%20laptop%20stand&search_type=keyword_unordered,2026-10-04,mcp__Firecrawl__firecrawl_scrape,foldable laptop stand,freeform,MESURÉ,ok,,r2-4#4
E0248,P1,laptop-stand-usb-c-dock,Support PC portable avec station d'accueil USB-C intégrée,Laptop stand with built-in USB-C docking station,bureau-tech,1 famille,O,O,meta_us_ad,195,jours,"19. Comptere, Started running on Mar 23, 2026, Library ID: 1468940844945327, comptere.com, Laptop Stand with Docking Station",1468940844945327,https://www.facebook.com/ads/library/?active_status=active&ad_type=all&country=US&media_type=all&q=foldable%20laptop%20stand&search_type=keyword_unordered,2026-10-04,mcp__Firecrawl__firecrawl_scrape,foldable laptop stand,freeform,MESURÉ,ok,,r2-4#4
E0249,P1,laundry-detergent-dispenser-pump,Pompe doseuse pour bidon de lessive,Laundry detergent dispenser pump,maison-rangement,1 famille,,S,tiktok_video,,vues,Discover 10 practical Amazon finds—gadgets that solve daily problems from detergent pumps to adjustable measuring cups.,https://www.tiktok.com/discover/problem-solving-products-2026,https://www.tiktok.com/discover/problem-solving-products-2026,2026-10-04,mcp__Firecrawl__firecrawl_search,site:tiktok.com problem solving gadget,search_snippet,NON MESURÉ,ok,,tiktok#3
E0250,P1,led-car-cup-holder-coaster,Dessous de porte-gobelet lumineux LED pour voiture,LED light-up car cup holder coasters,auto-voyage,1 famille,O,O,meta_us_ad,304,jours,"AutoYunn, Started running on Dec 4, 2025, Library ID: 841526691951622, AUTOYUNN.COM, LED car coasters",841526691951622,https://www.facebook.com/ads/library/?active_status=active&ad_type=all&country=US&media_type=all&q=stocking%20stuffer&search_type=keyword_unordered,2026-10-04,mcp__Firecrawl__firecrawl_scrape,stocking stuffer,freeform,MESURÉ,ok,,meta-C#7
E0251,P1,long-handle-baseboard-mop,Balai nettoie-plinthes à manche long,Long-handle baseboard cleaning mop,maison-rangement,1 famille,D,D,trends_us_rising,70,% hausse 3 mois,baseboard cleaning tool : +70%,n/a,https://trends.firecrawl.dev/explore?q=baseboard+cleaning+tool&date=today+3-m&geo=US,2026-10-04,firecrawl_scrape alexandria,firecrawl-trends trends/related_queries keyword=cleaning tool geo=US time=today 3-m,alexandria,MESURÉ,ok,,trends#3
E0252,P1,magnetic-gym-phone-mount,Support téléphone magnétique pour salle de sport,Magnetic gym phone mount,sport-plein-air,1 famille,O,O,meta_us_ad,88,jours,"Page name: GymLamp
Started running on Jul 8, 2026
Library ID: 1472159944682976
Landing domain: gymlamp.store
Product: GymMount",1472159944682976,https://www.facebook.com/ads/library/?active_status=active&ad_type=all&country=US&media_type=all&q=magnetic%20phone%20mount&search_type=keyword_unordered,2026-10-04,mcp__Firecrawl__firecrawl_scrape,magnetic phone mount,freeform,MESURÉ,ok,,r2-4#10
E0253,P1,manual-neck-shoulder-relief-tool,Outil manuel de détente nuque et épaules,Manual neck and shoulder relaxation tool,bien-etre-non-medical,1 famille,O,O,meta_us_ad,187,jours,"HiZoo, Started running on Mar 31, 2026, Library ID: 4486114341714054, hizoo.co, deep tissue neck tool",4486114341714054,https://www.facebook.com/ads/library/?active_status=active&ad_type=all&country=US&media_type=all&q=desk%20gadget&search_type=keyword_unordered,2026-10-04,mcp__Firecrawl__firecrawl_scrape,desk gadget,freeform,MESURÉ,ok,,meta-C#9
E0254,P1,memory-foam-seat-cushion,Coussin d'assise à mémoire de forme,Memory foam seat cushion for office chair and car,bureau-tech,1 famille,,S,tiktok_video,,vues,"5. Memory Foam Seat Cushion — Adds comfort to office chairs and car seats, relieves pressure on long sits. 6. Reusable Silicone Food Bags — ...",https://www.tiktok.com/@amelia30620/video/7684607324429880597,https://www.tiktok.com/@amelia30620/video/7684607324429880597,2026-10-04,mcp__Firecrawl__firecrawl_search,site:tiktok.com amazon finds must haves 2026,search_snippet,NON MESURÉ,ok,,tiktok#8
E0255,P1,message-card-pendant-necklace,Collier pendentif avec carte message en coffret,Pendant necklace with message card gift box,cadeau-lifestyle,1 famille,O,O,meta_us_ad,363,jours,"Worthy Always, Oct 6, 2025, 833977852400418, worthyalways.com, necklace",833977852400418,https://www.facebook.com/ads/library/?active_status=active&ad_type=all&country=US&media_type=all&q=gift%20for%20her&search_type=keyword_unordered,2026-10-04,mcp__Firecrawl__firecrawl_scrape,gift for her,freeform,MESURÉ,ok,,meta-C#4
E0256,P1,message-card-pendant-necklace,Collier pendentif avec carte message en coffret,Pendant necklace with message card gift box,cadeau-lifestyle,1 famille,O,O,meta_us_ad,310,jours,"Worthy Always, Nov 28, 2025, 1189611229185809, worthyalways.com, necklace",1189611229185809,https://www.facebook.com/ads/library/?active_status=active&ad_type=all&country=US&media_type=all&q=gift%20for%20her&search_type=keyword_unordered,2026-10-04,mcp__Firecrawl__firecrawl_scrape,gift for her,freeform,MESURÉ,ok,,meta-C#4
E0257,P1,message-card-pendant-necklace,Collier pendentif avec carte message en coffret,Pendant necklace with message card gift box,cadeau-lifestyle,1 famille,O,O,meta_us_ad,611,jours,"Shop FabuLove, Started running on Jan 31, 2025, Library ID: 654498807256114, fabulove.co, promise necklace",654498807256114,https://www.facebook.com/ads/library/?active_status=active&ad_type=all&country=US&media_type=all&q=perfect%20gift%20for%20him&search_type=keyword_unordered,2026-10-04,mcp__Firecrawl__firecrawl_scrape,perfect gift for him,freeform,MESURÉ,ok,,meta-C#4
E0258,P1,message-card-pendant-necklace,Collier pendentif avec carte message en coffret,Pendant necklace with message card gift box,cadeau-lifestyle,1 famille,O,O,meta_us_ad,346,jours,"Viole Grace, Started running on Oct 23, 2025, Library ID: 703657326141982, VIOLEGRACE.COM, The Eternal Hammered Necklace",703657326141982,https://www.facebook.com/ads/library/?active_status=active&ad_type=all&country=US&media_type=all&q=stocking%20stuffer&search_type=keyword_unordered,2026-10-04,mcp__Firecrawl__firecrawl_scrape,stocking stuffer,freeform,MESURÉ,ok,,meta-C#4
E0259,P1,message-card-pendant-necklace,Collier pendentif avec carte message en coffret,Pendant necklace with message card gift box,cadeau-lifestyle,1 famille,O,O,meta_us_ad,341,jours,"Space & Meteorite Co, Oct 28, 2025, 1339114404532545, spacemeteorite.com, necklace",1339114404532545,https://www.facebook.com/ads/library/?active_status=active&ad_type=all&country=US&media_type=all&q=gift%20for%20her&search_type=keyword_unordered,2026-10-04,mcp__Firecrawl__firecrawl_scrape,gift for her,freeform,MESURÉ,ok,,meta-C#4
E0260,P1,mini-bag-heat-sealer,Mini scelleuse de sachets portative,Mini handheld bag heat sealer,cuisine,1 famille,,S,tiktok_video,,vues,"1️⃣ Mini Food Sealer – Keep snacks fresh forever! 2️⃣ 3-in1 Cordless Hair Tool – Style, dry, volumize in minutes! 3️⃣ Foldable Desk Organizer – ...",https://www.tiktok.com/discover/best-problem-solving-products-2025,https://www.tiktok.com/discover/best-problem-solving-products-2025,2026-10-04,mcp__Firecrawl__firecrawl_search,site:tiktok.com problem solving gadget,search_snippet,NON MESURÉ,ok,,tiktok#5
E0261,P1,non-electric-bidet-attachment,Kit bidet adaptable pour WC sans électricité,Non-electric bidet toilet attachment,maison-rangement,1 famille,,S,reddit_mention,,votes,"Bidet, $30.",https://www.reddit.com/r/Frugal/comments/17bhm0s/what_is_a_product_under_50_that_you_dont_regret/,https://www.reddit.com/r/Frugal/comments/17bhm0s/what_is_a_product_under_50_that_you_dont_regret/,2026-10-04,mcp__Firecrawl__firecrawl_search,site:reddit.com best purchase under $50 2026,search_snippet,NON MESURÉ,ok,,reddit#7
E0262,P1,personalized-photo-microfiber-cloth,Chiffon microfibre personnalisé avec photo,Personalized photo microfiber car cloth,cadeau-lifestyle,1 famille,O,O,meta_us_ad,194,jours,"Lakany Shop, Started running on Mar 24, 2026, Library ID: 957865250027818, lakany.com, personalized microfiber cloth",957865250027818,https://www.facebook.com/ads/library/?active_status=active&ad_type=all&country=US&media_type=all&q=car%20must%20have&search_type=keyword_unordered,2026-10-04,mcp__Firecrawl__firecrawl_scrape,car must have,freeform,MESURÉ,ok,,meta-B#11
E0263,P1,personalized-photo-microfiber-cloth,Chiffon microfibre personnalisé avec photo,Personalized photo microfiber car cloth,cadeau-lifestyle,1 famille,O,O,meta_us_ad,177,jours,"Lakany Shop, Started running on Apr 10, 2026, Library ID: 959681359795160, lakany.com, premium metal keychain",959681359795160,https://www.facebook.com/ads/library/?active_status=active&ad_type=all&country=US&media_type=all&q=car%20must%20have&search_type=keyword_unordered,2026-10-04,mcp__Firecrawl__firecrawl_scrape,car must have,freeform,MESURÉ,ok,,meta-B#11
E0264,P1,quick-clothing-fixer-stitch-gun,Pistolet de couture rapide pour ourlets,Quick clothing fixer stitch gun,bricolage,1 famille,D,D,amazon_us_rank,6,rang,06. Stitch Gun for Clothes Stitchy Tagging Gun for Clothing Stitchy Quick Clothing Fixer,B0HBPN3XLR,https://www.amazon.com/gp/new-releases/office-products/,2026-10-04,mcp__Firecrawl__firecrawl_scrape,https://www.amazon.com/gp/new-releases/office-products/,freeform,MESURÉ,ok,,amz-C#0
E0265,P1,quick-clothing-fixer-stitch-gun,Pistolet de couture rapide pour ourlets,Quick clothing fixer stitch gun,bricolage,1 famille,D,D,amazon_us_ratings,126,avis,"(HotPink+FloralWhite), $12.59, 126, B0HBPN3XLR",B0HBPN3XLR,https://www.amazon.com/gp/new-releases/office-products/,2026-10-04,mcp__Firecrawl__firecrawl_scrape,https://www.amazon.com/gp/new-releases/office-products/,freeform,MESURÉ,ok,,amz-C#0
E0266,P1,quick-clothing-fixer-stitch-gun,Pistolet de couture rapide pour ourlets,Quick clothing fixer stitch gun,bricolage,1 famille,D,O,meta_us_results,34,results,~34 results,n/a,https://www.facebook.com/ads/library/?active_status=active&ad_type=all&country=US&media_type=all&q=quick%20clothing%20fixer&search_type=keyword_unordered,2026-10-04,mcp__Firecrawl__firecrawl_scrape,https://www.facebook.com/ads/library/?active_status=active&ad_type=all&country=US&media_type=all&q=quick%20clothing%20fixer&search_type=keyword_unordered,freeform,MESURÉ,ok,,comp-5
E0267,P1,quick-clothing-fixer-stitch-gun,Pistolet de couture rapide pour ourlets,Quick clothing fixer stitch gun,bricolage,1 famille,D,O,meta_us_relevant_ads,0,ads out of first 20,Product: universal zipper repair tool,n/a,https://www.facebook.com/ads/library/?active_status=active&ad_type=all&country=US&media_type=all&q=quick%20clothing%20fixer&search_type=keyword_unordered,2026-10-04,mcp__Firecrawl__firecrawl_scrape,https://www.facebook.com/ads/library/?active_status=active&ad_type=all&country=US&media_type=all&q=quick%20clothing%20fixer&search_type=keyword_unordered,freeform,ESTIMATION,ok,,comp-5
E0268,P1,quick-clothing-fixer-stitch-gun,Pistolet de couture rapide pour ourlets,Quick clothing fixer stitch gun,bricolage,1 famille,D,O,absent,,n/a,"Page name: Bgnie
Started running on: Nov 4, 2025
Library ID: 1176922467700155
Landing domain: bgnie.com
Product: universal zipper repair tool",1176922467700155,https://www.facebook.com/ads/library/?active_status=active&ad_type=all&country=US&media_type=all&q=quick%20clothing%20fixer&search_type=keyword_unordered,2026-10-04,mcp__Firecrawl__firecrawl_scrape,https://www.facebook.com/ads/library/?active_status=active&ad_type=all&country=US&media_type=all&q=quick%20clothing%20fixer&search_type=keyword_unordered,freeform,MESURÉ,ok,,comp-5
E0269,P1,rechargeable-fabric-shaver,Rasoir anti-bouloches rechargeable,Rechargeable fabric shaver lint remover,maison-rangement,1 famille,D,D,trends_us_rising,250,% hausse 3 mois,best lint remover for clothes : +250%,n/a,https://trends.firecrawl.dev/explore?q=best+lint+remover+for+clothes&date=today+3-m&geo=US,2026-10-04,firecrawl_scrape alexandria,firecrawl-trends trends/related_queries keyword=lint remover geo=US time=today 3-m,alexandria,MESURÉ,ok,,trends#7
E0270,P1,rechargeable-handheld-milk-frother,Mousseur à lait électrique rechargeable,Rechargeable handheld milk frother,cuisine,1 famille,D,D,amazon_us_rank,18,rang,"18. Rechargeable Milk Frother with Stand, 4 Interchangeable Whisks & Travel Case – Handheld Mixer for Lattes, Matcha, Hot Chocola | $19.98 | 197 | B0GY3BPRW5 |",B0GY3BPRW5,https://www.amazon.com/gp/new-releases/home-garden/,2026-10-04,mcp__Firecrawl__firecrawl_scrape,https://www.amazon.com/gp/new-releases/home-garden/,freeform,MESURÉ,ok,,amz-C#6
E0271,P1,rechargeable-handheld-milk-frother,Mousseur à lait électrique rechargeable,Rechargeable handheld milk frother,cuisine,1 famille,D,D,amazon_us_ratings,197,avis,| $19.98 | 197 | B0GY3BPRW5 |,B0GY3BPRW5,https://www.amazon.com/gp/new-releases/home-garden/,2026-10-04,mcp__Firecrawl__firecrawl_scrape,https://www.amazon.com/gp/new-releases/home-garden/,freeform,MESURÉ,ok,,amz-C#6
E0272,P1,rechargeable-heated-fingerless-gloves,Mitaines chauffantes rechargeables,Rechargeable heated fingerless gloves (touchscreen-friendly),sport-plein-air,1 famille,D,D,amazon_us_ratings,890,ratings,2. uncn Heated Gloves Fingerless for Women Man with 3.7V 3000mAh Battery Cordl[$39.99],B0BLRK4SHW,https://www.amazon.com/s?k=heated+gloves+rechargeable,2026-10-04,mcp__Firecrawl__firecrawl_scrape,https://www.amazon.com/s?k=heated+gloves+rechargeable,freeform,MESURÉ,ok,,r2-2#2
E0273,P1,rechargeable-heated-fingerless-gloves,Mitaines chauffantes rechargeables,Rechargeable heated fingerless gloves (touchscreen-friendly),sport-plein-air,1 famille,D,D,amazon_us_bought_past_month,500,units/month (borne basse 500+),[(890)](...) 500+ bought in past month B0BLRK4SHW,B0BLRK4SHW,https://www.amazon.com/s?k=heated+gloves+rechargeable,2026-10-04,mcp__Firecrawl__firecrawl_scrape,https://www.amazon.com/s?k=heated+gloves+rechargeable,freeform,MESURÉ,ok,,r2-2#2
E0274,P1,rechargeable-heated-fingerless-gloves,Mitaines chauffantes rechargeables,Rechargeable heated fingerless gloves (touchscreen-friendly),sport-plein-air,1 famille,D,D,amazon_us_bought_past_month,300,units/month (borne basse 300+),15. uncn Heated Gloves Fingerless for Women Man with 3.7V 3000mAh Battery Cordl[$37.99] ... 300+ bought in past month B0B8N7GD92,B0B8N7GD92,https://www.amazon.com/s?k=heated+gloves+rechargeable,2026-10-04,mcp__Firecrawl__firecrawl_scrape,https://www.amazon.com/s?k=heated+gloves+rechargeable,freeform,MESURÉ,ok,,r2-2#2
E0275,P1,smart-mug-warmer,Chauffe-tasse intelligent,Smart mug warmer,cadeau-lifestyle,1 famille,O,O,meta_us_ad,145,jours,"8. Digital Dreamz
Started running on May 12, 2026
Library ID: 4439106363077092
mrdigitaldreamz.com
smart mug warmer",4439106363077092,https://www.facebook.com/ads/library/?active_status=active&ad_type=all&country=US&media_type=all&q=smart%20mug%20warmer&search_type=keyword_unordered,2026-10-04,mcp__Firecrawl__firecrawl_scrape,smart mug warmer,freeform,MESURÉ,ok,,r2-4#11
E0276,P1,stainless-drain-strainer,Filtre anti-cheveux inox pour évier et douche,Stainless steel floor and sink drain strainer,bricolage,1 famille,O,O,meta_us_ad,32,jours,"Page name: Welefants with Lifesparkle
Started running on: Sep 2, 2026
Library ID: 1053244930384674
Landing domain: lifesparking.com
Physical product advertised: stainless steel floor drain filter",1053244930384674,https://www.facebook.com/ads/library/?active_status=active&ad_type=all&country=US&media_type=all&q=kitchen%20gadget&search_type=keyword_unordered,2026-10-04,mcp__Firecrawl__firecrawl_scrape,kitchen gadget,freeform,MESURÉ,ok,,meta-A#3
E0277,P1,stainless-drain-strainer,Filtre anti-cheveux inox pour évier et douche,Stainless steel floor and sink drain strainer,bricolage,1 famille,O,O,meta_us_ad,91,jours,"Page name: Danielle Donohue with Amazon.com
Started running on: Jul 5, 2026
Library ID: 1060423373038397
Landing domain: amazon.com
Physical product advertised: kitchen sink strainer",1060423373038397,https://www.facebook.com/ads/library/?active_status=active&ad_type=all&country=US&media_type=all&q=kitchen%20gadget&search_type=keyword_unordered,2026-10-04,mcp__Firecrawl__firecrawl_scrape,kitchen gadget,freeform,MESURÉ,ok,,meta-A#3
E0278,P1,stiff-grout-cleaning-brush,Brosse à joints de carrelage,Stiff-bristle grout and tile gap brush,maison-rangement,1 famille,D,D,trends_us_rising,90,% hausse 3 mois,grout cleaning tool : +90%,n/a,https://trends.firecrawl.dev/explore?q=grout+cleaning+tool&date=today+3-m&geo=US,2026-10-04,firecrawl_scrape alexandria,firecrawl-trends trends/related_queries keyword=cleaning tool geo=US time=today 3-m,alexandria,MESURÉ,ok,,trends#2
E0279,P1,touch-control-bedside-lamp,Lampe de chevet tactile,Touch-control bedside lamp,cadeau-lifestyle,1 famille,,S,reddit_mention,,votes,"Small desk/bedside lamp with easy controls: Not smart home level, just something convenient. My mom hates getting up just to turn lights on/off",https://www.reddit.com/r/Gifts/comments/1snwnfe/top_5_actually_practical_tech_gifts_under_50_for/,https://www.reddit.com/r/Gifts/comments/1snwnfe/top_5_actually_practical_tech_gifts_under_50_for/,2026-10-04,mcp__Firecrawl__firecrawl_search,site:reddit.com best purchase under $50 2026,search_snippet,NON MESURÉ,ok,,reddit#6
E0280,P1,under-desk-cable-tray,Goulotte range-câbles sous bureau,Under-desk cable management tray,bureau-tech,1 famille,D,D,trends_us_rising,50,% hausse 3 mois,best under desk cable management : +50%,n/a,https://trends.firecrawl.dev/explore?q=best+under+desk+cable+management&date=today+3-m&geo=US,2026-10-04,firecrawl_scrape alexandria,firecrawl-trends trends/related_queries keyword=cable management geo=US time=today 3-m,alexandria,MESURÉ,ok,,trends#9
E0281,P1,under-desk-cable-tray,Goulotte range-câbles sous bureau,Under-desk cable management tray,bureau-tech,1 famille,D,D,trends_us_rising,90,% hausse 3 mois,velcro cable management : +90%,n/a,https://trends.firecrawl.dev/explore?q=velcro+cable+management&date=today+3-m&geo=US,2026-10-04,firecrawl_scrape alexandria,firecrawl-trends trends/related_queries keyword=cable management geo=US time=today 3-m,alexandria,MESURÉ,ok,,trends#9
E0282,P1,vertical-laptop-stand-dock,Support vertical pour ordinateur portable,Vertical laptop stand dock,bureau-tech,1 famille,O,O,meta_us_ad,895,jours,"Ascrono, Started running on Apr 22, 2024, Library ID: 1218412896232242, 2 ads use this creative and text, ascrono.com, vertical docking station",1218412896232242,https://www.facebook.com/ads/library/?active_status=active&ad_type=all&country=US&media_type=all&q=desk%20gadget&search_type=keyword_unordered,2026-10-04,mcp__Firecrawl__firecrawl_scrape,desk gadget,freeform,MESURÉ,ok,,meta-C#2
E0283,P1,vertical-laptop-stand-dock,Support vertical pour ordinateur portable,Vertical laptop stand dock,bureau-tech,1 famille,O,O,meta_us_variants,2,pubs,"Library ID: 1218412896232242, 2 ads use this creative and text, ascrono.com, vertical docking station",1218412896232242,https://www.facebook.com/ads/library/?active_status=active&ad_type=all&country=US&media_type=all&q=desk%20gadget&search_type=keyword_unordered,2026-10-04,mcp__Firecrawl__firecrawl_scrape,desk gadget,freeform,MESURÉ,ok,,meta-C#2
E0284,P1,wall-mounted-laundry-organizer,Rangement mural pour coin buanderie,Wall-mounted small laundry room organizer,maison-rangement,1 famille,D,D,trends_us_rising,200,% hausse 3 mois,small laundry room wall storage : +200%,n/a,https://trends.firecrawl.dev/explore?q=small+laundry+room+wall+storage&date=today+3-m&geo=US,2026-10-04,firecrawl_scrape alexandria,firecrawl-trends trends/related_queries keyword=laundry geo=US time=today 3-m,alexandria,MESURÉ,ok,,trends#10
E0285,P1,wheel-rim-barrel-brush,Brosse à jantes longue,Long wheel barrel brush for car rims,auto-voyage,1 famille,D,D,amazon_us_rank,2,rang,"02. VIKING V+ Wheel Barrel Brush for Deep Wheel Cleaning, 17 Inch Length | Multi-Fiber Cleaning Brush for Car Detailing Kit, Clean Exhaust Tips, Wheels, and Rims, Black and Green, $24.99, 251",B0H2BPCXM1,https://www.amazon.com/gp/new-releases/automotive/,2026-10-04,mcp__Firecrawl__firecrawl_scrape,https://www.amazon.com/gp/new-releases/automotive/,freeform,MESURÉ,ok,,amz-B#3
E0286,P1,wheel-rim-barrel-brush,Brosse à jantes longue,Long wheel barrel brush for car rims,auto-voyage,1 famille,D,D,amazon_us_ratings,251,avis,"Wheels, and Rims, Black and Green, $24.99, 251, B0H2BPCXM1",B0H2BPCXM1,https://www.amazon.com/gp/new-releases/automotive/,2026-10-04,mcp__Firecrawl__firecrawl_scrape,https://www.amazon.com/gp/new-releases/automotive/,freeform,MESURÉ,ok,,amz-B#3
E0287,P1,wheel-rim-barrel-brush,Brosse à jantes longue,Long wheel barrel brush for car rims,auto-voyage,1 famille,D,O,meta_us_results,470,ads,~470 results,n/a,https://www.facebook.com/ads/library/?active_status=active&ad_type=all&country=US&media_type=all&q=wheel%20barrel%20brush&search_type=keyword_unordered,2026-10-04,mcp__Firecrawl__firecrawl_scrape,https://www.facebook.com/ads/library/?active_status=active&ad_type=all&country=US&media_type=all&q=wheel%20barrel%20brush&search_type=keyword_unordered,freeform,MESURÉ,ok,,comp-4
E0288,P1,wheel-rim-barrel-brush,Brosse à jantes longue,Long wheel barrel brush for car rims,auto-voyage,1 famille,D,O,meta_us_relevant_ads,,ads among first 20,"4. Viking Car Care, Started running on Jun 8, 2026, Library ID: 3044797712537814, vikingcarcare.com, no product",n/a,https://www.facebook.com/ads/library/?active_status=active&ad_type=all&country=US&media_type=all&q=wheel%20barrel%20brush&search_type=keyword_unordered,2026-10-04,mcp__Firecrawl__firecrawl_scrape,https://www.facebook.com/ads/library/?active_status=active&ad_type=all&country=US&media_type=all&q=wheel%20barrel%20brush&search_type=keyword_unordered,freeform,NON MESURÉ,ok,,comp-4
E0289,P1,xxl-artistic-desk-mat,Sous-main / tapis de souris XXL illustré,Large artistic desk mat (XXL mouse pad),bureau-tech,1 famille,O,O,meta_us_ad,221,jours,"Epic Design Pads, Started running on Feb 25, 2026, Library ID: 3107899062715831, epicdesignpads.com, The Great Kraken Desk Mat",3107899062715831,https://www.facebook.com/ads/library/?active_status=active&ad_type=all&country=US&media_type=all&q=desk%20setup&search_type=keyword_unordered,2026-10-04,mcp__Firecrawl__firecrawl_scrape,desk setup,freeform,MESURÉ,ok,,meta-C#0
E0290,P1,xxl-artistic-desk-mat,Sous-main / tapis de souris XXL illustré,Large artistic desk mat (XXL mouse pad),bureau-tech,1 famille,O,O,meta_us_ad,121,jours,"Epic Design Pads, Started running on Jun 5, 2026, Library ID: 4272380092977456, **2 ads** use this creative and text, epicdesignpads.com, Magenta Liquid desk mat",4272380092977456,https://www.facebook.com/ads/library/?active_status=active&ad_type=all&country=US&media_type=all&q=desk%20setup&search_type=keyword_unordered,2026-10-04,mcp__Firecrawl__firecrawl_scrape,desk setup,freeform,MESURÉ,ok,,meta-C#0
E0291,P1,xxl-artistic-desk-mat,Sous-main / tapis de souris XXL illustré,Large artistic desk mat (XXL mouse pad),bureau-tech,1 famille,O,O,meta_us_variants,2,pubs,"Library ID: 4272380092977456, **2 ads** use this creative and text, epicdesignpads.com, Magenta Liquid desk mat",4272380092977456,https://www.facebook.com/ads/library/?active_status=active&ad_type=all&country=US&media_type=all&q=desk%20setup&search_type=keyword_unordered,2026-10-04,mcp__Firecrawl__firecrawl_scrape,desk setup,freeform,MESURÉ,ok,,meta-C#0
E0292,P1,xxl-artistic-desk-mat,Sous-main / tapis de souris XXL illustré,Large artistic desk mat (XXL mouse pad),bureau-tech,1 famille,O,O,meta_us_ad,94,jours,"Starforge Systems, Started running on Jul 2, 2026, Library ID: 1642714150107486, starforgesystems.com, Desk Mat, Wall Art, Platelight and PC Case",1642714150107486,https://www.facebook.com/ads/library/?active_status=active&ad_type=all&country=US&media_type=all&q=desk%20setup&search_type=keyword_unordered,2026-10-04,mcp__Firecrawl__firecrawl_scrape,desk setup,freeform,MESURÉ,ok,,meta-C#0
E0293,P1,xxl-artistic-desk-mat,Sous-main / tapis de souris XXL illustré,Large artistic desk mat (XXL mouse pad),bureau-tech,1 famille,O,O,meta_us_ad,18,jours,"Cyber Vintage, Started running on Sep 16, 2026, Library ID: 2459706337805720, cyber-vintage.com, SuperZone desk pad",2459706337805720,https://www.facebook.com/ads/library/?active_status=active&ad_type=all&country=US&media_type=all&q=desk%20setup&search_type=keyword_unordered,2026-10-04,mcp__Firecrawl__firecrawl_scrape,desk setup,freeform,MESURÉ,ok,,meta-C#0
E0294,P1,anti-slip-ice-cleats,Crampons antidérapants à enfiler sur les chaussures,Anti-slip ice cleats over shoes,sport-plein-air,EXCLU:guide_tailles,D,D,amazon_us_ratings,10600,ratings (affichage arrondi 10.6K),"2. **Crampons Ice Cleats Traction Snow Grips for Boots Shoes Women Men Anti Slip 1**
$23.99
(10.6K)
800+ bought in past month
B07H4H7MKR",B07H4H7MKR,https://www.amazon.com/s?k=shoe+ice+cleats+traction,2026-10-04,mcp__Firecrawl__firecrawl_scrape,https://www.amazon.com/s?k=shoe+ice+cleats+traction,freeform,ESTIMATION,ok,,r2-2#4
E0295,P1,anti-slip-ice-cleats,Crampons antidérapants à enfiler sur les chaussures,Anti-slip ice cleats over shoes,sport-plein-air,EXCLU:guide_tailles,D,D,amazon_us_bought_past_month,800,units/month (borne basse 800+),"800+ bought in past month
B07H4H7MKR",B07H4H7MKR,https://www.amazon.com/s?k=shoe+ice+cleats+traction,2026-10-04,mcp__Firecrawl__firecrawl_scrape,https://www.amazon.com/s?k=shoe+ice+cleats+traction,freeform,MESURÉ,ok,,r2-2#4
E0296,P1,anti-slip-ice-cleats,Crampons antidérapants à enfiler sur les chaussures,Anti-slip ice cleats over shoes,sport-plein-air,EXCLU:guide_tailles,D,D,amazon_us_ratings,3400,ratings (affichage arrondi 3.4K),"7. **Aliglow Ice Snow Grips Over Shoe Boot Traction Cleats Spikes Crampons | An**
$9.49
(3.4K)
100+ bought in past month
B07NPG4PBB",B07NPG4PBB,https://www.amazon.com/s?k=shoe+ice+cleats+traction,2026-10-04,mcp__Firecrawl__firecrawl_scrape,https://www.amazon.com/s?k=shoe+ice+cleats+traction,freeform,ESTIMATION,ok,,r2-2#4
E0297,P1,car-door-latch-step,Marchepied de portière pour accéder au toit,Portable car door latch step,auto-voyage,EXCLU:saison:ete (pic d été incompatible avec un lancement oct.-janv.),O,O,meta_us_ad,190,jours,"Ancestral Outdoors Adventures | Mar 28, 2026 | Library ID: 26463572349945550 | ancestraloutdoors.com | portable latch step",26463572349945550,https://www.facebook.com/ads/library/?active_status=active&ad_type=all&country=US&media_type=all&q=camping%20must%20have&search_type=keyword_unordered,2026-10-04,mcp__Firecrawl__firecrawl_scrape,camping must have,freeform,MESURÉ,ok,,meta-B#5
E0298,P1,car-door-latch-step,Marchepied de portière pour accéder au toit,Portable car door latch step,auto-voyage,EXCLU:saison:ete (pic d été incompatible avec un lancement oct.-janv.),O,O,meta_us_ad,169,jours,"Ancestral Outdoors Adventures | Apr 18, 2026 | Library ID: 787994164138788 | ancestraloutdoors.com | portable latch step",787994164138788,https://www.facebook.com/ads/library/?active_status=active&ad_type=all&country=US&media_type=all&q=camping%20must%20have&search_type=keyword_unordered,2026-10-04,mcp__Firecrawl__firecrawl_scrape,camping must have,freeform,MESURÉ,ok,,meta-B#5
E0299,P1,car-window-bug-screen,Moustiquaire pour vitre de voiture,Car window mosquito net screens,auto-voyage,EXCLU:saison:ete (pic d été incompatible avec un lancement oct.-janv.),O,O,meta_us_ad,208,jours,"The Wanderful | Mar 10, 2026 | Library ID: 1408470047227924 | shop.thewanderful.co | bug screens",1408470047227924,https://www.facebook.com/ads/library/?active_status=active&ad_type=all&country=US&media_type=all&q=camping%20must%20have&search_type=keyword_unordered,2026-10-04,mcp__Firecrawl__firecrawl_scrape,camping must have,freeform,MESURÉ,ok,,meta-B#6
E0300,P1,cat-water-fountain,Fontaine à eau pour chat,Cat water fountain,animaux,EXCLU:liste_winning>=2,O,O,meta_us_ad,81,jours,"Page name: Janet Nolan
Started running on: Jul 15, 2026
Library ID: 1745647720193797
N ads use this creative and text: 2 ads use this creative and text
Landing domain: pawira.com",1745647720193797,https://www.facebook.com/ads/library/?active_status=active&ad_type=all&country=US&media_type=all&q=never%20scrub%20again&search_type=keyword_unordered,2026-10-04,mcp__Firecrawl__firecrawl_scrape,never scrub again,freeform,MESURÉ,ok,,meta-A#7
E0301,P1,cat-water-fountain,Fontaine à eau pour chat,Cat water fountain,animaux,EXCLU:liste_winning>=2,O,O,meta_us_variants,2,ads,"Library ID: 1745647720193797
N ads use this creative and text: 2 ads use this creative and text
Landing domain: pawira.com
Product advertised: cat water fountain",1745647720193797,https://www.facebook.com/ads/library/?active_status=active&ad_type=all&country=US&media_type=all&q=never%20scrub%20again&search_type=keyword_unordered,2026-10-04,mcp__Firecrawl__firecrawl_scrape,never scrub again,freeform,MESURÉ,ok,,meta-A#7
E0302,P1,cat-water-fountain,Fontaine à eau pour chat,Cat water fountain,animaux,EXCLU:liste_winning>=2,O,O,meta_us_ad,144,jours,"Dr. Madison Cole, DVM, Started running on May 13, 2026, Library ID: 967873222614973, 2 ads use this creative and text, pawira.com, cat water fountain",967873222614973,https://www.facebook.com/ads/library/?active_status=active&ad_type=all&country=US&media_type=all&q=cat%20owners&search_type=keyword_unordered,2026-10-04,mcp__Firecrawl__firecrawl_scrape,cat owners,freeform,MESURÉ,ok,,meta-B#0
E0303,P1,cat-water-fountain,Fontaine à eau pour chat,Cat water fountain,animaux,EXCLU:liste_winning>=2,O,O,meta_us_variants,2,pubs,"Library ID: 967873222614973, 2 ads use this creative and text, pawira.com, cat water fountain",967873222614973,https://www.facebook.com/ads/library/?active_status=active&ad_type=all&country=US&media_type=all&q=cat%20owners&search_type=keyword_unordered,2026-10-04,mcp__Firecrawl__firecrawl_scrape,cat owners,freeform,MESURÉ,ok,,meta-B#0
E0304,P1,cat-water-fountain,Fontaine à eau pour chat,Cat water fountain,animaux,EXCLU:liste_winning>=2,O,O,meta_us_ad,145,jours,"Dr. Madison Cole, DVM, Started running on May 12, 2026, Library ID: 1723115752437503, pawira.com, cat water fountain",1723115752437503,https://www.facebook.com/ads/library/?active_status=active&ad_type=all&country=US&media_type=all&q=cat%20owners&search_type=keyword_unordered,2026-10-04,mcp__Firecrawl__firecrawl_scrape,cat owners,freeform,MESURÉ,ok,,meta-B#0
E0305,P1,cat-water-fountain,Fontaine à eau pour chat,Cat water fountain,animaux,EXCLU:liste_winning>=2,O,O,meta_us_ad,76,jours,"KittySpout, Jul 20, 2026, Library ID: 2875351339534779, www.kittyspout.com, cat water fountain",2875351339534779,https://www.facebook.com/ads/library/?active_status=active&ad_type=all&country=US&media_type=all&q=pet%20must%20have&search_type=keyword_unordered,2026-10-04,mcp__Firecrawl__firecrawl_scrape,pet must have,freeform,MESURÉ,ok,,meta-B#0
E0306,P1,diatomite-bath-mat,Tapis de bain en diatomite,Diatomaceous earth quick-dry bath mat,maison-rangement,EXCLU:poids>1kg,D,D,amazon_us_rank,14,rang,"14. VEELOIM Stone Bath Mat, Diatomaceous Earth Shower Mat for Bathroom Grey | Fast Drying, Super Absorbent, Non-Slip Design, Easy | $29.97 | 1,986 | B0H7W18VPM |",B0H7W18VPM,https://www.amazon.com/gp/new-releases/home-garden/,2026-10-04,mcp__Firecrawl__firecrawl_scrape,https://www.amazon.com/gp/new-releases/home-garden/,freeform,MESURÉ,ok,,amz-C#7
E0307,P1,diatomite-bath-mat,Tapis de bain en diatomite,Diatomaceous earth quick-dry bath mat,maison-rangement,EXCLU:poids>1kg,D,D,amazon_us_ratings,1986,avis,"| $29.97 | 1,986 | B0H7W18VPM |",B0H7W18VPM,https://www.amazon.com/gp/new-releases/home-garden/,2026-10-04,mcp__Firecrawl__firecrawl_scrape,https://www.amazon.com/gp/new-releases/home-garden/,freeform,MESURÉ,ok,,amz-C#7
E0308,P1,dryer-vent-cleaning-brush-kit,Kit de brosses pour conduit de sèche-linge,Flexible dryer vent cleaning brush kit,bricolage,EXCLU:non_transposable_fr,D,D,trends_us_rising,350,% hausse 3 mois,dryer vent cleaning tool for drill : +350%,n/a,https://trends.firecrawl.dev/explore?q=dryer+vent+cleaning+tool+for+drill&date=today+3-m&geo=US,2026-10-04,firecrawl_scrape alexandria,firecrawl-trends trends/related_queries keyword=cleaning tool geo=US time=today 3-m,alexandria,MESURÉ,ok,,trends#1
E0309,P1,dryer-vent-cleaning-brush-kit,Kit de brosses pour conduit de sèche-linge,Flexible dryer vent cleaning brush kit,bricolage,EXCLU:non_transposable_fr,D,D,trends_us_rising,90,% hausse 3 mois,dryer vent cleaning tool : +90%,n/a,https://trends.firecrawl.dev/explore?q=dryer+vent+cleaning+tool&date=today+3-m&geo=US,2026-10-04,firecrawl_scrape alexandria,firecrawl-trends trends/related_queries keyword=cleaning tool geo=US time=today 3-m,alexandria,MESURÉ,ok,,trends#1
E0310,P1,easy-on-dog-boots,Bottines pour chien faciles à enfiler,Easy-on wide-opening dog boots,animaux,EXCLU:guide_tailles,,S,reddit_mention,,votes,"Dog boots with a wide opening. They're so much easier to put on and take off, making it far less annoying for us both.",https://www.reddit.com/r/dogs/comments/z46pmi/what_are_some_game_changer_items_that_you_have/,https://www.reddit.com/r/dogs/comments/z46pmi/what_are_some_game_changer_items_that_you_have/,2026-10-04,mcp__Firecrawl__firecrawl_search,site:reddit.com/r/dogs product that made life easier,search_snippet,NON MESURÉ,ok,,reddit#5
E0311,P1,electric-scalp-massager,Masseur crânien électrique,Electric scalp massager (octopus / waterproof kneading),bien-etre-non-medical,EXCLU:liste_winning>=2,O,O,meta_us_ad,6,jours,"Zvorna-USA | Started running on Sep 28, 2026 | Unwind after a long day with the Smart Octopus Head Massager — an electric scalp massage device",1122157396815699,https://www.facebook.com/ads/library/?active_status=active&ad_type=all&country=US&media_type=all&q=electric%20scalp%20massager&search_type=keyword_unordered,2026-10-04,mcp__Firecrawl__firecrawl_scrape,electric scalp massager,markdown,MESURÉ,ok,,r2-1#0
E0312,P1,electric-scalp-massager,Masseur crânien électrique,Electric scalp massager (octopus / waterproof kneading),bien-etre-non-medical,EXCLU:liste_winning>=2,O,O,meta_us_ad,5,jours,"Suzvo-Plants | Started running on Sep 29, 2026 | Turn a few quiet minutes into a relaxing self-care moment with the Smart Octopus Head Massager",1138474142185195,https://www.facebook.com/ads/library/?active_status=active&ad_type=all&country=US&media_type=all&q=electric%20scalp%20massager&search_type=keyword_unordered,2026-10-04,mcp__Firecrawl__firecrawl_scrape,electric scalp massager,markdown,MESURÉ,ok,,r2-1#0
E0313,P1,electric-scalp-massager,Masseur crânien électrique,Electric scalp massager (octopus / waterproof kneading),bien-etre-non-medical,EXCLU:liste_winning>=2,O,O,meta_us_ad,13,jours,"Norbbshop | Started running on Sep 21, 2026 | The Intelligent Octopus Head Massager wraps your scalp in a 360° human-hand massage, with 8 independent nodes",2540368763109694,https://www.facebook.com/ads/library/?active_status=active&ad_type=all&country=US&media_type=all&q=electric%20scalp%20massager&search_type=keyword_unordered,2026-10-04,mcp__Firecrawl__firecrawl_scrape,electric scalp massager,markdown,MESURÉ,ok,,r2-1#0
E0314,P1,electric-scalp-massager,Masseur crânien électrique,Electric scalp massager (octopus / waterproof kneading),bien-etre-non-medical,EXCLU:liste_winning>=2,O,O,meta_us_ad,180,jours,"Oruwell | Started running on Apr 7, 2026 | Imagine slipping on the MigraEase™ Electric Scalp Massager: 20 soft, flexible nodes",4347218312234027,https://www.facebook.com/ads/library/?active_status=active&ad_type=all&country=US&media_type=all&q=electric%20scalp%20massager&search_type=keyword_unordered,2026-10-04,mcp__Firecrawl__firecrawl_scrape,electric scalp massager,markdown,MESURÉ,ok,,r2-1#1
E0315,P1,electric-scalp-massager,Masseur crânien électrique,Electric scalp massager (octopus / waterproof kneading),bien-etre-non-medical,EXCLU:liste_winning>=2,O,O,meta_us_ad,32,jours,"Started running on Sep 2, 2026 | Electric Scalp Massager Head Massager Scalp Stress Relax, 5 in 1 Kneading 128 Massage Nodes, Waterproof | Get it on Amazon for only USD 33",935329919635058,https://www.facebook.com/ads/library/?active_status=active&ad_type=all&country=US&media_type=all&q=electric%20scalp%20massager&search_type=keyword_unordered,2026-10-04,mcp__Firecrawl__firecrawl_scrape,electric scalp massager,markdown,MESURÉ,ok,,r2-1#1
E0316,P1,electric-scalp-massager,Masseur crânien électrique,Electric scalp massager (octopus / waterproof kneading),bien-etre-non-medical,EXCLU:liste_winning>=2,O,O,meta_us_ad,1,jours,"Started running on Oct 3, 2026 | Turn your everyday hair-care routine into a relaxing self-care ritual with the ElvaraLuxe Electric Scalp Massager.",1802652421079833,https://www.facebook.com/ads/library/?active_status=active&ad_type=all&country=US&media_type=all&q=electric%20scalp%20massager&search_type=keyword_unordered,2026-10-04,mcp__Firecrawl__firecrawl_scrape,electric scalp massager,markdown,MESURÉ,ok,,r2-1#1
E0317,P1,electric-scalp-massager,Masseur crânien électrique,Electric scalp massager (octopus / waterproof kneading),bien-etre-non-medical,EXCLU:liste_winning>=2,O,O,meta_us_ad,5,jours,"Started running on Sep 29, 2026 | You’ve seen the Jackoraa scalp massager — now make it part of your self-care routine.",1393633086213561,https://www.facebook.com/ads/library/?active_status=active&ad_type=all&country=US&media_type=all&q=electric%20scalp%20massager&search_type=keyword_unordered,2026-10-04,mcp__Firecrawl__firecrawl_scrape,electric scalp massager,markdown,MESURÉ,ok,,r2-1#1
E0318,P1,eternal-rose-bear-gift-box,Ourson en roses éternelles avec collier,Eternal rose bear gift box with necklace,cadeau-lifestyle,EXCLU:fragile,O,O,meta_us_ad,470,jours,"Swaveo Jewelry, Jun 21, 2025, 616493867528137, swaveo.com, rose bear and necklace",616493867528137,https://www.facebook.com/ads/library/?active_status=active&ad_type=all&country=US&media_type=all&q=gift%20for%20her&search_type=keyword_unordered,2026-10-04,mcp__Firecrawl__firecrawl_scrape,gift for her,freeform,MESURÉ,ok,,meta-C#5
E0319,P1,eternal-rose-bear-gift-box,Ourson en roses éternelles avec collier,Eternal rose bear gift box with necklace,cadeau-lifestyle,EXCLU:fragile,O,O,meta_us_ad,153,jours,"Swaveo Jewelry, May 4, 2026, 1493322932187110, rose and necklace",1493322932187110,https://www.facebook.com/ads/library/?active_status=active&ad_type=all&country=US&media_type=all&q=gift%20for%20her&search_type=keyword_unordered,2026-10-04,mcp__Firecrawl__firecrawl_scrape,gift for her,freeform,MESURÉ,ok,,meta-C#5
E0320,P1,eternal-rose-bear-gift-box,Ourson en roses éternelles avec collier,Eternal rose bear gift box with necklace,cadeau-lifestyle,EXCLU:fragile,O,O,meta_us_ad,363,jours,"Elise Morrow, Oct 6, 2025, 2552336838473397, rose bouquet",2552336838473397,https://www.facebook.com/ads/library/?active_status=active&ad_type=all&country=US&media_type=all&q=gift%20for%20her&search_type=keyword_unordered,2026-10-04,mcp__Firecrawl__firecrawl_scrape,gift for her,freeform,MESURÉ,ok,,meta-C#5
E0321,P1,foldable-3in1-magnetic-wireless-charger,Station de charge sans fil magnétique pliable 3 en 1,Foldable 3-in-1 magnetic wireless charging station,bureau-tech,EXCLU:liste_winning>=2,O,O,meta_us_ad,116,jours,"15. Ypzvx
Started running on Jun 10, 2026
Library ID: 1292542223081145
ypzvx.com
3‑in‑1 charging station",1292542223081145,https://www.facebook.com/ads/library/?active_status=active&ad_type=all&country=US&media_type=all&q=3%20in%201%20wireless%20charging%20station&search_type=keyword_unordered,2026-10-04,mcp__Firecrawl__firecrawl_scrape,3 in 1 wireless charging station,freeform,MESURÉ,ok,,r2-4#5
E0322,P1,foldable-3in1-magnetic-wireless-charger,Station de charge sans fil magnétique pliable 3 en 1,Foldable 3-in-1 magnetic wireless charging station,bureau-tech,EXCLU:liste_winning>=2,O,O,meta_us_ad,25,jours,"20. Sakerstore
Started running on Sep 9, 2026
Library ID: 1990046228368999
m.sakerplus.com
Sakerplus 3-In-1 Foldable Magnetic Wireless Charging Station",1990046228368999,https://www.facebook.com/ads/library/?active_status=active&ad_type=all&country=US&media_type=all&q=3%20in%201%20wireless%20charging%20station&search_type=keyword_unordered,2026-10-04,mcp__Firecrawl__firecrawl_scrape,3 in 1 wireless charging station,freeform,MESURÉ,ok,,r2-4#5
E0323,P1,foldable-3in1-magnetic-wireless-charger,Station de charge sans fil magnétique pliable 3 en 1,Foldable 3-in-1 magnetic wireless charging station,bureau-tech,EXCLU:liste_winning>=2,O,O,meta_us_ad,134,jours,"2. Journey - JRNY
Started running on May 23, 2026
Library ID: 2264426057694723
4 ads use this creative and text
www.facebook.com
NOVA 3-in-1 fast wireless charging station",2264426057694723,https://www.facebook.com/ads/library/?active_status=active&ad_type=all&country=US&media_type=all&q=3%20in%201%20wireless%20charging%20station&search_type=keyword_unordered,2026-10-04,mcp__Firecrawl__firecrawl_scrape,3 in 1 wireless charging station,freeform,MESURÉ,ok,,r2-4#5
E0324,P1,foldable-3in1-magnetic-wireless-charger,Station de charge sans fil magnétique pliable 3 en 1,Foldable 3-in-1 magnetic wireless charging station,bureau-tech,EXCLU:liste_winning>=2,O,O,meta_us_variants,4,pubs,"Library ID: 2264426057694723
4 ads use this creative and text",2264426057694723,https://www.facebook.com/ads/library/?active_status=active&ad_type=all&country=US&media_type=all&q=3%20in%201%20wireless%20charging%20station&search_type=keyword_unordered,2026-10-04,mcp__Firecrawl__firecrawl_scrape,3 in 1 wireless charging station,freeform,MESURÉ,ok,,r2-4#5
E0325,P1,foldable-3in1-magnetic-wireless-charger,Station de charge sans fil magnétique pliable 3 en 1,Foldable 3-in-1 magnetic wireless charging station,bureau-tech,EXCLU:liste_winning>=2,O,O,meta_us_ad,1011,jours,"3. The Pixel Case
Started running on Dec 28, 2023
Library ID: 2525983884237826
3 ads use this creative and text
www.facebook.com
3 in 1 Wireless Charging Station for Google Pixel Series",2525983884237826,https://www.facebook.com/ads/library/?active_status=active&ad_type=all&country=US&media_type=all&q=3%20in%201%20wireless%20charging%20station&search_type=keyword_unordered,2026-10-04,mcp__Firecrawl__firecrawl_scrape,3 in 1 wireless charging station,freeform,MESURÉ,ok,,r2-4#5
E0326,P1,foldable-3in1-magnetic-wireless-charger,Station de charge sans fil magnétique pliable 3 en 1,Foldable 3-in-1 magnetic wireless charging station,bureau-tech,EXCLU:liste_winning>=2,O,O,meta_us_ad,145,jours,"20. Norbbshop, Started running on May 12, 2026, Library ID: 2479795405811602, norbbshop.com, Foldable Charging Stand",2479795405811602,https://www.facebook.com/ads/library/?active_status=active&ad_type=all&country=US&media_type=all&q=foldable%20laptop%20stand&search_type=keyword_unordered,2026-10-04,mcp__Firecrawl__firecrawl_scrape,foldable laptop stand,freeform,MESURÉ,ok,,r2-4#5
E0327,P1,foldable-portable-travel-fan,Ventilateur de voyage pliable,Foldable portable travel fan,auto-voyage,EXCLU:saison:ete (pic d été incompatible avec un lancement oct.-janv.),O,O,meta_us_ad,538,jours,"Venty Fan, Started running on Apr 14, 2025, Library ID: 1755095332110765, 3 ads use this creative and text, ventyfan.com, Foldable travel fan",1755095332110765,https://www.facebook.com/ads/library/?active_status=active&ad_type=all&country=US&media_type=all&q=travel%20essential&search_type=keyword_unordered,2026-10-04,mcp__Firecrawl__firecrawl_scrape,travel essential,freeform,MESURÉ,ok,,meta-B#4
E0328,P1,foldable-portable-travel-fan,Ventilateur de voyage pliable,Foldable portable travel fan,auto-voyage,EXCLU:saison:ete (pic d été incompatible avec un lancement oct.-janv.),O,O,meta_us_variants,3,pubs,"Venty Fan, Started running on Apr 14, 2025, Library ID: 1755095332110765, 3 ads use this creative and text",1755095332110765,https://www.facebook.com/ads/library/?active_status=active&ad_type=all&country=US&media_type=all&q=travel%20essential&search_type=keyword_unordered,2026-10-04,mcp__Firecrawl__firecrawl_scrape,travel essential,freeform,MESURÉ,ok,,meta-B#4
E0329,P1,foldable-portable-travel-fan,Ventilateur de voyage pliable,Foldable portable travel fan,auto-voyage,EXCLU:saison:ete (pic d été incompatible avec un lancement oct.-janv.),O,O,meta_us_ad,155,jours,"Venty Fan, Started running on May 2, 2026, Library ID: 1625479285395396, 2 ads use this creative and text, ventyfan.com, Foldable travel fan",1625479285395396,https://www.facebook.com/ads/library/?active_status=active&ad_type=all&country=US&media_type=all&q=travel%20essential&search_type=keyword_unordered,2026-10-04,mcp__Firecrawl__firecrawl_scrape,travel essential,freeform,MESURÉ,ok,,meta-B#4
E0330,P1,heated-neck-stretcher-cervical-relaxer,Relaxeur cervical d'étirement chauffant et vibrant,Heated vibrating neck stretcher / cervical traction relaxer,bien-etre-non-medical,EXCLU:allegation_medicale,O,O,meta_us_ad,129,jours,"Library ID: 1342721264420124 | Started running on May 28, 2026 | [Health & Science] | FisioRest combined all three therapies into one device | ARTUVATE.CO",1342721264420124,https://www.facebook.com/ads/library/?active_status=active&ad_type=all&country=US&media_type=all&q=electric%20scalp%20massager&search_type=keyword_unordered,2026-10-04,mcp__Firecrawl__firecrawl_scrape,electric scalp massager,markdown,MESURÉ,ok,,r2-1#5
E0331,P1,italian-charm-bracelet,Bracelet à charms italien,Italian charm bracelet,cadeau-lifestyle,EXCLU:variantes>3,O,O,meta_us_ad,61,jours,"Page name: Charmette
Started running on: Aug 4, 2026
Library ID: 1287604767765051
Landing domain: charmette.store
Product: Italian charm bracelet",1287604767765051,https://www.facebook.com/ads/library/?active_status=active&ad_type=all&country=US&media_type=all&q=tiktok%20made%20me%20buy%20it&search_type=keyword_unordered,2026-10-04,mcp__Firecrawl__firecrawl_scrape,tiktok made me buy it,freeform,MESURÉ,ok,,meta-A#8
E0332,P1,italian-charm-bracelet,Bracelet à charms italien,Italian charm bracelet,cadeau-lifestyle,EXCLU:variantes>3,O,O,meta_us_ad,20,jours,"Page name: Charmette
Started running on: Sep 14, 2026
Library ID: 1520887436729944
Landing domain: charmette.store
Product: Italian charm bracelet",1520887436729944,https://www.facebook.com/ads/library/?active_status=active&ad_type=all&country=US&media_type=all&q=tiktok%20made%20me%20buy%20it&search_type=keyword_unordered,2026-10-04,mcp__Firecrawl__firecrawl_scrape,tiktok made me buy it,freeform,MESURÉ,ok,,meta-A#8
E0333,P1,magnetic-car-phone-mount,Support téléphone magnétique pour voiture,Magnetic car phone mount,auto-voyage,EXCLU:liste_winning>=2,O,S,reddit_mention,,votes,"My friend got me one of those magnetic phone mounts for the car and its actually solid, way better than those suction cup ones that fall off",https://www.reddit.com/r/AskReddit/comments/1tfg1eh/whats_a_tiktok_made_me_buy_it_product_that/,https://www.reddit.com/r/AskReddit/comments/1tfg1eh/whats_a_tiktok_made_me_buy_it_product_that/,2026-10-04,mcp__Firecrawl__firecrawl_search,site:reddit.com tiktok made me buy it actually worth it,search_snippet,NON MESURÉ,ok,,reddit#0
E0334,P1,magnetic-car-phone-mount,Support téléphone magnétique pour voiture,Magnetic car phone mount,auto-voyage,EXCLU:liste_winning>=2,O,O,meta_us_ad,417,jours,"Page name: Chubbycable
Started running on Aug 13, 2025
Library ID: 1315255403598031
Landing domain: chubbycable.com
Product: ChubbyDrive FlexGrip Magnetic Car Mount",1315255403598031,https://www.facebook.com/ads/library/?active_status=active&ad_type=all&country=US&media_type=all&q=magnetic%20phone%20mount&search_type=keyword_unordered,2026-10-04,mcp__Firecrawl__firecrawl_scrape,magnetic phone mount,freeform,MESURÉ,ok,,r2-4#7
E0335,P1,magnetic-car-phone-mount,Support téléphone magnétique pour voiture,Magnetic car phone mount,auto-voyage,EXCLU:liste_winning>=2,O,O,meta_us_ad,659,jours,"Page name: Nixive
Started running on Dec 14, 2024
Library ID: 9190563094320910
N ads use this creative and text: 2 ads use this creative and text
Landing domain: nixive.com
Product: MagGrip Pro",9190563094320910,https://www.facebook.com/ads/library/?active_status=active&ad_type=all&country=US&media_type=all&q=magnetic%20phone%20mount&search_type=keyword_unordered,2026-10-04,mcp__Firecrawl__firecrawl_scrape,magnetic phone mount,freeform,MESURÉ,ok,,r2-4#7
E0336,P1,magnetic-car-phone-mount,Support téléphone magnétique pour voiture,Magnetic car phone mount,auto-voyage,EXCLU:liste_winning>=2,O,O,meta_us_variants,2,pubs,"Library ID: 9190563094320910
N ads use this creative and text: 2 ads use this creative and text",9190563094320910,https://www.facebook.com/ads/library/?active_status=active&ad_type=all&country=US&media_type=all&q=magnetic%20phone%20mount&search_type=keyword_unordered,2026-10-04,mcp__Firecrawl__firecrawl_scrape,magnetic phone mount,freeform,MESURÉ,ok,,r2-4#7
E0337,P1,magnetic-car-phone-mount,Support téléphone magnétique pour voiture,Magnetic car phone mount,auto-voyage,EXCLU:liste_winning>=2,O,O,meta_us_ad,339,jours,"Page name: Nixive
Started running on Oct 30, 2025
Library ID: 1464860061270637
N ads use this creative and text: 2 ads use this creative and text
Landing domain: nixive.com
Product: MagGrip Pro",1464860061270637,https://www.facebook.com/ads/library/?active_status=active&ad_type=all&country=US&media_type=all&q=magnetic%20phone%20mount&search_type=keyword_unordered,2026-10-04,mcp__Firecrawl__firecrawl_scrape,magnetic phone mount,freeform,MESURÉ,ok,,r2-4#7
E0338,P1,mini-pebble-ice-cube-tray,Bac à mini-glaçons avec couvercle,Mini pebble ice cube tray with lid,cuisine,EXCLU:saison:ete (pic d été incompatible avec un lancement oct.-janv.),D,D,amazon_us_rank,18,rang,"18. Mini Ice Cube Trays for Freezer with Lid, Tiny Pebble Ice Tray | 0.55"" Small Ice Ball Mold, Easy Release, for Water Bottle & , $15.99, _4.6 out of 5 stars_ 3,013, B0H71FRXRP",B0H71FRXRP,https://www.amazon.com/gp/new-releases/kitchen/,2026-10-04,mcp__Firecrawl__firecrawl_scrape,https://www.amazon.com/gp/new-releases/kitchen/,freeform,MESURÉ,ok,,amz-A#9
E0339,P1,mini-pebble-ice-cube-tray,Bac à mini-glaçons avec couvercle,Mini pebble ice cube tray with lid,cuisine,EXCLU:saison:ete (pic d été incompatible avec un lancement oct.-janv.),D,D,amazon_us_ratings,3013,avis,"18. Mini Ice Cube Trays for Freezer with Lid, Tiny Pebble Ice Tray | 0.55"" Small Ice Ball Mold, Easy Release, for Water Bottle & , $15.99, _4.6 out of 5 stars_ 3,013, B0H71FRXRP",B0H71FRXRP,https://www.amazon.com/gp/new-releases/kitchen/,2026-10-04,mcp__Firecrawl__firecrawl_scrape,https://www.amazon.com/gp/new-releases/kitchen/,freeform,MESURÉ,ok,,amz-A#9
E0340,P1,mist-spray-detangling-massage-comb,Brosse électrique démêlante à brumisation,Electric spray air-cushion massage comb (mist detangling brush),bien-etre-non-medical,EXCLU:categorie_cosmetique_soin,O,O,meta_us_ad,9,jours,"Criterionm-c | Started running on Sep 25, 2026 | Hurry Get this Electric Spray Air Cushion Massage Comb",1618976636573341,https://www.facebook.com/ads/library/?active_status=active&ad_type=all&country=US&media_type=all&q=electric%20scalp%20massager&search_type=keyword_unordered,2026-10-04,mcp__Firecrawl__firecrawl_scrape,electric scalp massager,markdown,MESURÉ,ok,,r2-1#3
E0341,P1,mist-spray-detangling-massage-comb,Brosse électrique démêlante à brumisation,Electric spray air-cushion massage comb (mist detangling brush),bien-etre-non-medical,EXCLU:categorie_cosmetique_soin,O,O,meta_us_ad,17,jours,"Started running on Sep 17, 2026 | Still forcefully ripping through stubborn morning hair tangles | WWW.PERPETUALING.COM | Electric Spray Air Cushion Massage Comb",998210556258429,https://www.facebook.com/ads/library/?active_status=active&ad_type=all&country=US&media_type=all&q=electric%20scalp%20massager&search_type=keyword_unordered,2026-10-04,mcp__Firecrawl__firecrawl_scrape,electric scalp massager,markdown,MESURÉ,ok,,r2-1#3
E0342,P1,mist-spray-detangling-massage-comb,Brosse électrique démêlante à brumisation,Electric spray air-cushion massage comb (mist detangling brush),bien-etre-non-medical,EXCLU:categorie_cosmetique_soin,O,O,meta_us_ad,15,jours,"Started running on Sep 19, 2026 | WWW.PERPETUALING.COM | Electric Spray Air Cushion Massage Comb",1810999040325994,https://www.facebook.com/ads/library/?active_status=active&ad_type=all&country=US&media_type=all&q=electric%20scalp%20massager&search_type=keyword_unordered,2026-10-04,mcp__Firecrawl__firecrawl_scrape,electric scalp massager,markdown,MESURÉ,ok,,r2-1#3
E0343,P1,no-pull-dog-harness,Harnais anti-traction pour chien,No-pull dog harness,animaux,EXCLU:guide_tailles,,S,reddit_mention,,votes,"I started using a new harness and it's a game-changer. Walks are smoother, and no more pulling.",https://www.reddit.com/r/dogs/comments/1njmsrq/this_little_gadget_made_walks_way_easier/,https://www.reddit.com/r/dogs/comments/1njmsrq/this_little_gadget_made_walks_way_easier/,2026-10-04,mcp__Firecrawl__firecrawl_search,site:reddit.com/r/dogs product that made life easier,search_snippet,NON MESURÉ,ok,,reddit#3
E0344,P1,portable-dog-water-bottle,Gourde pour chien avec abreuvoir intégré,Portable dog water bottle with trough,animaux,EXCLU:saison:ete (pic d été incompatible avec un lancement oct.-janv.),,S,tiktok_video,,vues,"Content includes potential dropshipping ideas and winning products for the Q4 season, such as a portable dog water bottle and a 4-in-1 measuring ...",https://www.tiktok.com/discover/tiktok-made-me-buy-it-2026,https://www.tiktok.com/discover/tiktok-made-me-buy-it-2026,2026-10-04,mcp__Firecrawl__firecrawl_search,site:tiktok.com tiktok made me buy it 2026,search_snippet,NON MESURÉ,ok,,tiktok#0
E0345,P1,portable-dog-water-bottle,Gourde pour chien avec abreuvoir intégré,Portable dog water bottle with trough,animaux,EXCLU:saison:ete (pic d été incompatible avec un lancement oct.-janv.),,S,tiktok_video,,vues,"The collection includes items like a portable dog water bottle, a tiny room projector that creates a night sky effect, a UV toothbrush sanitizer ...",https://www.tiktok.com/discover/tiktok-made-me-buy-it-products-2026,https://www.tiktok.com/discover/tiktok-made-me-buy-it-products-2026,2026-10-04,mcp__Firecrawl__firecrawl_search,site:tiktok.com tiktok made me buy it 2026,search_snippet,NON MESURÉ,ok,,tiktok#0
E0346,P1,portable-emergency-water-filter,Paille filtrante de survie,Portable emergency water filter straw,sport-plein-air,EXCLU:us_specific,O,O,meta_us_ad,166,jours,"USA Ready Families, Started running on Apr 21, 2026, Library ID: 1654193155698498, primitivelabsresearch.com, Portable emergency water filter",1654193155698498,https://www.facebook.com/ads/library/?active_status=active&ad_type=all&country=US&media_type=all&q=travel%20essential&search_type=keyword_unordered,2026-10-04,mcp__Firecrawl__firecrawl_scrape,travel essential,freeform,MESURÉ,ok,,meta-B#9
E0347,P1,rechargeable-camping-fan-light,Ventilateur de camping rechargeable avec lampe,3-in-1 rechargeable camping fan with light,sport-plein-air,EXCLU:saison:ete (pic d été incompatible avec un lancement oct.-janv.),DO,D,amazon_us_rank,8,rang,"#8 FRIZCOL 3-in-1 Camping Fan - Portable Fans Rechargeable - 24000mAh Battery Powered Fan with Light for Indoor, Outdoor, Tent, Travel, Fishing, Jobsite, Gifts for Men Dad Him - Black | $29.98 | 4,094",B0HCBFW1ZK,https://www.amazon.com/gp/new-releases/sporting-goods/,2026-10-04,mcp__Firecrawl__firecrawl_scrape,https://www.amazon.com/gp/new-releases/sporting-goods/,freeform,MESURÉ,ok,,amz-B#9
E0348,P1,rechargeable-camping-fan-light,Ventilateur de camping rechargeable avec lampe,3-in-1 rechargeable camping fan with light,sport-plein-air,EXCLU:saison:ete (pic d été incompatible avec un lancement oct.-janv.),DO,D,amazon_us_ratings,4094,avis,"Gifts for Men Dad Him - Black | $29.98 | 4,094 | B0HCBFW1ZK",B0HCBFW1ZK,https://www.amazon.com/gp/new-releases/sporting-goods/,2026-10-04,mcp__Firecrawl__firecrawl_scrape,https://www.amazon.com/gp/new-releases/sporting-goods/,freeform,MESURÉ,ok,,amz-B#9
E0349,P1,rechargeable-camping-fan-light,Ventilateur de camping rechargeable avec lampe,3-in-1 rechargeable camping fan with light,sport-plein-air,EXCLU:saison:ete (pic d été incompatible avec un lancement oct.-janv.),DO,O,meta_us_results,16000,ads,"~16,000 results",n/a,https://www.facebook.com/ads/library/?active_status=active&ad_type=all&country=US&media_type=all&q=camping%20fan%20with%20light&search_type=keyword_unordered,2026-10-04,mcp__Firecrawl__firecrawl_scrape,https://www.facebook.com/ads/library/?active_status=active&ad_type=all&country=US&media_type=all&q=camping%20fan%20with%20light&search_type=keyword_unordered,freeform,MESURÉ,ok,,comp-4
E0350,P1,rechargeable-camping-fan-light,Ventilateur de camping rechargeable avec lampe,3-in-1 rechargeable camping fan with light,sport-plein-air,EXCLU:saison:ete (pic d été incompatible avec un lancement oct.-janv.),DO,O,meta_us_relevant_ads,1,ads among first 20,"17. Pineapplea Lot
Started running on Jun 30, 2026
Library ID: 1632792845106269
pineapplea.com
Outdoor Camping Fan",n/a,https://www.facebook.com/ads/library/?active_status=active&ad_type=all&country=US&media_type=all&q=camping%20fan%20with%20light&search_type=keyword_unordered,2026-10-04,mcp__Firecrawl__firecrawl_scrape,https://www.facebook.com/ads/library/?active_status=active&ad_type=all&country=US&media_type=all&q=camping%20fan%20with%20light&search_type=keyword_unordered,freeform,ESTIMATION,ok,,comp-4
E0351,P1,rechargeable-camping-fan-light,Ventilateur de camping rechargeable avec lampe,3-in-1 rechargeable camping fan with light,sport-plein-air,EXCLU:saison:ete (pic d été incompatible avec un lancement oct.-janv.),DO,O,meta_us_ad,96,days since start,"17. Pineapplea Lot
Started running on Jun 30, 2026
Library ID: 1632792845106269
pineapplea.com
Outdoor Camping Fan",1632792845106269,https://www.facebook.com/ads/library/?active_status=active&ad_type=all&country=US&media_type=all&q=camping%20fan%20with%20light&search_type=keyword_unordered,2026-10-04,mcp__Firecrawl__firecrawl_scrape,https://www.facebook.com/ads/library/?active_status=active&ad_type=all&country=US&media_type=all&q=camping%20fan%20with%20light&search_type=keyword_unordered,freeform,MESURÉ,ok,,comp-4
E0352,P1,reusable-pet-hair-remover-roller,Rouleau anti-poils réutilisable,Reusable pet hair remover roller,animaux,EXCLU:liste_winning>=2,D,D,trends_us_rising,46500,% hausse 3 mois,pet hair remover brush for clothing or furniture : Breakout,n/a,https://trends.firecrawl.dev/explore?q=pet+hair+remover+brush+for+clothing+or+furniture&date=today+3-m&geo=US,2026-10-04,firecrawl_scrape alexandria,firecrawl-trends trends/related_queries keyword=pet hair remover geo=US time=today 3-m,alexandria,MESURÉ,ok,,trends#0
E0353,P1,reusable-pet-hair-remover-roller,Rouleau anti-poils réutilisable,Reusable pet hair remover roller,animaux,EXCLU:liste_winning>=2,D,D,trends_us_rising,350,% hausse 3 mois,best pet hair remover for furniture : +350%,n/a,https://trends.firecrawl.dev/explore?q=best+pet+hair+remover+for+furniture&date=today+3-m&geo=US,2026-10-04,firecrawl_scrape alexandria,firecrawl-trends trends/related_queries keyword=pet hair remover geo=US time=today 3-m,alexandria,MESURÉ,ok,,trends#0
E0354,P1,reusable-pet-hair-remover-roller,Rouleau anti-poils réutilisable,Reusable pet hair remover roller,animaux,EXCLU:liste_winning>=2,D,S,tiktok_video,,vues,Best way to and how to get pet fur off clothes! No more wasteful and expensive lint rollers. These reusable and washable lint rollers are a MUST ...,https://www.tiktok.com/discover/clothes-hairy-from-cat,https://www.tiktok.com/discover/clothes-hairy-from-cat,2026-10-04,mcp__Firecrawl__firecrawl_search,site:tiktok.com/discover useful finds under $20 2026 pet hair remover drain catcher,search_snippet,NON MESURÉ,ok,,tiktok#2
E0355,P1,reusable-pet-hair-remover-roller,Rouleau anti-poils réutilisable,Reusable pet hair remover roller,animaux,EXCLU:liste_winning>=2,D,S,tiktok_video,,vues,6 days ago · Pet Hair Remover for Furniture. Hack 2026 Diy Drain Catcher Dog Hair,https://www.tiktok.com/discover/how-to-take-hair-off-clothing-without-a-lint-roller,https://www.tiktok.com/discover/how-to-take-hair-off-clothing-without-a-lint-roller,2026-10-04,mcp__Firecrawl__firecrawl_search,site:tiktok.com/discover useful finds under $20 2026 pet hair remover drain catcher,search_snippet,NON MESURÉ,ok,,tiktok#2
E0356,P1,solar-rechargeable-tent-light,Lampe de tente solaire rechargeable,Solar rechargeable tent light,sport-plein-air,EXCLU:saison:ete (pic d été incompatible avec un lancement oct.-janv.),DO,O,meta_us_ad,432,jours,"Housewor store | Jul 29, 2025 | Library ID: 1104798825177091 | housewor.com | solar tent light",1104798825177091,https://www.facebook.com/ads/library/?active_status=active&ad_type=all&country=US&media_type=all&q=camping%20must%20have&search_type=keyword_unordered,2026-10-04,mcp__Firecrawl__firecrawl_scrape,camping must have,freeform,MESURÉ,ok,,meta-B#7
E0357,P1,solar-rechargeable-tent-light,Lampe de tente solaire rechargeable,Solar rechargeable tent light,sport-plein-air,EXCLU:saison:ete (pic d été incompatible avec un lancement oct.-janv.),DO,D,amazon_us_ratings,12700,ratings (affichage arrondi 12.7K),"4. Collapsible Portable LED Camping Lantern XTAUTO Lightweight Waterproof Solar USB Rechargeable LED Flashlight Survival Kits...
$25.69
(12.7K)
10K+ bought in past month
B0915B6X66",B0915B6X66,https://www.amazon.com/s?k=portable+camping+lantern+rechargeable,2026-10-04,mcp__Firecrawl__firecrawl_scrape,https://www.amazon.com/s?k=portable+camping+lantern+rechargeable,freeform,ESTIMATION,ok,,r2-2#5
E0358,P1,solar-rechargeable-tent-light,Lampe de tente solaire rechargeable,Solar rechargeable tent light,sport-plein-air,EXCLU:saison:ete (pic d été incompatible avec un lancement oct.-janv.),DO,D,amazon_us_bought_past_month,10000,units/month (borne basse 10K+),"10K+ bought in past month
B0915B6X66",B0915B6X66,https://www.amazon.com/s?k=portable+camping+lantern+rechargeable,2026-10-04,mcp__Firecrawl__firecrawl_scrape,https://www.amazon.com/s?k=portable+camping+lantern+rechargeable,freeform,MESURÉ,ok,,r2-2#5
E0359,P1,solar-rechargeable-tent-light,Lampe de tente solaire rechargeable,Solar rechargeable tent light,sport-plein-air,EXCLU:saison:ete (pic d été incompatible avec un lancement oct.-janv.),DO,D,amazon_us_bought_past_month,1000,units/month (borne basse 1K+),"20. DIBMS 4-Pack Solar Camping Lantern, Collapsible Flashlight Emergency Lights
$23.74
(1.2K)
1K+ bought in past month
B0CHJ6JMSW",B0CHJ6JMSW,https://www.amazon.com/s?k=portable+camping+lantern+rechargeable,2026-10-04,mcp__Firecrawl__firecrawl_scrape,https://www.amazon.com/s?k=portable+camping+lantern+rechargeable,freeform,MESURÉ,ok,,r2-2#5
E0360,P1,twist-pile-car-drying-towel,Serviette de séchage auto microfibre ultra-absorbante,1300GSM twist pile car drying towel,auto-voyage,EXCLU:saison:ete (pic d été incompatible avec un lancement oct.-janv.),DO,D,amazon_us_rank,15,rang,"15. AetherAuto 1300GSM Car Drying Towels: 2-Pack 36""X24"" - Super Absorbent | Zero Streaks, No Scratches, Water Spot Free - Microfiber Drying Towels Car Detailing – Twist Pile & Edgeless Design, $25.99",B0H4LRQWN3,https://www.amazon.com/gp/new-releases/automotive/,2026-10-04,mcp__Firecrawl__firecrawl_scrape,https://www.amazon.com/gp/new-releases/automotive/,freeform,MESURÉ,ok,,amz-B#6
E0361,P1,twist-pile-car-drying-towel,Serviette de séchage auto microfibre ultra-absorbante,1300GSM twist pile car drying towel,auto-voyage,EXCLU:saison:ete (pic d été incompatible avec un lancement oct.-janv.),DO,D,amazon_us_ratings,74,avis,"Twist Pile & Edgeless Design, $25.99, 74, B0H4LRQWN3",B0H4LRQWN3,https://www.amazon.com/gp/new-releases/automotive/,2026-10-04,mcp__Firecrawl__firecrawl_scrape,https://www.amazon.com/gp/new-releases/automotive/,freeform,MESURÉ,ok,,amz-B#6
E0362,P1,twist-pile-car-drying-towel,Serviette de séchage auto microfibre ultra-absorbante,1300GSM twist pile car drying towel,auto-voyage,EXCLU:saison:ete (pic d été incompatible avec un lancement oct.-janv.),DO,O,meta_us_results,1900,ads,"~1,900 results",n/a,https://www.facebook.com/ads/library/?active_status=active&ad_type=all&country=US&media_type=all&q=car%20drying%20towel&search_type=keyword_unordered,2026-10-04,mcp__Firecrawl__firecrawl_scrape,https://www.facebook.com/ads/library/?active_status=active&ad_type=all&country=US&media_type=all&q=car%20drying%20towel&search_type=keyword_unordered,freeform,MESURÉ,ok,,comp-4
E0363,P1,twist-pile-car-drying-towel,Serviette de séchage auto microfibre ultra-absorbante,1300GSM twist pile car drying towel,auto-voyage,EXCLU:saison:ete (pic d été incompatible avec un lancement oct.-janv.),DO,O,meta_us_relevant_ads,14,ads among first 20,Page name: Blackline Car Care ... Product: Slim Drying Towel | Page name: Getkeystone ... Product: Thirsty Drying Towel | Page name: Genix Clean ... Product: drying towel,n/a,https://www.facebook.com/ads/library/?active_status=active&ad_type=all&country=US&media_type=all&q=car%20drying%20towel&search_type=keyword_unordered,2026-10-04,mcp__Firecrawl__firecrawl_scrape,https://www.facebook.com/ads/library/?active_status=active&ad_type=all&country=US&media_type=all&q=car%20drying%20towel&search_type=keyword_unordered,freeform,ESTIMATION,ok,,comp-4
E0364,P1,twist-pile-car-drying-towel,Serviette de séchage auto microfibre ultra-absorbante,1300GSM twist pile car drying towel,auto-voyage,EXCLU:saison:ete (pic d été incompatible avec un lancement oct.-janv.),DO,O,meta_us_ad,574,days since start,"Page name: ExoForma
Started running on: Mar 9, 2025
Library ID: 610056062184248
N ads use this creative and text: 2 ads use this creative and text
Landing domain: exoforma.com",610056062184248,https://www.facebook.com/ads/library/?active_status=active&ad_type=all&country=US&media_type=all&q=car%20drying%20towel&search_type=keyword_unordered,2026-10-04,mcp__Firecrawl__firecrawl_scrape,https://www.facebook.com/ads/library/?active_status=active&ad_type=all&country=US&media_type=all&q=car%20drying%20towel&search_type=keyword_unordered,freeform,MESURÉ,ok,,comp-4
E0365,P1,uv-suction-gnat-fruit-fly-trap,Piège à moucherons UV à aspiration,Indoor UV suction fruit fly and gnat trap,maison-rangement,EXCLU:saison:ete (pic d été incompatible avec un lancement oct.-janv.),DO,D,amazon_us_rank,19,rang,"19. Fruit Fly Traps for Indoors, Blue Gnat Trap Indoor with Suction & Timer | Uv Light Lures Fru | $35.99 | 918 | B0GZTN9882 |",B0GZTN9882,https://www.amazon.com/gp/new-releases/home-garden/,2026-10-04,mcp__Firecrawl__firecrawl_scrape,https://www.amazon.com/gp/new-releases/home-garden/,freeform,MESURÉ,ok,,amz-A#2
E0366,P1,uv-suction-gnat-fruit-fly-trap,Piège à moucherons UV à aspiration,Indoor UV suction fruit fly and gnat trap,maison-rangement,EXCLU:saison:ete (pic d été incompatible avec un lancement oct.-janv.),DO,D,amazon_us_ratings,918,avis,"19. Fruit Fly Traps for Indoors, Blue Gnat Trap Indoor with Suction & Timer | Uv Light Lures Fru | $35.99 | 918 | B0GZTN9882 |",B0GZTN9882,https://www.amazon.com/gp/new-releases/home-garden/,2026-10-04,mcp__Firecrawl__firecrawl_scrape,https://www.amazon.com/gp/new-releases/home-garden/,freeform,MESURÉ,ok,,amz-A#2
E0367,P1,uv-suction-gnat-fruit-fly-trap,Piège à moucherons UV à aspiration,Indoor UV suction fruit fly and gnat trap,maison-rangement,EXCLU:saison:ete (pic d été incompatible avec un lancement oct.-janv.),DO,D,amazon_us_rank,19,rang,"19. Fruit Fly Traps for Indoors, Blue Gnat Trap Indoor with Suction & Timer | Uv Light Lures Fruit Flies/Gnats, Timer 6/12hrs, Pl | $35.99 | 918 | B0GZTN9882 |",B0GZTN9882,https://www.amazon.com/gp/new-releases/home-garden/,2026-10-04,mcp__Firecrawl__firecrawl_scrape,https://www.amazon.com/gp/new-releases/home-garden/,freeform,MESURÉ,ok,,amz-C#5
E0368,P1,uv-suction-gnat-fruit-fly-trap,Piège à moucherons UV à aspiration,Indoor UV suction fruit fly and gnat trap,maison-rangement,EXCLU:saison:ete (pic d été incompatible avec un lancement oct.-janv.),DO,D,amazon_us_ratings,918,avis,| $35.99 | 918 | B0GZTN9882 |,B0GZTN9882,https://www.amazon.com/gp/new-releases/home-garden/,2026-10-04,mcp__Firecrawl__firecrawl_scrape,https://www.amazon.com/gp/new-releases/home-garden/,freeform,MESURÉ,ok,,amz-C#5
E0369,P1,uv-suction-gnat-fruit-fly-trap,Piège à moucherons UV à aspiration,Indoor UV suction fruit fly and gnat trap,maison-rangement,EXCLU:saison:ete (pic d été incompatible avec un lancement oct.-janv.),DO,O,meta_us_results,38,results,~38 results,n/a,https://www.facebook.com/ads/library/?active_status=active&ad_type=all&country=US&media_type=all&q=fruit%20fly%20trap%20indoor&search_type=keyword_unordered,2026-10-04,mcp__Firecrawl__firecrawl_scrape,https://www.facebook.com/ads/library/?active_status=active&ad_type=all&country=US&media_type=all&q=fruit%20fly%20trap%20indoor&search_type=keyword_unordered,freeform,MESURÉ,ok,,comp-1
E0370,P1,uv-suction-gnat-fruit-fly-trap,Piège à moucherons UV à aspiration,Indoor UV suction fruit fly and gnat trap,maison-rangement,EXCLU:saison:ete (pic d été incompatible avec un lancement oct.-janv.),DO,O,meta_us_relevant_ads,10,ads among first 20 cards,"13. Guecea, Started running on Sep 29, 2026, Library ID: 1100915189218675, guecea.com, Pumpkin Shaped Indoor Fruit Fly Trap",n/a,https://www.facebook.com/ads/library/?active_status=active&ad_type=all&country=US&media_type=all&q=fruit%20fly%20trap%20indoor&search_type=keyword_unordered,2026-10-04,mcp__Firecrawl__firecrawl_scrape,https://www.facebook.com/ads/library/?active_status=active&ad_type=all&country=US&media_type=all&q=fruit%20fly%20trap%20indoor&search_type=keyword_unordered,freeform,ESTIMATION,ok,,comp-1
E0371,P1,uv-suction-gnat-fruit-fly-trap,Piège à moucherons UV à aspiration,Indoor UV suction fruit fly and gnat trap,maison-rangement,EXCLU:saison:ete (pic d été incompatible avec un lancement oct.-janv.),DO,O,meta_us_ad,832,days since start,"6. Elprsdnt, Started running on Jun 24, 2024, Library ID: 434258722766268, www.elprsdnt.com, BuzzBuster bug trapper and zapper",434258722766268,https://www.facebook.com/ads/library/?active_status=active&ad_type=all&country=US&media_type=all&q=fruit%20fly%20trap%20indoor&search_type=keyword_unordered,2026-10-04,mcp__Firecrawl__firecrawl_scrape,https://www.facebook.com/ads/library/?active_status=active&ad_type=all&country=US&media_type=all&q=fruit%20fly%20trap%20indoor&search_type=keyword_unordered,freeform,ESTIMATION,ok,,comp-1
E0372,P1,vacuum-storage-bags-electric-pump,Sacs sous vide avec pompe électrique,Vacuum storage bags with rechargeable electric pump,maison-rangement,EXCLU:poids>1kg,D,D,amazon_us_rank,16,rang,"16. Fygrip Rechargeable Cordless Pump Vacuum Storage Bags, 24 M/S/XS Combo | 80% Space Saver Plast | $29.99 | 190 | B0H6DVC348 |",B0H6DVC348,https://www.amazon.com/gp/new-releases/home-garden/,2026-10-04,mcp__Firecrawl__firecrawl_scrape,https://www.amazon.com/gp/new-releases/home-garden/,freeform,MESURÉ,ok,,amz-A#1
E0373,P1,vacuum-storage-bags-electric-pump,Sacs sous vide avec pompe électrique,Vacuum storage bags with rechargeable electric pump,maison-rangement,EXCLU:poids>1kg,D,D,amazon_us_ratings,190,avis,"16. Fygrip Rechargeable Cordless Pump Vacuum Storage Bags, 24 M/S/XS Combo | 80% Space Saver Plast | $29.99 | 190 | B0H6DVC348 |",B0H6DVC348,https://www.amazon.com/gp/new-releases/home-garden/,2026-10-04,mcp__Firecrawl__firecrawl_scrape,https://www.amazon.com/gp/new-releases/home-garden/,freeform,MESURÉ,ok,,amz-A#1
E0374,P1,vacuum-storage-bags-electric-pump,Sacs sous vide avec pompe électrique,Vacuum storage bags with rechargeable electric pump,maison-rangement,EXCLU:poids>1kg,D,D,amazon_us_rank,16,rang,"16. Fygrip Rechargeable Cordless Pump Vacuum Storage Bags, 24 M/S/XS Combo | 80% Space Saver Plastic Packaging Bags for Clothes,  | $29.99 | 190 | B0H6DVC348 |",B0H6DVC348,https://www.amazon.com/gp/new-releases/home-garden/,2026-10-04,mcp__Firecrawl__firecrawl_scrape,https://www.amazon.com/gp/new-releases/home-garden/,freeform,MESURÉ,ok,,amz-C#4
E0375,P1,vacuum-storage-bags-electric-pump,Sacs sous vide avec pompe électrique,Vacuum storage bags with rechargeable electric pump,maison-rangement,EXCLU:poids>1kg,D,D,amazon_us_ratings,190,avis,| $29.99 | 190 | B0H6DVC348 |,B0H6DVC348,https://www.amazon.com/gp/new-releases/home-garden/,2026-10-04,mcp__Firecrawl__firecrawl_scrape,https://www.amazon.com/gp/new-releases/home-garden/,freeform,MESURÉ,ok,,amz-C#4
E0376,P1,wall-hole-repair-patch-kit,Kit de patchs autocollants pour réparer les trous dans les murs,Self-adhesive aluminum mesh wall hole repair patch kit,bricolage,EXCLU:consommable,D,D,amazon_us_ratings,2200,ratings,"Bates- Drywall Repair Kit, 16 pcs, Aluminum Wall Repair Patch Kit, $8.85, (2.2K), 4K+ bought in past month, B0BL56J3VZ",B0BL56J3VZ,https://www.amazon.com/s?k=wall+hole+repair+kit,2026-10-04,mcp__Firecrawl__firecrawl_scrape,https://www.amazon.com/s?k=wall+hole+repair+kit,freeform,MESURÉ,ok,,r2-3#4
E0377,P1,wall-hole-repair-patch-kit,Kit de patchs autocollants pour réparer les trous dans les murs,Self-adhesive aluminum mesh wall hole repair patch kit,bricolage,EXCLU:consommable,D,D,amazon_us_bought_past_month,4000,units/month (badge 4K+),"Bates- Drywall Repair Kit, 16 pcs, Aluminum Wall Repair Patch Kit, $8.85, (2.2K), 4K+ bought in past month, B0BL56J3VZ",B0BL56J3VZ,https://www.amazon.com/s?k=wall+hole+repair+kit,2026-10-04,mcp__Firecrawl__firecrawl_scrape,https://www.amazon.com/s?k=wall+hole+repair+kit,freeform,MESURÉ,ok,,r2-3#4
E0378,P1,wall-hole-repair-patch-kit,Kit de patchs autocollants pour réparer les trous dans les murs,Self-adhesive aluminum mesh wall hole repair patch kit,bricolage,EXCLU:consommable,D,D,amazon_us_ratings,2000,ratings,"Ranekie 14 Pack Drywall Repairs Patch, 4/6/8 Inch Drywall Repair Kit with Extended Self-Adhesive Mesh... $13.99, (2K), 1K+ bought in past month, B09KXP1LXN",B09KXP1LXN,https://www.amazon.com/s?k=wall+hole+repair+kit,2026-10-04,mcp__Firecrawl__firecrawl_scrape,https://www.amazon.com/s?k=wall+hole+repair+kit,freeform,MESURÉ,ok,,r2-3#4
E0379,P1,wall-hole-repair-patch-kit,Kit de patchs autocollants pour réparer les trous dans les murs,Self-adhesive aluminum mesh wall hole repair patch kit,bricolage,EXCLU:consommable,D,D,amazon_us_bought_past_month,2000,units/month (badge 2K+),"Wall Repair Patch Kit, 15 Pieces Aluminum Self-Adhesive Mesh Repair Patches for Drywall... $15.98, (207), 2K+ bought in past month, B0FL6PYPST",B0FL6PYPST,https://www.amazon.com/s?k=wall+hole+repair+kit,2026-10-04,mcp__Firecrawl__firecrawl_scrape,https://www.amazon.com/s?k=wall+hole+repair+kit,freeform,MESURÉ,ok,,r2-3#4
E0380,P1,window-shrink-film-insulation-kit,Kit film isolant thermique rétractable pour fenêtres,Window shrink film insulation kit,maison-rangement,EXCLU:consommable,D,D,amazon_us_ratings,277,ratings,[**10-Window Shrink Film Window Insulation kit（62-Inch x 420-Inch）**] 4.3_4.3 out of 5 stars_ [(277)],B0DDKWBN7J,https://www.amazon.com/s?k=window+insulation+film+kit,2026-10-04,mcp__Firecrawl__firecrawl_scrape,https://www.amazon.com/s?k=window+insulation+film+kit,markdown,MESURÉ,ok,,r2-3#3
E0381,P1,window-shrink-film-insulation-kit,Kit film isolant thermique rétractable pour fenêtres,Window shrink film insulation kit,maison-rangement,EXCLU:consommable,D,D,amazon_us_bought_past_month,400,units/month (badge 400+),"400+ bought in past month
Price, product page [$19.99$19.99]",B0DDKWBN7J,https://www.amazon.com/s?k=window+insulation+film+kit,2026-10-04,mcp__Firecrawl__firecrawl_scrape,https://www.amazon.com/s?k=window+insulation+film+kit,markdown,MESURÉ,ok,,r2-3#3
E0382,P1,window-shrink-film-insulation-kit,Kit film isolant thermique rétractable pour fenêtres,Window shrink film insulation kit,maison-rangement,EXCLU:consommable,D,D,amazon_us_bought_past_month,500,units/month (badge 500+),"[**Window Insulation Kit for Winter, 63×394"" Window Plastic for Winterizing**] 4.3 out of 5 stars [(597)] 500+ bought in past month [$18.99$18.99]",B0DGFYJC1Y,https://www.amazon.com/s?k=window+insulation+film+kit,2026-10-04,mcp__Firecrawl__firecrawl_scrape,https://www.amazon.com/s?k=window+insulation+film+kit,markdown,MESURÉ,ok,,r2-3#3
E0383,P1,window-shrink-film-insulation-kit,Kit film isolant thermique rétractable pour fenêtres,Window shrink film insulation kit,maison-rangement,EXCLU:consommable,D,D,amazon_us_ratings,5700,ratings,"Duck Brand Window Insulation Kit, 62 in x 420 in, Fits up to 10 Windows
$14.97
(5.7K)
2K+ bought in past month
B09JM8DCYL",B09JM8DCYL,https://www.amazon.com/s?k=window+insulation+film+kit,2026-10-04,mcp__Firecrawl__firecrawl_scrape,https://www.amazon.com/s?k=window+insulation+film+kit,freeform,MESURÉ,ok,,r2-3#3
E0384,P1,windshield-chip-repair-kit,Kit de réparation d'impact de pare-brise,DIY windshield chip and crack repair kit,auto-voyage,EXCLU:consommable,D,D,amazon_us_rank,8,rang,"08. JOPHY Windshield Chip Repair Kit for Car, Windshield Crack Repair Kit, 2026 Upgrade Car Windshield Repair Kit for Chips, Cracks, Bullseye and Star Damage, DIY Auto Glass Repair Resin Kit, $19.99",B0HGMGKHXW,https://www.amazon.com/gp/new-releases/automotive/,2026-10-04,mcp__Firecrawl__firecrawl_scrape,https://www.amazon.com/gp/new-releases/automotive/,freeform,MESURÉ,ok,,amz-B#4
E0385,P1,windshield-chip-repair-kit,Kit de réparation d'impact de pare-brise,DIY windshield chip and crack repair kit,auto-voyage,EXCLU:consommable,D,D,amazon_us_ratings,1781,avis,"DIY Auto Glass Repair Resin Kit, $19.99, 1,781, B0HGMGKHXW",B0HGMGKHXW,https://www.amazon.com/gp/new-releases/automotive/,2026-10-04,mcp__Firecrawl__firecrawl_scrape,https://www.amazon.com/gp/new-releases/automotive/,freeform,MESURÉ,ok,,amz-B#4
E0386,P1,windshield-chip-repair-kit,Kit de réparation d'impact de pare-brise,DIY windshield chip and crack repair kit,auto-voyage,EXCLU:consommable,D,D,amazon_us_rank,26,rang,"26. Rain-X 600001 Windshield Repair Kit for Chips, Cracks & Bullseyes | Quick, Easy, Durable Resin-Based Glass Repair Kit, For Ro, $12.67, 54,343, B00IPS4APU",B00IPS4APU,https://www.amazon.com/Best-Sellers-Automotive/zgbs/automotive/,2026-10-04,mcp__Firecrawl__firecrawl_scrape,https://www.amazon.com/Best-Sellers-Automotive/zgbs/automotive/,freeform,MESURÉ,ok,,amz-B#4
E0387,P2,desk-clamp-tablet-phone-arm,Bras support à pince pour téléphone et tablette,Desk clamp phone and tablet mount arm,bureau-tech,,,D,amazon_us_ratings,17800,avis,"MAGIPEA Gooseneck Tablet Holder for Bed, Reinforced Flexible Arm Tablet Stand with 360° Rotation, Hands-Free Clamp Mount for 4.7–13"" iPad, Kindle, Galaxy Tab, Switch $19.99 (17.8K) 2K+ bought in past month B07PT3T8TV",B07PT3T8TV,https://www.amazon.com/s?k=tablet+desk+mount+arm,2026-10-04,mcp__Firecrawl__firecrawl_scrape,tablet desk mount arm,freeform,MESURÉ,ok,,comp3-1
E0388,P2,desk-clamp-tablet-phone-arm,Bras support à pince pour téléphone et tablette,Desk clamp phone and tablet mount arm,bureau-tech,,,D,amazon_us_bought_past_month,2000,achats/mois (plancher du badge 2K+),2K+ bought in past month,B07PT3T8TV,https://www.amazon.com/s?k=tablet+desk+mount+arm,2026-10-04,mcp__Firecrawl__firecrawl_scrape,tablet desk mount arm,freeform,MESURÉ,ok,,comp3-1
E0389,P2,magnetic-gym-phone-mount,Support téléphone magnétique pour salle de sport,Magnetic gym phone mount,sport-plein-air,,,D,amazon_us_ratings,454,avis,"Dual Magnetic Phone Holder for Gym or Metal Surface, for MagSafe | $9.99 | (454) | 2K+ bought in past month | B0FXMGWHQ7 | No",B0FXMGWHQ7,https://www.amazon.com/s?k=magnetic+gym+phone+mount,2026-10-04,mcp__Firecrawl__firecrawl_scrape,magnetic gym phone mount,freeform,MESURÉ,ok,,comp3-1
E0390,P2,magnetic-gym-phone-mount,Support téléphone magnétique pour salle de sport,Magnetic gym phone mount,sport-plein-air,,,D,amazon_us_bought_past_month,2000,achats/mois (plancher du badge 2K+),2K+ bought in past month,B0FXMGWHQ7,https://www.amazon.com/s?k=magnetic+gym+phone+mount,2026-10-04,mcp__Firecrawl__firecrawl_scrape,magnetic gym phone mount,freeform,MESURÉ,ok,,comp3-1
E0391,P2,smart-mug-warmer,Chauffe-tasse intelligent,Smart mug warmer,cadeau-lifestyle,,,D,amazon_us_ratings,3900,avis,"Coffee Mug Warmer-Fastest Heating & Highest Temperature, Coffee Cup Warmer for Desk Auto Shut Off, 4 Temp Settings & 1-12H Timer, Smart Electric Mug & Candle Warmer for Coffee, Tea (Black) $19.99 (3.9k) 3K+ bought in past month B0CC8DS2S5",B0CC8DS2S5,https://www.amazon.com/s?k=smart+mug+warmer,2026-10-04,mcp__Firecrawl__firecrawl_scrape,smart mug warmer,freeform,MESURÉ,ok,,comp3-1
E0392,P2,smart-mug-warmer,Chauffe-tasse intelligent,Smart mug warmer,cadeau-lifestyle,,,D,amazon_us_bought_past_month,3000,achats/mois (plancher du badge 3K+),3K+ bought in past month,B0CC8DS2S5,https://www.amazon.com/s?k=smart+mug+warmer,2026-10-04,mcp__Firecrawl__firecrawl_scrape,smart mug warmer,freeform,MESURÉ,ok,,comp3-1
E0393,P2,cat-scratcher-rope-basket,Panier griffoir en corde pour chat,Cat scratcher basket with natural rope,animaux,,,D,amazon_us_ratings,,avis,"Handwoven Cotton Rope Cat Basket, Cat Bed & Scratcher Price: $45.99 Number of Ratings: Information is not on the page. Bought in Past Month: Information is not on the page. ASIN: B0HDPKXH4B",B0HDPKXH4B,https://www.amazon.com/s?k=cat+scratcher+bed,2026-10-04,mcp__Firecrawl__firecrawl_scrape,cat scratcher bed,freeform,NON MESURÉ,ok,,comp3-1
E0394,P2,cat-scratcher-rope-basket,Panier griffoir en corde pour chat,Cat scratcher basket with natural rope,animaux,,,D,amazon_us_bought_past_month,,achats/mois,Bought in Past Month: Information is not on the page.,B0HDPKXH4B,https://www.amazon.com/s?k=cat+scratcher+bed,2026-10-04,mcp__Firecrawl__firecrawl_scrape,cat scratcher bed,freeform,NON MESURÉ,ok,,comp3-1
E0395,P2,xxl-artistic-desk-mat,Sous-main / tapis de souris XXL illustré,Large artistic desk mat (XXL mouse pad),bureau-tech,,,D,absent,,,"Top 15 = 'YSAGi Leather Desk Protector...' / 'Aothia Leather Desk Pad Protector...' / '31.5"" x 15.7"" Waterproof Fabric Desk Pad Large Mouse Pad Office Game, Black' — aucun titre illustré/artistique",n/a,https://www.amazon.com/s?k=large+desk+mat,2026-10-04,mcp__Firecrawl__firecrawl_scrape,large desk mat,freeform,MESURÉ,ok,,comp3-1
E0396,P2,xxl-artistic-desk-mat,Sous-main / tapis de souris XXL illustré,Large artistic desk mat (XXL mouse pad),bureau-tech,,,D,amazon_us_ratings_proxy_plain_fabric_mat,1400,avis,"31.5"" x 15.7"" Waterproof Fabric Desk Pad Large Mouse Pad Office Game, Black | Stitched edges,non-slip base,smooth surface, $9.99 (1.4K) 5K+ bought in past month B0CKMFL9CC",B0CKMFL9CC,https://www.amazon.com/s?k=large+desk+mat,2026-10-04,mcp__Firecrawl__firecrawl_scrape,large desk mat,freeform,ESTIMATION,ok,,comp3-1
E0397,P2,vertical-laptop-stand-dock,Support vertical pour ordinateur portable,Vertical laptop stand dock,bureau-tech,,,D,amazon_us_ratings,2700,avis,Vaydeer Vertical Laptop Stand Holder Organizer Plastic Adjustable Desktop Notebook Dock Space-Saving 3 in 1 ... Price: $12.34 Number of ratings: (2.7K) Bought in past month: 2K+ bought in past month ASIN: B089SZGBKJ,B089SZGBKJ,https://www.amazon.com/s?k=vertical+laptop+stand,2026-10-04,mcp__Firecrawl__firecrawl_scrape,vertical laptop stand,freeform,MESURÉ,ok,,comp3-1
E0398,P2,vertical-laptop-stand-dock,Support vertical pour ordinateur portable,Vertical laptop stand dock,bureau-tech,,,D,amazon_us_bought_past_month,2000,achats/mois (plancher du badge 2K+),2K+ bought in past month,B089SZGBKJ,https://www.amazon.com/s?k=vertical+laptop+stand,2026-10-04,mcp__Firecrawl__firecrawl_scrape,vertical laptop stand,freeform,MESURÉ,ok,,comp3-1
E0399,P2,message-card-pendant-necklace,Collier pendentif avec carte message en coffret,Pendant necklace with message card gift box,cadeau-lifestyle,,,D,amazon_us_ratings,401,avis,Title: Baydurcan Friendship Anchor Compass Necklace Good Luck Elephant Pendant Chain Price: $8.98 Ratings: (401) Bought in past month: 50+ bought in past month ASIN: B07RTRDYBN,B07RTRDYBN,https://www.amazon.com/s?k=necklace+with+message+card,2026-10-04,mcp__Firecrawl__firecrawl_scrape,necklace with message card,freeform,MESURÉ,ok,,comp3-1
E0400,P2,message-card-pendant-necklace,Collier pendentif avec carte message en coffret,Pendant necklace with message card gift box,cadeau-lifestyle,,,D,amazon_us_bought_past_month,50,achats/mois (plancher du badge 50+),50+ bought in past month,B07RTRDYBN,https://www.amazon.com/s?k=necklace+with+message+card,2026-10-04,mcp__Firecrawl__firecrawl_scrape,necklace with message card,freeform,MESURÉ,ok,,comp3-1
E0401,P2,message-card-pendant-necklace,Collier pendentif avec carte message en coffret,Pendant necklace with message card gift box,cadeau-lifestyle,,,D,amazon_us_product_match,,,Baydurcan Friendship Anchor Compass Necklace Good Luck Elephant Pendant Chain,B07RTRDYBN,https://www.amazon.com/s?k=necklace+with+message+card,2026-10-04,mcp__Firecrawl__firecrawl_scrape,necklace with message card,freeform,ESTIMATION,ok,,comp3-1
E0402,P2,christmas-money-holder-ornament,Boule de Noël porte-billets,Christmas money holder ornament,cadeau-lifestyle,,,D,absent,,n/a,"48 organic results read for 'christmas money holder': no pull-out banknote Christmas ball; envelopes/cards and acrylic, wooden or candy-cane ornaments only",amazon.com/s?k=christmas+money+holder,https://www.amazon.com/s?k=christmas+money+holder,2026-10-04,mcp__Firecrawl__firecrawl_scrape,christmas money holder,markdown,MESURÉ,ok,,comp3-2
E0403,P2,christmas-money-holder-ornament,Boule de Noël porte-billets,Christmas money holder ornament,cadeau-lifestyle,,,D,amazon_us_ratings,13,ratings,"12Pcs Candy Cane Christmas Money Holder Ornament, Wooden Cash Gift Ornament | Wood Christmas Hanging Money Clip for Tree G... $15.99 (13) 300+ bought in past month B0HD5ZMGZ4",B0HD5ZMGZ4,https://www.amazon.com/s?k=christmas+money+holder,2026-10-04,mcp__Firecrawl__firecrawl_scrape,christmas money holder,freeform,ESTIMATION,ok,,comp3-2
E0404,P2,christmas-money-holder-ornament,Boule de Noël porte-billets,Christmas money holder ornament,cadeau-lifestyle,,,D,amazon_us_bought_past_month,300,units/month (badge 300+),300+ bought in past month B0HD5ZMGZ4,B0HD5ZMGZ4,https://www.amazon.com/s?k=christmas+money+holder,2026-10-04,mcp__Firecrawl__firecrawl_scrape,christmas money holder,freeform,ESTIMATION,ok,,comp3-2
E0405,P2,manual-neck-shoulder-relief-tool,Outil manuel de détente nuque et épaules,Manual neck and shoulder relaxation tool,bien-etre-non-medical,,,D,amazon_us_ratings,1100,ratings,Ranarose Deep Tissue Back & Neck Massager for Body Muscle Pain Relief | Trigger P $18.99 (1.1K) 6K+ bought in past month B0D2VTMH6Y False,B0D2VTMH6Y,https://www.amazon.com/s?k=neck+and+shoulder+massager+manual,2026-10-04,mcp__Firecrawl__firecrawl_scrape,neck and shoulder massager manual,freeform,MESURÉ,ok,,comp3-2
E0406,P2,manual-neck-shoulder-relief-tool,Outil manuel de détente nuque et épaules,Manual neck and shoulder relaxation tool,bien-etre-non-medical,,,D,amazon_us_bought_past_month,6000,units/month (badge 6K+),6K+ bought in past month B0D2VTMH6Y,B0D2VTMH6Y,https://www.amazon.com/s?k=neck+and+shoulder+massager+manual,2026-10-04,mcp__Firecrawl__firecrawl_scrape,neck and shoulder massager manual,freeform,MESURÉ,ok,,comp3-2
E0407,P2,electric-pet-massager,Masseur électrique pour chien et chat,Electric pet massager for dogs and cats,animaux,,,D,amazon_us_ratings,1000,ratings,Tilcare Handheld Pet Massager for Dogs and Cats Electric Cat and Dog Massage T $24.99 1K 200+ bought in past month B09NQ6QW4Q No,B09NQ6QW4Q,https://www.amazon.com/s?k=electric+pet+massager,2026-10-04,mcp__Firecrawl__firecrawl_scrape,electric pet massager,freeform,MESURÉ,ok,,comp3-2
E0408,P2,electric-pet-massager,Masseur électrique pour chien et chat,Electric pet massager for dogs and cats,animaux,,,D,amazon_us_bought_past_month,200,units/month (badge 200+),200+ bought in past month B09NQ6QW4Q,B09NQ6QW4Q,https://www.amazon.com/s?k=electric+pet+massager,2026-10-04,mcp__Firecrawl__firecrawl_scrape,electric pet massager,freeform,MESURÉ,ok,,comp3-2
E0409,P2,heated-ankle-foot-massager,Masseur de cheville et pied portable chauffant,Portable heated vibrating ankle and foot massager,bien-etre-non-medical,,,D,amazon_us_ratings,23,ratings,"Foot Massager for Neuropathy and Plantar Fasciitis Relief, Ankle Massager | 20/35/45min Timer, 11.22-inch Strap, 3000mAh, Cordless Rechargeable Ankle Heating pad, Ankle Heel Massager with Heat $39.99 (23) B0H69RFXMJ No",B0H69RFXMJ,https://www.amazon.com/s?k=portable+heated+foot+massager,2026-10-04,mcp__Firecrawl__firecrawl_scrape,portable heated foot massager,freeform,MESURÉ,ok,,comp3-2
E0410,P2,heated-ankle-foot-massager,Masseur de cheville et pied portable chauffant,Portable heated vibrating ankle and foot massager,bien-etre-non-medical,,,D,amazon_us_bought_past_month,200,units/month (badge 200+),"Portable Foot & Ankle Massager with Heat & Vibration, Deep Kneading Relief for Heel, Arch & Plantar Fasciitis, Rechargeable for Home & Travel Use $29.39 (14) 200+ bought in past month B0H55RS8W6 No",B0H55RS8W6,https://www.amazon.com/s?k=portable+heated+foot+massager,2026-10-04,mcp__Firecrawl__firecrawl_scrape,portable heated foot massager,freeform,MESURÉ,ok,,comp3-2
E0411,P2,long-handle-baseboard-mop,Balai nettoie-plinthes à manche long,Long-handle baseboard cleaning mop,maison-rangement,,,O,meta_us_relevant_ads,0,ads among first 20 cards,"~1,600 results ... 1. Page name: Occasionalous-er Started running on: Sep 27, 2026 Library ID: 963733526779418 Landing domain: www.crispelyx.com Product advertised: V-shaped brush for cleaning tile gaps and baseboards",963733526779418,https://www.facebook.com/ads/library/?active_status=active&ad_type=all&country=US&media_type=all&q=baseboard%20cleaner%20tool%20with%20handle&search_type=keyword_unordered,2026-10-04,mcp__Firecrawl__firecrawl_scrape,baseboard cleaner tool with handle,freeform,ESTIMATION,ok,,comp3-2
E0412,P2,long-handle-baseboard-mop,Balai nettoie-plinthes à manche long,Long-handle baseboard cleaning mop,maison-rangement,,,O,absent,,n/a,"No long-handle baseboard mop among the first 20 cards (Uproot Clean, Snappory, DuroMax, Cost Guide - Siding, xTool...)",meta-us-q-baseboard-cleaner-tool-with-handle,https://www.facebook.com/ads/library/?active_status=active&ad_type=all&country=US&media_type=all&q=baseboard%20cleaner%20tool%20with%20handle&search_type=keyword_unordered,2026-10-04,mcp__Firecrawl__firecrawl_scrape,baseboard cleaner tool with handle,freeform,MESURÉ,ok,,comp3-2
E0413,P2,rechargeable-fabric-shaver,Rasoir anti-bouloches rechargeable,Rechargeable fabric shaver lint remover,maison-rangement,,,O,meta_us_relevant_ads,10,ads among first 20 cards,~80 results,meta-us-q-fabric-shaver,https://www.facebook.com/ads/library/?active_status=active&ad_type=all&country=US&media_type=all&q=fabric%20shaver&search_type=keyword_unordered,2026-10-04,mcp__Firecrawl__firecrawl_scrape,fabric shaver,freeform,ESTIMATION,ok,,comp3-2
E0414,P2,rechargeable-fabric-shaver,Rasoir anti-bouloches rechargeable,Rechargeable fabric shaver lint remover,maison-rangement,,,O,meta_us_ad,37,days since Started running on,"Page Name: Danielle Donohue with AdMee.Talent Started running on: Aug 28, 2026 Library ID: 952590764546163 Landing domain: amzlink.to Product advertised: LED fabric shaver for sweaters and home textiles.",952590764546163,https://www.facebook.com/ads/library/?active_status=active&ad_type=all&country=US&media_type=all&q=fabric%20shaver&search_type=keyword_unordered,2026-10-04,mcp__Firecrawl__firecrawl_scrape,fabric shaver,freeform,MESURÉ,ok,,comp3-2
E0415,P2,under-desk-cable-tray,Goulotte range-câbles sous bureau,Under-desk cable management tray,bureau-tech,,,O,meta_us_relevant_ads,4,ads among first 20 cards,~410 results,meta-us-q-under-desk-cable-management-tray,https://www.facebook.com/ads/library/?active_status=active&ad_type=all&country=US&media_type=all&q=under%20desk%20cable%20management%20tray&search_type=keyword_unordered,2026-10-04,mcp__Firecrawl__firecrawl_scrape,under desk cable management tray,freeform,ESTIMATION,ok,,comp3-2
E0416,P2,under-desk-cable-tray,Goulotte range-câbles sous bureau,Under-desk cable management tray,bureau-tech,,,O,meta_us_ad,162,days since Started running on,"12. Temu Started running on Apr 25, 2026 Library ID: 923004077225806 www.temu.com A Cable Management Tray For Under The Desk",923004077225806,https://www.facebook.com/ads/library/?active_status=active&ad_type=all&country=US&media_type=all&q=under%20desk%20cable%20management%20tray&search_type=keyword_unordered,2026-10-04,mcp__Firecrawl__firecrawl_scrape,under desk cable management tray,freeform,MESURÉ,ok,,comp3-2
E0417,P2,rechargeable-heated-fingerless-gloves,Mitaines chauffantes rechargeables,Rechargeable heated fingerless gloves (touchscreen-friendly),sport-plein-air,,,O,meta_us_relevant_ads,0,cartes pertinentes sur 20,"~91 results | cartes : 'Cat patterned fingerless gloves', 'Knitted fingerless gloves with cat pattern', 'Knitted winter fingerless gloves', 'Cat patterned winter hand warmers', 'Pharmacist refusing own blood thinner'...",meta_ads_library_us_q=heated fingerless gloves,https://www.facebook.com/ads/library/?active_status=active&ad_type=all&country=US&media_type=all&q=heated%20fingerless%20gloves&search_type=keyword_unordered,2026-10-04,mcp__Firecrawl__firecrawl_scrape,heated fingerless gloves,freeform,ESTIMATION,ok,,comp3-3
E0418,P2,rechargeable-heated-fingerless-gloves,Mitaines chauffantes rechargeables,Rechargeable heated fingerless gloves (touchscreen-friendly),sport-plein-air,,,O,absent,,n/a,"Aucune des 20 premières cartes ne mentionne de mitaine chauffante / rechargeable : produits lus = 'Cat patterned fingerless gloves', 'Knitted fingerless gloves with cat pattern', 'Knitted winter fingerless gloves', 'Cat patterned winter hand warmers' (Mindsparkl, Bisnftwrem, Mavihub, Perpetualing) +",meta_ads_library_us_q=heated fingerless gloves,https://www.facebook.com/ads/library/?active_status=active&ad_type=all&country=US&media_type=all&q=heated%20fingerless%20gloves&search_type=keyword_unordered,2026-10-04,mcp__Firecrawl__firecrawl_scrape,heated fingerless gloves,freeform,MESURÉ,ok,,comp3-3
E0419,P2,adhesive-silicone-door-draft-seal,Joint bas de porte adhésif en silicone,Adhesive silicone door sweep draft seal strip,bricolage,,,O,meta_us_relevant_ads,15,cartes pertinentes sur 20,"~180 results | pertinentes : #1 Toworkact 'adhesive weather‑stripping seal strip', #2/#15 Bisnftwrem9-, #5/#10 Bisnftwrem/D, #13 Mindsparkl, #17 Mindsparkl.33 'self‑adhesive weather seal strip', #3 Blanceresem.MB06 et #19 Festivalment.FM08 'U‑channel door bottom seal stopper', #4/#6 Rrighodew 'Weath",meta_ads_library_us_q=adhesive door draft seal strip,https://www.facebook.com/ads/library/?active_status=active&ad_type=all&country=US&media_type=all&q=adhesive%20door%20draft%20seal%20strip&search_type=keyword_unordered,2026-10-04,mcp__Firecrawl__firecrawl_scrape,adhesive door draft seal strip,freeform,ESTIMATION,ok,,comp3-3
E0420,P2,adhesive-silicone-door-draft-seal,Joint bas de porte adhésif en silicone,Adhesive silicone door sweep draft seal strip,bricolage,,,O,meta_us_ad,78,jours depuis le lancement,"4. Rrighodew, Jul 18, 2026, 1501782441966020, 4 ads use this creative and text, www.facebook.com, Weather Stripping Seal",1501782441966020,https://www.facebook.com/ads/library/?active_status=active&ad_type=all&country=US&media_type=all&q=adhesive%20door%20draft%20seal%20strip&search_type=keyword_unordered,2026-10-04,mcp__Firecrawl__firecrawl_scrape,adhesive door draft seal strip,freeform,MESURÉ,ok,,comp3-3
E0421,P2,foldable-aluminum-laptop-stand,Support d'ordinateur portable pliable en aluminium,Foldable aluminum laptop stand,bureau-tech,,,D,amazon_us_ratings,1500,avis (affichage arrondi '1.5K'),"1. OMOTON LA10 360° Rotating Laptop Stand Riser Foldable for Desk, Silver | Aluminium Aolly, Tool-free Adjusta... $35.99 (1.5K) 1K+ bought in past month B0CQR99BG2",B0CQR99BG2,https://www.amazon.com/s?k=foldable+laptop+stand,2026-10-04,mcp__Firecrawl__firecrawl_scrape,foldable laptop stand,freeform,MESURÉ,ok,,comp3-3
E0422,P2,foldable-aluminum-laptop-stand,Support d'ordinateur portable pliable en aluminium,Foldable aluminum laptop stand,bureau-tech,,,D,amazon_us_bought_past_month,1000,achats/mois (plancher du badge '1K+'),1K+ bought in past month,B0CQR99BG2,https://www.amazon.com/s?k=foldable+laptop+stand,2026-10-04,mcp__Firecrawl__firecrawl_scrape,foldable laptop stand,freeform,MESURÉ,ok,,comp3-3
E0423,P2,laptop-stand-usb-c-dock,Support PC portable avec station d'accueil USB-C intégrée,Laptop stand with built-in USB-C docking station,bureau-tech,,,D,amazon_us_ratings,883,avis,"1. BENFEI Laptop Stand with USB C 7in1 Docking Station,HDMI 4K@60Hz,1*SD 1*Micro SD,100W Power Delivery... Price: $45.99 Number of ratings: (883) Bought in past month: None ASIN: B0F9P1GPGL",B0F9P1GPGL,https://www.amazon.com/s?k=laptop+stand+with+usb+c+hub,2026-10-04,mcp__Firecrawl__firecrawl_scrape,laptop stand with usb c hub,freeform,MESURÉ,ok,,comp3-3
E0424,P2,laptop-stand-usb-c-dock,Support PC portable avec station d'accueil USB-C intégrée,Laptop stand with built-in USB-C docking station,bureau-tech,,,D,amazon_us_bought_past_month,,achats/mois,Bought in past month: None,B0F9P1GPGL,https://www.amazon.com/s?k=laptop+stand+with+usb+c+hub,2026-10-04,mcp__Firecrawl__firecrawl_scrape,laptop stand with usb c hub,freeform,NON MESURÉ,ok,,comp3-3
E0425,P2,cup-holder-car-phone-mount,Support téléphone pour porte-gobelet de voiture,Cup holder phone mount for car,auto-voyage,,,D,amazon_us_ratings,4000,avis (affichage arrondi '4K'),"1. Phone Holders for Your Car, 2 in 1 Universal Stable Cup Car Phone Holder, $21.99, (4K), 6K+ bought in past month, B0D795K88R, No",B0D795K88R,https://www.amazon.com/s?k=cup+holder+phone+mount,2026-10-04,mcp__Firecrawl__firecrawl_scrape,cup holder phone mount,freeform,MESURÉ,ok,,comp3-3
E0426,P2,cup-holder-car-phone-mount,Support téléphone pour porte-gobelet de voiture,Cup holder phone mount for car,auto-voyage,,,D,amazon_us_bought_past_month,6000,achats/mois (plancher du badge '6K+'),6K+ bought in past month,B0D795K88R,https://www.amazon.com/s?k=cup+holder+phone+mount,2026-10-04,mcp__Firecrawl__firecrawl_scrape,cup holder phone mount,freeform,MESURÉ,ok,,comp3-3
E0427,P2,adhesive-shower-caddy-set,Étagère de douche adhésive sans perçage,Adhesive no-drill shower caddy set,maison-rangement,,,O,meta_fr_results,0,résultats,Aucune publicité ne correspond à vos critères de recherche.,n/a,https://www.facebook.com/ads/library/?active_status=active&ad_type=all&country=FR&media_type=all&q=%22%C3%A9tag%C3%A8re%20douche%20sans%20per%C3%A7age%22&search_type=keyword_exact_phrase,2026-10-04,firecrawl_scrape,"""étagère douche sans perçage"" [keyword_exact_phrase]",freeform,MESURÉ,ok,,e1-1
E0428,P2,adhesive-shower-caddy-set,Étagère de douche adhésive sans perçage,Adhesive no-drill shower caddy set,maison-rangement,,,O,meta_fr_results,1,résultats,1 résultat,n/a,https://www.facebook.com/ads/library/?active_status=active&ad_type=all&country=FR&media_type=all&q=%C3%A9tag%C3%A8re%20douche%20adh%C3%A9sive&search_type=keyword_unordered,2026-10-04,firecrawl_scrape,étagère douche adhésive [keyword_unordered],freeform,MESURÉ,ok,,e1-1
E0429,P2,adhesive-shower-caddy-set,Étagère de douche adhésive sans perçage,Adhesive no-drill shower caddy set,maison-rangement,,,O,meta_fr_advertisers_distinct,1,annonceurs (cartes vues),Ripaton 30 sep 2026 ID 1444828684172795 www.ripaton.fr,n/a,https://www.facebook.com/ads/library/?active_status=active&ad_type=all&country=FR&media_type=all&q=%C3%A9tag%C3%A8re%20douche%20adh%C3%A9sive&search_type=keyword_unordered,2026-10-04,firecrawl_scrape,étagère douche adhésive (keyword_unordered),freeform,ESTIMATION,ok,,e1-1
E0430,P2,adhesive-shower-caddy-set,Étagère de douche adhésive sans perçage,Adhesive no-drill shower caddy set,maison-rangement,,,O,meta_fr_ad,4,jours,Ripaton — Started running on 30 sep 2026 — Library ID 1444828684172795 — www.ripaton.fr,1444828684172795,https://www.facebook.com/ads/library/?active_status=active&ad_type=all&country=FR&media_type=all&q=%C3%A9tag%C3%A8re%20douche%20adh%C3%A9sive&search_type=keyword_unordered,2026-10-04,firecrawl_scrape,étagère douche adhésive (keyword_unordered),freeform,MESURÉ,ok,,e1-1
E0431,P2,titanium-cutting-board,Planche à découper en titane,Double-sided titanium cutting board,cuisine,,,O,meta_fr_results,0,résultats,Aucune publicité ne correspond à vos critères de recherche.,n/a,https://www.facebook.com/ads/library/?active_status=active&ad_type=all&country=FR&media_type=all&q=%22planche%20%C3%A0%20d%C3%A9couper%20titane%22&search_type=keyword_exact_phrase,2026-10-04,firecrawl_scrape,"""planche à découper titane"" [keyword_exact_phrase]",freeform,MESURÉ,ok,,e1-1
E0432,P2,titanium-cutting-board,Planche à découper en titane,Double-sided titanium cutting board,cuisine,,,O,meta_fr_results,12,résultats,12 résultats,n/a,https://www.facebook.com/ads/library/?active_status=active&ad_type=all&country=FR&media_type=all&q=planche%20%C3%A0%20d%C3%A9couper%20sans%20microplastique&search_type=keyword_unordered,2026-10-04,firecrawl_scrape,planche à découper sans microplastique [keyword_unordered],freeform,MESURÉ,ok,,e1-1
E0433,P2,titanium-cutting-board,Planche à découper en titane,Double-sided titanium cutting board,cuisine,,,O,meta_fr_advertisers_distinct,0,"annonceurs (cartes vues, lot partiel)",,n/a,https://www.facebook.com/ads/library/?active_status=active&ad_type=all&country=FR&media_type=all&q=planche%20%C3%A0%20d%C3%A9couper%20sans%20microplastique&search_type=keyword_unordered,2026-10-04,firecrawl_scrape,planche à découper sans microplastique (keyword_unordered),freeform,ESTIMATION,ok,,e1-1
E0434,P2,expandable-over-sink-dish-rack,Égouttoir à vaisselle extensible sur évier,Expandable in-sink stainless steel dish drying rack,cuisine,,,O,meta_fr_results,0,résultats,Aucune publicité ne correspond,n/a,https://www.facebook.com/ads/library/?active_status=active&ad_type=all&country=FR&media_type=all&q=%22%C3%A9gouttoir%20%C3%A9vier%20extensible%22&search_type=keyword_exact_phrase,2026-10-04,firecrawl_scrape,"""égouttoir évier extensible"" [keyword_exact_phrase]",freeform,MESURÉ,ok,,e1-1
E0435,P2,expandable-over-sink-dish-rack,Égouttoir à vaisselle extensible sur évier,Expandable in-sink stainless steel dish drying rack,cuisine,,,O,meta_fr_results,80,résultats,80 résultats,n/a,https://www.facebook.com/ads/library/?active_status=active&ad_type=all&country=FR&media_type=all&q=%C3%A9gouttoir%20sur%20%C3%A9vier&search_type=keyword_unordered,2026-10-04,firecrawl_scrape,égouttoir sur évier [keyword_unordered],freeform,MESURÉ,ok,,e1-1
E0436,P2,expandable-over-sink-dish-rack,Égouttoir à vaisselle extensible sur évier,Expandable in-sink stainless steel dish drying rack,cuisine,,,O,meta_fr_advertisers_distinct,1,"annonceurs (cartes vues, lot partiel)",Grange des loups 10 sep 2026 ID 1723380955550664 www.amazon.fr,n/a,https://www.facebook.com/ads/library/?active_status=active&ad_type=all&country=FR&media_type=all&q=%C3%A9gouttoir%20sur%20%C3%A9vier&search_type=keyword_unordered,2026-10-04,firecrawl_scrape,égouttoir sur évier (keyword_unordered),freeform,ESTIMATION,ok,,e1-1
E0437,P2,expandable-over-sink-dish-rack,Égouttoir à vaisselle extensible sur évier,Expandable in-sink stainless steel dish drying rack,cuisine,,,O,meta_fr_ad,24,jours,Grange des loups — Started running on 10 sep 2026 — Library ID 1723380955550664 — www.amazon.fr,1723380955550664,https://www.facebook.com/ads/library/?active_status=active&ad_type=all&country=FR&media_type=all&q=%C3%A9gouttoir%20sur%20%C3%A9vier&search_type=keyword_unordered,2026-10-04,firecrawl_scrape,égouttoir sur évier (keyword_unordered),freeform,MESURÉ,ok,,e1-1
E0438,P2,latte-art-stencil-camera,Pochoir latte art « appareil photo » pour café,Manual latte art camera coffee stencil,cadeau-lifestyle,,,O,meta_fr_results,0,résultats,Aucune publicité ne correspond,n/a,https://www.facebook.com/ads/library/?active_status=active&ad_type=all&country=FR&media_type=all&q=%22pochoir%20caf%C3%A9%20latte%20art%22&search_type=keyword_exact_phrase,2026-10-04,firecrawl_scrape,"""pochoir café latte art"" [keyword_exact_phrase]",freeform,MESURÉ,ok,,e1-1
E0439,P2,latte-art-stencil-camera,Pochoir latte art « appareil photo » pour café,Manual latte art camera coffee stencil,cadeau-lifestyle,,,O,meta_fr_results,0,résultats,Aucune publicité ne correspond,n/a,https://www.facebook.com/ads/library/?active_status=active&ad_type=all&country=FR&media_type=all&q=pochoir%20cappuccino&search_type=keyword_unordered,2026-10-04,firecrawl_scrape,pochoir cappuccino [keyword_unordered],freeform,MESURÉ,ok,,e1-1
E0440,P2,latte-art-stencil-camera,Pochoir latte art « appareil photo » pour café,Manual latte art camera coffee stencil,cadeau-lifestyle,,,O,meta_fr_advertisers_distinct,0,annonceurs (cartes vues),,n/a,https://www.facebook.com/ads/library/?active_status=active&ad_type=all&country=FR&media_type=all&q=%22pochoir%20caf%C3%A9%20latte%20art%22&search_type=keyword_exact_phrase,2026-10-04,firecrawl_scrape,"""pochoir café latte art"" (keyword_exact_phrase)",freeform,ESTIMATION,ok,,e1-1
E0441,P2,wireless-wall-sconce-magnetic-bulb,Appliques murales sans fil rechargeables avec télécommande,Rechargeable wireless wall sconces with magnetic bulb and remote,maison-rangement,ÉLIMINÉ : étage 2 : prix 49.9 € < 4 × coût livré (35.11 €),,O,meta_fr_results,0,résultats,Aucune publicité ne correspond,n/a,https://www.facebook.com/ads/library/?active_status=active&ad_type=all&country=FR&media_type=all&q=%22applique%20murale%20sans%20fil%22&search_type=keyword_exact_phrase,2026-10-04,firecrawl_scrape,"""applique murale sans fil"" [keyword_exact_phrase]",freeform,MESURÉ,ok,,e1-1
E0442,P2,wireless-wall-sconce-magnetic-bulb,Appliques murales sans fil rechargeables avec télécommande,Rechargeable wireless wall sconces with magnetic bulb and remote,maison-rangement,ÉLIMINÉ : étage 2 : prix 49.9 € < 4 × coût livré (35.11 €),,O,meta_fr_results,3,résultats,3 résultats,n/a,https://www.facebook.com/ads/library/?active_status=active&ad_type=all&country=FR&media_type=all&q=applique%20murale%20rechargeable&search_type=keyword_unordered,2026-10-04,firecrawl_scrape,applique murale rechargeable [keyword_unordered],freeform,MESURÉ,ok,,e1-1
E0443,P2,wireless-wall-sconce-magnetic-bulb,Appliques murales sans fil rechargeables avec télécommande,Rechargeable wireless wall sconces with magnetic bulb and remote,maison-rangement,ÉLIMINÉ : étage 2 : prix 49.9 € < 4 × coût livré (35.11 €),,O,meta_fr_advertisers_distinct,2,annonceurs (cartes vues),Runsgo shop 29 sep 2026 ID 1114302397806317 runsgo.com | Hendalla NL 3 oct 2026 ID 2161530874462303 hendalla-nl.com,n/a,https://www.facebook.com/ads/library/?active_status=active&ad_type=all&country=FR&media_type=all&q=applique%20murale%20rechargeable&search_type=keyword_unordered,2026-10-04,firecrawl_scrape,applique murale rechargeable (keyword_unordered),freeform,ESTIMATION,ok,,e1-1
E0444,P2,wireless-wall-sconce-magnetic-bulb,Appliques murales sans fil rechargeables avec télécommande,Rechargeable wireless wall sconces with magnetic bulb and remote,maison-rangement,ÉLIMINÉ : étage 2 : prix 49.9 € < 4 × coût livré (35.11 €),,O,meta_fr_ad,5,jours,Runsgo shop — Started running on 29 sep 2026 — Library ID 1114302397806317 — runsgo.com,1114302397806317,https://www.facebook.com/ads/library/?active_status=active&ad_type=all&country=FR&media_type=all&q=applique%20murale%20rechargeable&search_type=keyword_unordered,2026-10-04,firecrawl_scrape,applique murale rechargeable (keyword_unordered),freeform,MESURÉ,ok,,e1-1
E0445,P2,wireless-wall-sconce-magnetic-bulb,Appliques murales sans fil rechargeables avec télécommande,Rechargeable wireless wall sconces with magnetic bulb and remote,maison-rangement,ÉLIMINÉ : étage 2 : prix 49.9 € < 4 × coût livré (35.11 €),,O,meta_fr_ad,1,jours,Hendalla NL — Started running on 3 oct 2026 — Library ID 2161530874462303 — hendalla-nl.com,2161530874462303,https://www.facebook.com/ads/library/?active_status=active&ad_type=all&country=FR&media_type=all&q=applique%20murale%20rechargeable&search_type=keyword_unordered,2026-10-04,firecrawl_scrape,applique murale rechargeable (keyword_unordered),freeform,MESURÉ,ok,,e1-1
E0446,P2,magnetic-motion-sensor-closet-light,Réglettes LED à détecteur de mouvement pour placard,Rechargeable magnetic motion-sensor LED closet light bars,maison-rangement,,,O,meta_fr_results,0,résultats,Aucune publicité ne correspond à vos critères de recherche.,n/a,https://www.facebook.com/ads/library/?active_status=active&ad_type=all&country=FR&media_type=all&q=%22r%C3%A9glette%20led%20d%C3%A9tecteur%20de%20mouvement%22&search_type=keyword_exact_phrase,2026-10-04,firecrawl_scrape,"""réglette led détecteur de mouvement"" [keyword_exact_phrase]",freeform,MESURÉ,ok,,e1-2
E0447,P2,magnetic-motion-sensor-closet-light,Réglettes LED à détecteur de mouvement pour placard,Rechargeable magnetic motion-sensor LED closet light bars,maison-rangement,,,O,meta_fr_results,120,résultats,120 résultats,n/a,https://www.facebook.com/ads/library/?active_status=active&ad_type=all&country=FR&media_type=all&q=lumi%C3%A8re%20placard%20sans%20fil&search_type=keyword_unordered,2026-10-04,firecrawl_scrape,lumière placard sans fil [keyword_unordered],freeform,MESURÉ,ok,,e1-2
E0448,P2,magnetic-motion-sensor-closet-light,Réglettes LED à détecteur de mouvement pour placard,Rechargeable magnetic motion-sensor LED closet light bars,maison-rangement,,,O,meta_fr_advertisers_distinct,2,"annonceurs (cartes vues, lot partiel)",Lumic 21 juin 2026 ID 2912242292455489 lumic.fr | Maison Baugmann 19 sep 2026 ID 1396871111957756 baugmann.com,n/a,https://www.facebook.com/ads/library/?active_status=active&ad_type=all&country=FR&media_type=all&q=lumi%C3%A8re%20placard%20sans%20fil&search_type=keyword_unordered,2026-10-04,firecrawl_scrape,lumière placard sans fil (keyword_unordered),freeform,ESTIMATION,ok,,e1-2
E0449,P2,magnetic-motion-sensor-closet-light,Réglettes LED à détecteur de mouvement pour placard,Rechargeable magnetic motion-sensor LED closet light bars,maison-rangement,,,O,meta_fr_ad,105,jours,Lumic — Started running on 21 juin 2026 — Library ID 2912242292455489 — lumic.fr,2912242292455489,https://www.facebook.com/ads/library/?active_status=active&ad_type=all&country=FR&media_type=all&q=lumi%C3%A8re%20placard%20sans%20fil&search_type=keyword_unordered,2026-10-04,firecrawl_scrape,lumière placard sans fil (keyword_unordered),freeform,MESURÉ,ok,,e1-2
E0450,P2,magnetic-motion-sensor-closet-light,Réglettes LED à détecteur de mouvement pour placard,Rechargeable magnetic motion-sensor LED closet light bars,maison-rangement,,,O,meta_fr_ad,15,jours,Maison Baugmann — Started running on 19 sep 2026 — Library ID 1396871111957756 — baugmann.com,1396871111957756,https://www.facebook.com/ads/library/?active_status=active&ad_type=all&country=FR&media_type=all&q=lumi%C3%A8re%20placard%20sans%20fil&search_type=keyword_unordered,2026-10-04,firecrawl_scrape,lumière placard sans fil (keyword_unordered),freeform,MESURÉ,ok,,e1-2
E0451,P2,magnetic-double-sided-windshield-cleaner,Nettoyeur magnétique double face pour vitres de voiture,Dual magnetic double-sided car windshield cleaner,auto-voyage,,,O,meta_fr_results,0,résultats,Aucune publicité ne correspond à vos critères de recherche.,n/a,https://www.facebook.com/ads/library/?active_status=active&ad_type=all&country=FR&media_type=all&q=%22nettoyeur%20vitre%20magn%C3%A9tique%22&search_type=keyword_exact_phrase,2026-10-04,firecrawl_scrape,"""nettoyeur vitre magnétique"" [keyword_exact_phrase]",freeform,MESURÉ,ok,,e1-2
E0452,P2,magnetic-double-sided-windshield-cleaner,Nettoyeur magnétique double face pour vitres de voiture,Dual magnetic double-sided car windshield cleaner,auto-voyage,,,O,meta_fr_results,12,résultats,12 résultats,n/a,https://www.facebook.com/ads/library/?active_status=active&ad_type=all&country=FR&media_type=all&q=nettoyeur%20pare-brise%20double%20face&search_type=keyword_unordered,2026-10-04,firecrawl_scrape,nettoyeur pare-brise double face [keyword_unordered],freeform,MESURÉ,ok,,e1-2
E0453,P2,magnetic-double-sided-windshield-cleaner,Nettoyeur magnétique double face pour vitres de voiture,Dual magnetic double-sided car windshield cleaner,auto-voyage,,,O,meta_fr_advertisers_distinct,5,annonceurs (cartes vues),Soleilcoin 15 sep 2026 ID 1628996488860558 soleilcoin.fr | Powerfulm 18 sep 2026 ID 1064521463026869 powerfulm.com | Providegive.Stop 18 sep 2026 ID 1721075845822404 providegive.com | Hidpotential 22 sep 2026 ID 969439102868812 hidpotential.com | Rhino-blanc (avec Bonnejourne_fr) 30 sep 2026 ID 2291,n/a,https://www.facebook.com/ads/library/?active_status=active&ad_type=all&country=FR&media_type=all&q=nettoyeur%20pare-brise%20double%20face&search_type=keyword_unordered,2026-10-04,firecrawl_scrape,nettoyeur pare-brise double face (keyword_unordered),freeform,ESTIMATION,ok,,e1-2
E0454,P2,magnetic-double-sided-windshield-cleaner,Nettoyeur magnétique double face pour vitres de voiture,Dual magnetic double-sided car windshield cleaner,auto-voyage,,,O,meta_fr_ad,19,jours,Soleilcoin — Started running on 15 sep 2026 — Library ID 1628996488860558 — soleilcoin.fr,1628996488860558,https://www.facebook.com/ads/library/?active_status=active&ad_type=all&country=FR&media_type=all&q=nettoyeur%20pare-brise%20double%20face&search_type=keyword_unordered,2026-10-04,firecrawl_scrape,nettoyeur pare-brise double face (keyword_unordered),freeform,MESURÉ,ok,,e1-2
E0455,P2,magnetic-double-sided-windshield-cleaner,Nettoyeur magnétique double face pour vitres de voiture,Dual magnetic double-sided car windshield cleaner,auto-voyage,,,O,meta_fr_ad,16,jours,Powerfulm — Started running on 18 sep 2026 — Library ID 1064521463026869 — powerfulm.com,1064521463026869,https://www.facebook.com/ads/library/?active_status=active&ad_type=all&country=FR&media_type=all&q=nettoyeur%20pare-brise%20double%20face&search_type=keyword_unordered,2026-10-04,firecrawl_scrape,nettoyeur pare-brise double face (keyword_unordered),freeform,MESURÉ,ok,,e1-2
E0456,P2,magnetic-double-sided-windshield-cleaner,Nettoyeur magnétique double face pour vitres de voiture,Dual magnetic double-sided car windshield cleaner,auto-voyage,,,O,meta_fr_ad,16,jours,Providegive.Stop — Started running on 18 sep 2026 — Library ID 1721075845822404 — providegive.com,1721075845822404,https://www.facebook.com/ads/library/?active_status=active&ad_type=all&country=FR&media_type=all&q=nettoyeur%20pare-brise%20double%20face&search_type=keyword_unordered,2026-10-04,firecrawl_scrape,nettoyeur pare-brise double face (keyword_unordered),freeform,MESURÉ,ok,,e1-2
E0457,P2,magnetic-double-sided-windshield-cleaner,Nettoyeur magnétique double face pour vitres de voiture,Dual magnetic double-sided car windshield cleaner,auto-voyage,,,O,meta_fr_ad,12,jours,Hidpotential — Started running on 22 sep 2026 — Library ID 969439102868812 — hidpotential.com,969439102868812,https://www.facebook.com/ads/library/?active_status=active&ad_type=all&country=FR&media_type=all&q=nettoyeur%20pare-brise%20double%20face&search_type=keyword_unordered,2026-10-04,firecrawl_scrape,nettoyeur pare-brise double face (keyword_unordered),freeform,MESURÉ,ok,,e1-2
E0458,P2,magnetic-double-sided-windshield-cleaner,Nettoyeur magnétique double face pour vitres de voiture,Dual magnetic double-sided car windshield cleaner,auto-voyage,,,O,meta_fr_ad,4,jours,Rhino-blanc (avec Bonnejourne_fr) — Started running on 30 sep 2026 — Library ID 2291320228380426 — m.bonnejourne.fr,2291320228380426,https://www.facebook.com/ads/library/?active_status=active&ad_type=all&country=FR&media_type=all&q=nettoyeur%20pare-brise%20double%20face&search_type=keyword_unordered,2026-10-04,firecrawl_scrape,nettoyeur pare-brise double face (keyword_unordered),freeform,MESURÉ,ok,,e1-2
E0459,P2,pet-grooming-hammock,Hamac de toilettage pour chien et chat,Pet grooming hammock with stand,animaux,,,O,meta_fr_results,0,résultats,Aucune publicité ne correspond à vos critères de recherche.,n/a,https://www.facebook.com/ads/library/?active_status=active&ad_type=all&country=FR&media_type=all&q=%22hamac%20toilettage%20chien%22&search_type=keyword_exact_phrase,2026-10-04,firecrawl_scrape,"""hamac toilettage chien"" [keyword_exact_phrase]",freeform,MESURÉ,ok,,e1-2
E0460,P2,pet-grooming-hammock,Hamac de toilettage pour chien et chat,Pet grooming hammock with stand,animaux,,,O,meta_fr_results,2,résultats,2 résultats,n/a,https://www.facebook.com/ads/library/?active_status=active&ad_type=all&country=FR&media_type=all&q=hamac%20coupe%20griffes%20chien&search_type=keyword_unordered,2026-10-04,firecrawl_scrape,hamac coupe griffes chien [keyword_unordered],freeform,MESURÉ,ok,,e1-2
E0461,P2,pet-grooming-hammock,Hamac de toilettage pour chien et chat,Pet grooming hammock with stand,animaux,,,O,meta_fr_advertisers_distinct,1,annonceurs (cartes vues),Vitaluster shop 13 août 2026 ID 1138430512475485 vitaluster.com,n/a,https://www.facebook.com/ads/library/?active_status=active&ad_type=all&country=FR&media_type=all&q=hamac%20coupe%20griffes%20chien&search_type=keyword_unordered,2026-10-04,firecrawl_scrape,hamac coupe griffes chien (keyword_unordered),freeform,ESTIMATION,ok,,e1-2
E0462,P2,pet-grooming-hammock,Hamac de toilettage pour chien et chat,Pet grooming hammock with stand,animaux,,,O,meta_fr_ad,52,jours,Vitaluster shop — Started running on 13 août 2026 — Library ID 1138430512475485 — vitaluster.com,1138430512475485,https://www.facebook.com/ads/library/?active_status=active&ad_type=all&country=FR&media_type=all&q=hamac%20coupe%20griffes%20chien&search_type=keyword_unordered,2026-10-04,firecrawl_scrape,hamac coupe griffes chien (keyword_unordered),freeform,MESURÉ,ok,,e1-2
E0463,P2,quiet-pet-nail-grinder,Ponceuse à griffes électrique pour chien et chat,Quiet electric pet nail grinder,animaux,,,O,meta_fr_results,0,résultats,Aucune publicité ne correspond à vos critères de recherche.,n/a,https://www.facebook.com/ads/library/?active_status=active&ad_type=all&country=FR&media_type=all&q=%22ponceuse%20griffes%20chien%22&search_type=keyword_exact_phrase,2026-10-04,firecrawl_scrape,"""ponceuse griffes chien"" [keyword_exact_phrase]",freeform,MESURÉ,ok,,e1-2
E0464,P2,quiet-pet-nail-grinder,Ponceuse à griffes électrique pour chien et chat,Quiet electric pet nail grinder,animaux,,,O,meta_fr_results,43,résultats,43 résultats,n/a,https://www.facebook.com/ads/library/?active_status=active&ad_type=all&country=FR&media_type=all&q=lime%20%C3%A0%20griffes%20%C3%A9lectrique%20chien&search_type=keyword_unordered,2026-10-04,firecrawl_scrape,lime à griffes électrique chien [keyword_unordered],freeform,MESURÉ,ok,,e1-2
E0465,P2,quiet-pet-nail-grinder,Ponceuse à griffes électrique pour chien et chat,Quiet electric pet nail grinder,animaux,,,O,meta_fr_advertisers_distinct,2,"annonceurs (cartes vues, lot partiel)",Activ'Pet 11 juin 2026 ID 1556160526096084 activ-pet.com | Yahory shop 7 août 2026 ID 1965646834133359 yahory.com,n/a,https://www.facebook.com/ads/library/?active_status=active&ad_type=all&country=FR&media_type=all&q=lime%20%C3%A0%20griffes%20%C3%A9lectrique%20chien&search_type=keyword_unordered,2026-10-04,firecrawl_scrape,lime à griffes électrique chien (keyword_unordered),freeform,ESTIMATION,ok,,e1-2
E0466,P2,quiet-pet-nail-grinder,Ponceuse à griffes électrique pour chien et chat,Quiet electric pet nail grinder,animaux,,,O,meta_fr_ad,115,jours,Activ'Pet — Started running on 11 juin 2026 — Library ID 1556160526096084 — activ-pet.com,1556160526096084,https://www.facebook.com/ads/library/?active_status=active&ad_type=all&country=FR&media_type=all&q=lime%20%C3%A0%20griffes%20%C3%A9lectrique%20chien&search_type=keyword_unordered,2026-10-04,firecrawl_scrape,lime à griffes électrique chien (keyword_unordered),freeform,MESURÉ,ok,,e1-2
E0467,P2,quiet-pet-nail-grinder,Ponceuse à griffes électrique pour chien et chat,Quiet electric pet nail grinder,animaux,,,O,meta_fr_ad,58,jours,Yahory shop — Started running on 7 août 2026 — Library ID 1965646834133359 — yahory.com,1965646834133359,https://www.facebook.com/ads/library/?active_status=active&ad_type=all&country=FR&media_type=all&q=lime%20%C3%A0%20griffes%20%C3%A9lectrique%20chien&search_type=keyword_unordered,2026-10-04,firecrawl_scrape,lime à griffes électrique chien (keyword_unordered),freeform,MESURÉ,ok,,e1-2
E0468,P2,mini-cordless-car-vacuum,Mini aspirateur de voiture sans fil,Foldable mini cordless car vacuum,auto-voyage,,,O,meta_fr_results,14,résultats,14 résultats,n/a,https://www.facebook.com/ads/library/?active_status=active&ad_type=all&country=FR&media_type=all&q=%22aspirateur%20voiture%20sans%20fil%22&search_type=keyword_exact_phrase,2026-10-04,firecrawl_scrape,"""aspirateur voiture sans fil"" [keyword_exact_phrase]",freeform,MESURÉ,ok,,e1-2
E0469,P2,mini-cordless-car-vacuum,Mini aspirateur de voiture sans fil,Foldable mini cordless car vacuum,auto-voyage,,,O,meta_fr_advertisers_distinct,3,annonceurs (cartes vues),Demeurya 25 sep 2026 ID 1626218922246950 demeurya.com | Yahory shop 27 sep 2026 ID 1106558395258476 yahory.com | Mangree us 29 sep 2026 ID 1869686241068154 mangree.com,n/a,https://www.facebook.com/ads/library/?active_status=active&ad_type=all&country=FR&media_type=all&q=%22aspirateur%20voiture%20sans%20fil%22&search_type=keyword_exact_phrase,2026-10-04,firecrawl_scrape,"""aspirateur voiture sans fil"" (keyword_exact_phrase)",freeform,ESTIMATION,ok,,e1-2
E0470,P2,mini-cordless-car-vacuum,Mini aspirateur de voiture sans fil,Foldable mini cordless car vacuum,auto-voyage,,,O,meta_fr_ad,9,jours,Demeurya — Started running on 25 sep 2026 — Library ID 1626218922246950 — demeurya.com,1626218922246950,https://www.facebook.com/ads/library/?active_status=active&ad_type=all&country=FR&media_type=all&q=%22aspirateur%20voiture%20sans%20fil%22&search_type=keyword_exact_phrase,2026-10-04,firecrawl_scrape,"""aspirateur voiture sans fil"" (keyword_exact_phrase)",freeform,MESURÉ,ok,,e1-2
E0471,P2,mini-cordless-car-vacuum,Mini aspirateur de voiture sans fil,Foldable mini cordless car vacuum,auto-voyage,,,O,meta_fr_ad,7,jours,Yahory shop — Started running on 27 sep 2026 — Library ID 1106558395258476 — yahory.com,1106558395258476,https://www.facebook.com/ads/library/?active_status=active&ad_type=all&country=FR&media_type=all&q=%22aspirateur%20voiture%20sans%20fil%22&search_type=keyword_exact_phrase,2026-10-04,firecrawl_scrape,"""aspirateur voiture sans fil"" (keyword_exact_phrase)",freeform,MESURÉ,ok,,e1-2
E0472,P2,mini-cordless-car-vacuum,Mini aspirateur de voiture sans fil,Foldable mini cordless car vacuum,auto-voyage,,,O,meta_fr_ad,5,jours,Mangree us — Started running on 29 sep 2026 — Library ID 1869686241068154 — mangree.com,1869686241068154,https://www.facebook.com/ads/library/?active_status=active&ad_type=all&country=FR&media_type=all&q=%22aspirateur%20voiture%20sans%20fil%22&search_type=keyword_exact_phrase,2026-10-04,firecrawl_scrape,"""aspirateur voiture sans fil"" (keyword_exact_phrase)",freeform,MESURÉ,ok,,e1-2
E0473,P2,ultrasonic-anti-bark-device,Boîtier anti-aboiement à ultrasons,Ultrasonic anti-barking device,animaux,,,O,meta_fr_results,0,résultats,Aucune publicité ne correspond à vos critères de recherche.,n/a,https://www.facebook.com/ads/library/?active_status=active&ad_type=all&country=FR&media_type=all&q=%22anti%20aboiement%20ultrason%22&search_type=keyword_exact_phrase,2026-10-04,firecrawl_scrape,"""anti aboiement ultrason"" [keyword_exact_phrase]",freeform,MESURÉ,ok,,e1-3
E0474,P2,ultrasonic-anti-bark-device,Boîtier anti-aboiement à ultrasons,Ultrasonic anti-barking device,animaux,,,O,meta_fr_results,0,résultats,Aucune publicité ne correspond à vos critères de recherche.,n/a,https://www.facebook.com/ads/library/?active_status=active&ad_type=all&country=FR&media_type=all&q=bo%C3%AEtier%20anti%20aboiement&search_type=keyword_unordered,2026-10-04,firecrawl_scrape,boîtier anti aboiement [keyword_unordered],freeform,MESURÉ,ok,,e1-3
E0475,P2,ultrasonic-anti-bark-device,Boîtier anti-aboiement à ultrasons,Ultrasonic anti-barking device,animaux,,,O,meta_fr_advertisers_distinct,0,annonceurs (cartes vues),,n/a,https://www.facebook.com/ads/library/?active_status=active&ad_type=all&country=FR&media_type=all&q=%22anti%20aboiement%20ultrason%22&search_type=keyword_exact_phrase,2026-10-04,firecrawl_scrape,"""anti aboiement ultrason""",freeform,ESTIMATION,ok,,e1-3
E0476,P2,zip-trading-card-binder,Classeur zippé pour cartes à collectionner,900-pocket zip trading card binder,cadeau-lifestyle,,,O,meta_fr_results,0,résultats,Aucune publicité ne correspond à vos critères de recherche.,n/a,https://www.facebook.com/ads/library/?active_status=active&ad_type=all&country=FR&media_type=all&q=%22classeur%20cartes%20pok%C3%A9mon%22&search_type=keyword_exact_phrase,2026-10-04,firecrawl_scrape,"""classeur cartes pokémon"" [keyword_exact_phrase]",freeform,MESURÉ,ok,,e1-3
E0477,P2,zip-trading-card-binder,Classeur zippé pour cartes à collectionner,900-pocket zip trading card binder,cadeau-lifestyle,,,O,meta_fr_results,2,résultats,2 résultats,n/a,https://www.facebook.com/ads/library/?active_status=active&ad_type=all&country=FR&media_type=all&q=classeur%20cartes%20%C3%A0%20collectionner&search_type=keyword_unordered,2026-10-04,firecrawl_scrape,classeur cartes à collectionner [keyword_unordered],freeform,MESURÉ,ok,,e1-3
E0478,P2,zip-trading-card-binder,Classeur zippé pour cartes à collectionner,900-pocket zip trading card binder,cadeau-lifestyle,,,O,meta_fr_advertisers_distinct,0,annonceurs (cartes vues),,n/a,https://www.facebook.com/ads/library/?active_status=active&ad_type=all&country=FR&media_type=all&q=classeur%20cartes%20%C3%A0%20collectionner&search_type=keyword_unordered,2026-10-04,firecrawl_scrape,classeur cartes à collectionner,freeform,ESTIMATION,ok,,e1-3
E0479,P2,ai-translation-earbuds,Écouteurs traducteurs instantanés,AI real-time translation earbuds,bureau-tech,,,O,meta_fr_results,1,résultats,1 résultat,n/a,https://www.facebook.com/ads/library/?active_status=active&ad_type=all&country=FR&media_type=all&q=%22%C3%A9couteurs%20traducteur%22&search_type=keyword_exact_phrase,2026-10-04,firecrawl_scrape,"""écouteurs traducteur"" [keyword_exact_phrase]",freeform,MESURÉ,ok,,e1-3
E0480,P2,ai-translation-earbuds,Écouteurs traducteurs instantanés,AI real-time translation earbuds,bureau-tech,,,O,meta_fr_results,280,résultats,280 résultats,n/a,https://www.facebook.com/ads/library/?active_status=active&ad_type=all&country=FR&media_type=all&q=%C3%A9couteurs%20traduction%20instantan%C3%A9e&search_type=keyword_unordered,2026-10-04,firecrawl_scrape,écouteurs traduction instantanée [keyword_unordered],freeform,MESURÉ,ok,,e1-3
E0481,P2,ai-translation-earbuds,Écouteurs traducteurs instantanés,AI real-time translation earbuds,bureau-tech,,,O,meta_fr_advertisers_distinct,5,"annonceurs (cartes vues, lot partiel)",Flyxli 9 juil 2026 ID 1555506929284538 flyxli.com | De&Mindarcx 10 juil 2026 ID 1214394990794054 www.mindarcx.com | Dailynestbarn.DA01 26 juil 2026 ID 28271117922472063 www.dailynestbarn.com | Brandlyra.by 31 août 2026 ID 1612122250257064 www.brandlyra.com | Providegive.Stop 20 sep 2026 ID 875463658,n/a,https://www.facebook.com/ads/library/?active_status=active&ad_type=all&country=FR&media_type=all&q=%C3%A9couteurs%20traduction%20instantan%C3%A9e&search_type=keyword_unordered,2026-10-04,firecrawl_scrape,écouteurs traduction instantanée,freeform,ESTIMATION,ok,,e1-3
E0482,P2,ai-translation-earbuds,Écouteurs traducteurs instantanés,AI real-time translation earbuds,bureau-tech,,,O,meta_fr_ad,87,jours,Flyxli — Started running on 9 juil 2026 — Library ID 1555506929284538 — flyxli.com,1555506929284538,https://www.facebook.com/ads/library/?active_status=active&ad_type=all&country=FR&media_type=all&q=%C3%A9couteurs%20traduction%20instantan%C3%A9e&search_type=keyword_unordered,2026-10-04,firecrawl_scrape,écouteurs traduction instantanée,freeform,MESURÉ,ok,,e1-3
E0483,P2,ai-translation-earbuds,Écouteurs traducteurs instantanés,AI real-time translation earbuds,bureau-tech,,,O,meta_fr_ad,86,jours,De&Mindarcx — Started running on 10 juil 2026 — Library ID 1214394990794054 — www.mindarcx.com,1214394990794054,https://www.facebook.com/ads/library/?active_status=active&ad_type=all&country=FR&media_type=all&q=%C3%A9couteurs%20traduction%20instantan%C3%A9e&search_type=keyword_unordered,2026-10-04,firecrawl_scrape,écouteurs traduction instantanée,freeform,MESURÉ,ok,,e1-3
E0484,P2,ai-translation-earbuds,Écouteurs traducteurs instantanés,AI real-time translation earbuds,bureau-tech,,,O,meta_fr_ad,70,jours,Dailynestbarn.DA01 — Started running on 26 juil 2026 — Library ID 28271117922472063 — www.dailynestbarn.com,28271117922472063,https://www.facebook.com/ads/library/?active_status=active&ad_type=all&country=FR&media_type=all&q=%C3%A9couteurs%20traduction%20instantan%C3%A9e&search_type=keyword_unordered,2026-10-04,firecrawl_scrape,écouteurs traduction instantanée,freeform,MESURÉ,ok,,e1-3
E0485,P2,ai-translation-earbuds,Écouteurs traducteurs instantanés,AI real-time translation earbuds,bureau-tech,,,O,meta_fr_ad,34,jours,Brandlyra.by — Started running on 31 août 2026 — Library ID 1612122250257064 — www.brandlyra.com,1612122250257064,https://www.facebook.com/ads/library/?active_status=active&ad_type=all&country=FR&media_type=all&q=%C3%A9couteurs%20traduction%20instantan%C3%A9e&search_type=keyword_unordered,2026-10-04,firecrawl_scrape,écouteurs traduction instantanée,freeform,MESURÉ,ok,,e1-3
E0486,P2,ai-translation-earbuds,Écouteurs traducteurs instantanés,AI real-time translation earbuds,bureau-tech,,,O,meta_fr_ad,14,jours,Providegive.Stop — Started running on 20 sep 2026 — Library ID 875463658866266 — www.providegive.com,875463658866266,https://www.facebook.com/ads/library/?active_status=active&ad_type=all&country=FR&media_type=all&q=%C3%A9couteurs%20traduction%20instantan%C3%A9e&search_type=keyword_unordered,2026-10-04,firecrawl_scrape,écouteurs traduction instantanée,freeform,MESURÉ,ok,,e1-3
E0487,P2,slim-wallet-tracker-card,Carte traceur ultra-fine pour portefeuille,Slim wallet tracker card compatible with Find My,auto-voyage,,,O,meta_fr_results,1,résultats,1 résultat,n/a,https://www.facebook.com/ads/library/?active_status=active&ad_type=all&country=FR&media_type=all&q=%22carte%20traceur%22&search_type=keyword_exact_phrase,2026-10-04,firecrawl_scrape,"""carte traceur"" [keyword_exact_phrase]",freeform,MESURÉ,ok,,e1-3
E0488,P2,slim-wallet-tracker-card,Carte traceur ultra-fine pour portefeuille,Slim wallet tracker card compatible with Find My,auto-voyage,,,O,meta_fr_results,18,résultats,18 résultats,n/a,https://www.facebook.com/ads/library/?active_status=active&ad_type=all&country=FR&media_type=all&q=traceur%20portefeuille&search_type=keyword_unordered,2026-10-04,firecrawl_scrape,traceur portefeuille [keyword_unordered],freeform,MESURÉ,ok,,e1-3
E0489,P2,slim-wallet-tracker-card,Carte traceur ultra-fine pour portefeuille,Slim wallet tracker card compatible with Find My,auto-voyage,,,O,meta_fr_advertisers_distinct,2,annonceurs (cartes vues),Trovae 30 sep 2026 ID 1817115649478448 trovae.eu | Locali 30 sep 2026 ID 1074508808959136 localicard.com,n/a,https://www.facebook.com/ads/library/?active_status=active&ad_type=all&country=FR&media_type=all&q=traceur%20portefeuille&search_type=keyword_unordered,2026-10-04,firecrawl_scrape,traceur portefeuille,freeform,ESTIMATION,ok,,e1-3
E0490,P2,slim-wallet-tracker-card,Carte traceur ultra-fine pour portefeuille,Slim wallet tracker card compatible with Find My,auto-voyage,,,O,meta_fr_ad,4,jours,Trovae — Started running on 30 sep 2026 — Library ID 1817115649478448 — trovae.eu,1817115649478448,https://www.facebook.com/ads/library/?active_status=active&ad_type=all&country=FR&media_type=all&q=traceur%20portefeuille&search_type=keyword_unordered,2026-10-04,firecrawl_scrape,traceur portefeuille,freeform,MESURÉ,ok,,e1-3
E0491,P2,slim-wallet-tracker-card,Carte traceur ultra-fine pour portefeuille,Slim wallet tracker card compatible with Find My,auto-voyage,,,O,meta_fr_ad,4,jours,Locali — Started running on 30 sep 2026 — Library ID 1074508808959136 — localicard.com,1074508808959136,https://www.facebook.com/ads/library/?active_status=active&ad_type=all&country=FR&media_type=all&q=traceur%20portefeuille&search_type=keyword_unordered,2026-10-04,firecrawl_scrape,traceur portefeuille,freeform,MESURÉ,ok,,e1-3
E0492,P2,butter-slicer-dispenser,Trancheur à beurre,Butter slicer dispenser,cuisine,,,O,meta_fr_results,0,résultats,Aucune publicité ne correspond à vos critères de recherche.,n/a,https://www.facebook.com/ads/library/?active_status=active&ad_type=all&country=FR&media_type=all&q=%22coupe%20beurre%22&search_type=keyword_exact_phrase,2026-10-04,firecrawl_scrape,"""coupe beurre"" [keyword_exact_phrase]",freeform,MESURÉ,ok,,e1-3
E0493,P2,butter-slicer-dispenser,Trancheur à beurre,Butter slicer dispenser,cuisine,,,O,meta_fr_results,0,résultats,Aucune publicité ne correspond à vos critères de recherche.,n/a,https://www.facebook.com/ads/library/?active_status=active&ad_type=all&country=FR&media_type=all&q=trancheur%20beurre&search_type=keyword_unordered,2026-10-04,firecrawl_scrape,trancheur beurre [keyword_unordered],freeform,MESURÉ,ok,,e1-3
E0494,P2,butter-slicer-dispenser,Trancheur à beurre,Butter slicer dispenser,cuisine,,,O,meta_fr_advertisers_distinct,0,annonceurs (cartes vues),,n/a,https://www.facebook.com/ads/library/?active_status=active&ad_type=all&country=FR&media_type=all&q=%22coupe%20beurre%22&search_type=keyword_exact_phrase,2026-10-04,firecrawl_scrape,"""coupe beurre""",freeform,ESTIMATION,ok,,e1-3
E0495,P2,vacuum-mason-jar-lids,Couvercles sous vide pour bocaux,Airtight vacuum mason jar lids with pump,cuisine,,,O,meta_fr_results,0,résultats,Aucune publicité ne correspond à vos critères de recherche.,n/a,https://www.facebook.com/ads/library/?active_status=active&ad_type=all&country=FR&media_type=all&q=%22couvercle%20sous%20vide%22&search_type=keyword_exact_phrase,2026-10-04,firecrawl_scrape,"""couvercle sous vide"" [keyword_exact_phrase]",freeform,MESURÉ,ok,,e1-4
E0496,P2,vacuum-mason-jar-lids,Couvercles sous vide pour bocaux,Airtight vacuum mason jar lids with pump,cuisine,,,O,meta_fr_results,83,résultats,83 résultats,n/a,https://www.facebook.com/ads/library/?active_status=active&ad_type=all&country=FR&media_type=all&q=bocal%20sous%20vide&search_type=keyword_unordered,2026-10-04,firecrawl_scrape,bocal sous vide [keyword_unordered],freeform,MESURÉ,ok,,e1-4
E0497,P2,vacuum-mason-jar-lids,Couvercles sous vide pour bocaux,Airtight vacuum mason jar lids with pump,cuisine,,,O,meta_fr_advertisers_distinct,0,annonceurs (cartes vues),,n/a,https://www.facebook.com/ads/library/?active_status=active&ad_type=all&country=FR&media_type=all&q=%22couvercle%20sous%20vide%22&search_type=keyword_exact_phrase,2026-10-04,firecrawl_scrape,"""couvercle sous vide"" (keyword_exact_phrase)",freeform,ESTIMATION,ok,,e1-4
E0498,P2,mini-electric-food-chopper,Mini hachoir électrique sans fil,Portable mini electric food chopper,cuisine,,,O,meta_fr_results,23,résultats,23 résultats,n/a,https://www.facebook.com/ads/library/?active_status=active&ad_type=all&country=FR&media_type=all&q=%22mini%20hachoir%22&search_type=keyword_exact_phrase,2026-10-04,firecrawl_scrape,"""mini hachoir"" [keyword_exact_phrase]",freeform,MESURÉ,ok,,e1-4
E0499,P2,mini-electric-food-chopper,Mini hachoir électrique sans fil,Portable mini electric food chopper,cuisine,,,O,meta_fr_advertisers_distinct,6,"annonceurs (cartes vues, lot partiel)",Jolietoile 6 juil 2026 ID 2082907285771827 m.jolietoile.fr | Mindlyra#wx 6 juil 2026 ID 1353797853386256 www.mindlyra.com | Kilayou shop 12 juil 2026 ID 2889530044725075 kilayou.com | Growarcx+SF (aussi page Growarcx-32) 25 août 2026 ID 1428691409321278 www.growarcx.com | Aneedparis 21 sep 2026 ID 1,n/a,https://www.facebook.com/ads/library/?active_status=active&ad_type=all&country=FR&media_type=all&q=%22mini%20hachoir%22&search_type=keyword_exact_phrase,2026-10-04,firecrawl_scrape,"""mini hachoir"" (keyword_exact_phrase)",freeform,ESTIMATION,ok,,e1-4
E0500,P2,mini-electric-food-chopper,Mini hachoir électrique sans fil,Portable mini electric food chopper,cuisine,,,O,meta_fr_ad,90,jours,Jolietoile — Started running on 6 juil 2026 — Library ID 2082907285771827 — m.jolietoile.fr,2082907285771827,https://www.facebook.com/ads/library/?active_status=active&ad_type=all&country=FR&media_type=all&q=%22mini%20hachoir%22&search_type=keyword_exact_phrase,2026-10-04,firecrawl_scrape,"""mini hachoir"" (keyword_exact_phrase)",freeform,MESURÉ,ok,,e1-4
E0501,P2,mini-electric-food-chopper,Mini hachoir électrique sans fil,Portable mini electric food chopper,cuisine,,,O,meta_fr_ad,90,jours,Mindlyra#wx — Started running on 6 juil 2026 — Library ID 1353797853386256 — www.mindlyra.com,1353797853386256,https://www.facebook.com/ads/library/?active_status=active&ad_type=all&country=FR&media_type=all&q=%22mini%20hachoir%22&search_type=keyword_exact_phrase,2026-10-04,firecrawl_scrape,"""mini hachoir"" (keyword_exact_phrase)",freeform,MESURÉ,ok,,e1-4
E0502,P2,mini-electric-food-chopper,Mini hachoir électrique sans fil,Portable mini electric food chopper,cuisine,,,O,meta_fr_ad,84,jours,Kilayou shop — Started running on 12 juil 2026 — Library ID 2889530044725075 — kilayou.com,2889530044725075,https://www.facebook.com/ads/library/?active_status=active&ad_type=all&country=FR&media_type=all&q=%22mini%20hachoir%22&search_type=keyword_exact_phrase,2026-10-04,firecrawl_scrape,"""mini hachoir"" (keyword_exact_phrase)",freeform,MESURÉ,ok,,e1-4
E0503,P2,mini-electric-food-chopper,Mini hachoir électrique sans fil,Portable mini electric food chopper,cuisine,,,O,meta_fr_ad,40,jours,Growarcx+SF (aussi page Growarcx-32) — Started running on 25 août 2026 — Library ID 1428691409321278 — www.growarcx.com,1428691409321278,https://www.facebook.com/ads/library/?active_status=active&ad_type=all&country=FR&media_type=all&q=%22mini%20hachoir%22&search_type=keyword_exact_phrase,2026-10-04,firecrawl_scrape,"""mini hachoir"" (keyword_exact_phrase)",freeform,MESURÉ,ok,,e1-4
E0504,P2,mini-electric-food-chopper,Mini hachoir électrique sans fil,Portable mini electric food chopper,cuisine,,,O,meta_fr_ad,13,jours,Aneedparis — Started running on 21 sep 2026 — Library ID 1722378993101449 — aneedparis.com,1722378993101449,https://www.facebook.com/ads/library/?active_status=active&ad_type=all&country=FR&media_type=all&q=%22mini%20hachoir%22&search_type=keyword_exact_phrase,2026-10-04,firecrawl_scrape,"""mini hachoir"" (keyword_exact_phrase)",freeform,MESURÉ,ok,,e1-4
E0505,P2,mini-electric-food-chopper,Mini hachoir électrique sans fil,Portable mini electric food chopper,cuisine,,,O,meta_fr_ad,12,jours,Boutiquefortun now — Started running on 22 sep 2026 — Library ID 1605892391193210 — boutiquefortun.com,1605892391193210,https://www.facebook.com/ads/library/?active_status=active&ad_type=all&country=FR&media_type=all&q=%22mini%20hachoir%22&search_type=keyword_exact_phrase,2026-10-04,firecrawl_scrape,"""mini hachoir"" (keyword_exact_phrase)",freeform,MESURÉ,ok,,e1-4
E0506,P2,pull-out-cabinet-spice-rack,Range-épices coulissant pour placard,Pull-out cabinet spice rack organizer,cuisine,,,O,meta_fr_results,3,résultats,3 résultats,n/a,https://www.facebook.com/ads/library/?active_status=active&ad_type=all&country=FR&media_type=all&q=%22range%20%C3%A9pices%22&search_type=keyword_exact_phrase,2026-10-04,firecrawl_scrape,"""range épices"" [keyword_exact_phrase]",freeform,MESURÉ,ok,,e1-4
E0507,P2,pull-out-cabinet-spice-rack,Range-épices coulissant pour placard,Pull-out cabinet spice rack organizer,cuisine,,,O,meta_fr_results,9,résultats,9 résultats,n/a,https://www.facebook.com/ads/library/?active_status=active&ad_type=all&country=FR&media_type=all&q=organisateur%20%C3%A9pices&search_type=keyword_unordered,2026-10-04,firecrawl_scrape,organisateur épices [keyword_unordered],freeform,MESURÉ,ok,,e1-4
E0508,P2,pull-out-cabinet-spice-rack,Range-épices coulissant pour placard,Pull-out cabinet spice rack organizer,cuisine,,,O,meta_fr_advertisers_distinct,2,"annonceurs (cartes vues, lot partiel)",Vitaluster shop 28 juil 2026 ID 1053483007167097 vitaluster.com | EclireHome 30 sep 2026 ID 1100383222460554 eclire.com,n/a,https://www.facebook.com/ads/library/?active_status=active&ad_type=all&country=FR&media_type=all&q=organisateur%20%C3%A9pices&search_type=keyword_unordered,2026-10-04,firecrawl_scrape,organisateur épices (keyword_unordered),freeform,ESTIMATION,ok,,e1-4
E0509,P2,pull-out-cabinet-spice-rack,Range-épices coulissant pour placard,Pull-out cabinet spice rack organizer,cuisine,,,O,meta_fr_ad,68,jours,Vitaluster shop — Started running on 28 juil 2026 — Library ID 1053483007167097 — vitaluster.com,1053483007167097,https://www.facebook.com/ads/library/?active_status=active&ad_type=all&country=FR&media_type=all&q=organisateur%20%C3%A9pices&search_type=keyword_unordered,2026-10-04,firecrawl_scrape,organisateur épices (keyword_unordered),freeform,MESURÉ,ok,,e1-4
E0510,P2,pull-out-cabinet-spice-rack,Range-épices coulissant pour placard,Pull-out cabinet spice rack organizer,cuisine,,,O,meta_fr_ad,4,jours,EclireHome — Started running on 30 sep 2026 — Library ID 1100383222460554 — eclire.com,1100383222460554,https://www.facebook.com/ads/library/?active_status=active&ad_type=all&country=FR&media_type=all&q=organisateur%20%C3%A9pices&search_type=keyword_unordered,2026-10-04,firecrawl_scrape,organisateur épices (keyword_unordered),freeform,MESURÉ,ok,,e1-4
E0511,P2,pet-hair-carpet-rake,Racloir anti-poils pour tapis et canapé,Pet hair removal tool for carpets and couches,animaux,,,O,meta_fr_results,0,résultats,Aucune publicité ne correspond à vos critères de recherche.,n/a,https://www.facebook.com/ads/library/?active_status=active&ad_type=all&country=FR&media_type=all&q=%22racloir%20poils%22&search_type=keyword_exact_phrase,2026-10-04,firecrawl_scrape,"""racloir poils"" [keyword_exact_phrase]",freeform,MESURÉ,ok,,e1-4
E0512,P2,pet-hair-carpet-rake,Racloir anti-poils pour tapis et canapé,Pet hair removal tool for carpets and couches,animaux,,,O,meta_fr_results,280,résultats,280 résultats,n/a,https://www.facebook.com/ads/library/?active_status=active&ad_type=all&country=FR&media_type=all&q=poils%20tapis&search_type=keyword_unordered,2026-10-04,firecrawl_scrape,poils tapis [keyword_unordered],freeform,MESURÉ,ok,,e1-4
E0513,P2,pet-hair-carpet-rake,Racloir anti-poils pour tapis et canapé,Pet hair removal tool for carpets and couches,animaux,,,O,meta_fr_advertisers_distinct,0,annonceurs (cartes vues),,n/a,https://www.facebook.com/ads/library/?active_status=active&ad_type=all&country=FR&media_type=all&q=%22racloir%20poils%22&search_type=keyword_exact_phrase,2026-10-04,firecrawl_scrape,"""racloir poils"" (keyword_exact_phrase)",freeform,ESTIMATION,ok,,e1-4
E0514,P2,personalized-leather-toiletry-bag,Trousse de toilette en cuir personnalisée,Personalized leather toiletry bag,cadeau-lifestyle,ÉLIMINÉ : étage 2 : prix 44.9 € < 4 × coût livré (14.22 €),,O,meta_fr_results,8,résultats,8 résultats,n/a,https://www.facebook.com/ads/library/?active_status=active&ad_type=all&country=FR&media_type=all&q=%22trousse%20de%20toilette%20personnalis%C3%A9e%22&search_type=keyword_exact_phrase,2026-10-04,firecrawl_scrape,"""trousse de toilette personnalisée"" [keyword_exact_phrase]",freeform,MESURÉ,ok,,e1-4
E0515,P2,personalized-leather-toiletry-bag,Trousse de toilette en cuir personnalisée,Personalized leather toiletry bag,cadeau-lifestyle,ÉLIMINÉ : étage 2 : prix 44.9 € < 4 × coût livré (14.22 €),,O,meta_fr_results,2,résultats,2 résultats,n/a,https://www.facebook.com/ads/library/?active_status=active&ad_type=all&country=FR&media_type=all&q=trousse%20toilette%20cuir%20grav%C3%A9e&search_type=keyword_unordered,2026-10-04,firecrawl_scrape,trousse toilette cuir gravée [keyword_unordered],freeform,MESURÉ,ok,,e1-4
E0516,P2,personalized-leather-toiletry-bag,Trousse de toilette en cuir personnalisée,Personalized leather toiletry bag,cadeau-lifestyle,ÉLIMINÉ : étage 2 : prix 44.9 € < 4 × coût livré (14.22 €),,O,meta_fr_advertisers_distinct,1,annonceurs (cartes vues),Cadeauplus 30 sep 2026 ID 1045369251836522 cadeauplus.com,n/a,https://www.facebook.com/ads/library/?active_status=active&ad_type=all&country=FR&media_type=all&q=%22trousse%20de%20toilette%20personnalis%C3%A9e%22&search_type=keyword_exact_phrase,2026-10-04,firecrawl_scrape,"""trousse de toilette personnalisée"" (keyword_exact_phrase)",freeform,ESTIMATION,ok,,e1-4
E0517,P2,personalized-leather-toiletry-bag,Trousse de toilette en cuir personnalisée,Personalized leather toiletry bag,cadeau-lifestyle,ÉLIMINÉ : étage 2 : prix 44.9 € < 4 × coût livré (14.22 €),,O,meta_fr_ad,4,jours,Cadeauplus — Started running on 30 sep 2026 — Library ID 1045369251836522 — cadeauplus.com,1045369251836522,https://www.facebook.com/ads/library/?active_status=active&ad_type=all&country=FR&media_type=all&q=%22trousse%20de%20toilette%20personnalis%C3%A9e%22&search_type=keyword_exact_phrase,2026-10-04,firecrawl_scrape,"""trousse de toilette personnalisée"" (keyword_exact_phrase)",freeform,MESURÉ,ok,,e1-4
E0518,P2,engraved-leather-bracelet-men,Bracelet homme en cuir gravé avec message,Engraved message leather bracelet for men,cadeau-lifestyle,,,O,meta_fr_results,0,résultats,Aucune publicité ne correspond à vos critères de recherche,n/a,https://www.facebook.com/ads/library/?active_status=active&ad_type=all&country=FR&media_type=all&q=%22bracelet%20homme%20grav%C3%A9%22&search_type=keyword_exact_phrase,2026-10-04,firecrawl_scrape,"""bracelet homme gravé"" [keyword_exact_phrase]",freeform,MESURÉ,ok,,e1-5
E0519,P2,engraved-leather-bracelet-men,Bracelet homme en cuir gravé avec message,Engraved message leather bracelet for men,cadeau-lifestyle,,,O,meta_fr_results,100,résultats,100 résultats,n/a,https://www.facebook.com/ads/library/?active_status=active&ad_type=all&country=FR&media_type=all&q=bracelet%20cuir%20personnalis%C3%A9%20homme&search_type=keyword_unordered,2026-10-04,firecrawl_scrape,bracelet cuir personnalisé homme [keyword_unordered],freeform,MESURÉ,ok,,e1-5
E0520,P2,engraved-leather-bracelet-men,Bracelet homme en cuir gravé avec message,Engraved message leather bracelet for men,cadeau-lifestyle,,,O,meta_fr_advertisers_distinct,2,"annonceurs (cartes vues, lot partiel)",Farmhouse Peace 25 juin 2026 ID 1539465207020607 farmhousepeace.com | Farmhouse Cadeaux 14 juil 2026 ID 1361751426062397 farmhousepeace.com,n/a,https://www.facebook.com/ads/library/?active_status=active&ad_type=all&country=FR&media_type=all&q=bracelet%20cuir%20personnalis%C3%A9%20homme&search_type=keyword_unordered,2026-10-04,firecrawl_scrape,bracelet cuir personnalisé homme (keyword_unordered),freeform,ESTIMATION,ok,,e1-5
E0521,P2,engraved-leather-bracelet-men,Bracelet homme en cuir gravé avec message,Engraved message leather bracelet for men,cadeau-lifestyle,,,O,meta_fr_ad,101,jours,Farmhouse Peace — Started running on 25 juin 2026 — Library ID 1539465207020607 — farmhousepeace.com,1539465207020607,https://www.facebook.com/ads/library/?active_status=active&ad_type=all&country=FR&media_type=all&q=bracelet%20cuir%20personnalis%C3%A9%20homme&search_type=keyword_unordered,2026-10-04,firecrawl_scrape,bracelet cuir personnalisé homme (keyword_unordered),freeform,MESURÉ,ok,,e1-5
E0522,P2,engraved-leather-bracelet-men,Bracelet homme en cuir gravé avec message,Engraved message leather bracelet for men,cadeau-lifestyle,,,O,meta_fr_ad,82,jours,Farmhouse Cadeaux — Started running on 14 juil 2026 — Library ID 1361751426062397 — farmhousepeace.com,1361751426062397,https://www.facebook.com/ads/library/?active_status=active&ad_type=all&country=FR&media_type=all&q=bracelet%20cuir%20personnalis%C3%A9%20homme&search_type=keyword_unordered,2026-10-04,firecrawl_scrape,bracelet cuir personnalisé homme (keyword_unordered),freeform,MESURÉ,ok,,e1-5
E0523,P2,ratchet-belt-no-holes,Ceinture à cliquet sans trous,Ratchet belt without holes,cadeau-lifestyle,ÉLIMINÉ : étage 2 : contribution avant pub 24.22 € < 25 €,,O,meta_fr_results,0,résultats,Aucune publicité ne correspond à vos critères de recherche.,n/a,https://www.facebook.com/ads/library/?active_status=active&ad_type=all&country=FR&media_type=all&q=%22ceinture%20%C3%A0%20cliquet%22&search_type=keyword_exact_phrase,2026-10-04,firecrawl_scrape,"""ceinture à cliquet"" [keyword_exact_phrase]",freeform,MESURÉ,ok,,e1-5
E0524,P2,ratchet-belt-no-holes,Ceinture à cliquet sans trous,Ratchet belt without holes,cadeau-lifestyle,ÉLIMINÉ : étage 2 : contribution avant pub 24.22 € < 25 €,,O,meta_fr_results,37,résultats,37 résultats,n/a,https://www.facebook.com/ads/library/?active_status=active&ad_type=all&country=FR&media_type=all&q=ceinture%20sans%20trou%20homme&search_type=keyword_unordered,2026-10-04,firecrawl_scrape,ceinture sans trou homme [keyword_unordered],freeform,MESURÉ,ok,,e1-5
E0525,P2,ratchet-belt-no-holes,Ceinture à cliquet sans trous,Ratchet belt without holes,cadeau-lifestyle,ÉLIMINÉ : étage 2 : contribution avant pub 24.22 € < 25 €,,O,meta_fr_advertisers_distinct,2,"annonceurs (cartes vues, lot partiel)",Amazon Fashion EU 24 juil 2026 ID 1547595623324927 amazon.fr | Bellutia 30 sep 2026 ID 1075458845122811 bellutia.com,n/a,https://www.facebook.com/ads/library/?active_status=active&ad_type=all&country=FR&media_type=all&q=ceinture%20sans%20trou%20homme&search_type=keyword_unordered,2026-10-04,firecrawl_scrape,ceinture sans trou homme (keyword_unordered),freeform,ESTIMATION,ok,,e1-5
E0526,P2,ratchet-belt-no-holes,Ceinture à cliquet sans trous,Ratchet belt without holes,cadeau-lifestyle,ÉLIMINÉ : étage 2 : contribution avant pub 24.22 € < 25 €,,O,meta_fr_ad,72,jours,Amazon Fashion EU — Started running on 24 juil 2026 — Library ID 1547595623324927 — amazon.fr,1547595623324927,https://www.facebook.com/ads/library/?active_status=active&ad_type=all&country=FR&media_type=all&q=ceinture%20sans%20trou%20homme&search_type=keyword_unordered,2026-10-04,firecrawl_scrape,ceinture sans trou homme (keyword_unordered),freeform,MESURÉ,ok,,e1-5
E0527,P2,ratchet-belt-no-holes,Ceinture à cliquet sans trous,Ratchet belt without holes,cadeau-lifestyle,ÉLIMINÉ : étage 2 : contribution avant pub 24.22 € < 25 €,,O,meta_fr_ad,4,jours,Bellutia — Started running on 30 sep 2026 — Library ID 1075458845122811 — bellutia.com,1075458845122811,https://www.facebook.com/ads/library/?active_status=active&ad_type=all&country=FR&media_type=all&q=ceinture%20sans%20trou%20homme&search_type=keyword_unordered,2026-10-04,firecrawl_scrape,ceinture sans trou homme (keyword_unordered),freeform,MESURÉ,ok,,e1-5
E0528,P2,flapping-bird-cat-toy,Jouet oiseau qui bat des ailes pour chat,Interactive flapping bird cat toy,animaux,,,O,meta_fr_results,0,résultats,Aucune publicité ne correspond à vos critères de recherche.,n/a,https://www.facebook.com/ads/library/?active_status=active&ad_type=all&country=FR&media_type=all&q=%22oiseau%20qui%20bat%20des%20ailes%22&search_type=keyword_exact_phrase,2026-10-04,firecrawl_scrape,"""oiseau qui bat des ailes"" [keyword_exact_phrase]",freeform,MESURÉ,ok,,e1-5
E0529,P2,flapping-bird-cat-toy,Jouet oiseau qui bat des ailes pour chat,Interactive flapping bird cat toy,animaux,,,O,meta_fr_results,1,résultats,1 résultat,n/a,https://www.facebook.com/ads/library/?active_status=active&ad_type=all&country=FR&media_type=all&q=jouet%20chat%20oiseau&search_type=keyword_unordered,2026-10-04,firecrawl_scrape,jouet chat oiseau [keyword_unordered],freeform,MESURÉ,ok,,e1-5
E0530,P2,flapping-bird-cat-toy,Jouet oiseau qui bat des ailes pour chat,Interactive flapping bird cat toy,animaux,,,O,meta_fr_advertisers_distinct,1,annonceurs (cartes vues),Lorune VI 26 juil 2026 ID 3443613759142819 lorune.fr,n/a,https://www.facebook.com/ads/library/?active_status=active&ad_type=all&country=FR&media_type=all&q=jouet%20chat%20oiseau&search_type=keyword_unordered,2026-10-04,firecrawl_scrape,jouet chat oiseau (keyword_unordered),freeform,ESTIMATION,ok,,e1-5
E0531,P2,flapping-bird-cat-toy,Jouet oiseau qui bat des ailes pour chat,Interactive flapping bird cat toy,animaux,,,O,meta_fr_ad,70,jours,Lorune VI — Started running on 26 juil 2026 — Library ID 3443613759142819 — lorune.fr,3443613759142819,https://www.facebook.com/ads/library/?active_status=active&ad_type=all&country=FR&media_type=all&q=jouet%20chat%20oiseau&search_type=keyword_unordered,2026-10-04,firecrawl_scrape,jouet chat oiseau (keyword_unordered),freeform,MESURÉ,ok,,e1-5
E0532,P2,automatic-moving-cat-toy,Jouet automatique pour chat qui se déplace seul,Automatic self-moving interactive cat toy,animaux,,,O,meta_fr_results,0,résultats,Aucune publicité ne correspond à vos critères de recherche.,n/a,https://www.facebook.com/ads/library/?active_status=active&ad_type=all&country=FR&media_type=all&q=%22jouet%20chat%20automatique%22&search_type=keyword_exact_phrase,2026-10-04,firecrawl_scrape,"""jouet chat automatique"" [keyword_exact_phrase]",freeform,MESURÉ,ok,,e1-5
E0533,P2,automatic-moving-cat-toy,Jouet automatique pour chat qui se déplace seul,Automatic self-moving interactive cat toy,animaux,,,O,meta_fr_results,8,résultats,8 résultats,n/a,https://www.facebook.com/ads/library/?active_status=active&ad_type=all&country=FR&media_type=all&q=jouet%20interactif%20chat&search_type=keyword_unordered,2026-10-04,firecrawl_scrape,jouet interactif chat [keyword_unordered],freeform,MESURÉ,ok,,e1-5
E0534,P2,automatic-moving-cat-toy,Jouet automatique pour chat qui se déplace seul,Automatic self-moving interactive cat toy,animaux,,,O,meta_fr_advertisers_distinct,0,annonceurs (cartes vues),,n/a,https://www.facebook.com/ads/library/?active_status=active&ad_type=all&country=FR&media_type=all&q=jouet%20interactif%20chat&search_type=keyword_unordered,2026-10-04,firecrawl_scrape,jouet interactif chat (keyword_unordered),freeform,ESTIMATION,ok,,e1-5
E0535,P2,cordless-heated-neck-shoulder-kneading-massager,Masseur cou et épaules chauffant à pétrissage sans fil,Cordless 4D heated neck and shoulder kneading massager,bien-etre-non-medical,"ÉLIMINÉ : étage 2 : ROAS seuil 1.95 > 1,8",,O,meta_fr_results,0,résultats,Aucune publicité ne correspond à vos critères de recherche.,n/a,https://www.facebook.com/ads/library/?active_status=active&ad_type=all&country=FR&media_type=all&q=%22masseur%20cou%20et%20%C3%A9paules%22&search_type=keyword_exact_phrase,2026-10-04,firecrawl_scrape,"""masseur cou et épaules"" [keyword_exact_phrase]",freeform,MESURÉ,ok,,e1-5
E0536,P2,cordless-heated-neck-shoulder-kneading-massager,Masseur cou et épaules chauffant à pétrissage sans fil,Cordless 4D heated neck and shoulder kneading massager,bien-etre-non-medical,"ÉLIMINÉ : étage 2 : ROAS seuil 1.95 > 1,8",,O,meta_fr_results,5,résultats,5 résultats,n/a,https://www.facebook.com/ads/library/?active_status=active&ad_type=all&country=FR&media_type=all&q=masseur%20cervical%20chauffant&search_type=keyword_unordered,2026-10-04,firecrawl_scrape,masseur cervical chauffant [keyword_unordered],freeform,MESURÉ,ok,,e1-5
E0537,P2,cordless-heated-neck-shoulder-kneading-massager,Masseur cou et épaules chauffant à pétrissage sans fil,Cordless 4D heated neck and shoulder kneading massager,bien-etre-non-medical,"ÉLIMINÉ : étage 2 : ROAS seuil 1.95 > 1,8",,O,meta_fr_advertisers_distinct,1,annonceurs (cartes vues),Cervalya 3 oct 2026 ID 1139911692323128 cervalya.fr,n/a,https://www.facebook.com/ads/library/?active_status=active&ad_type=all&country=FR&media_type=all&q=masseur%20cervical%20chauffant&search_type=keyword_unordered,2026-10-04,firecrawl_scrape,masseur cervical chauffant (keyword_unordered),freeform,ESTIMATION,ok,,e1-5
E0538,P2,cordless-heated-neck-shoulder-kneading-massager,Masseur cou et épaules chauffant à pétrissage sans fil,Cordless 4D heated neck and shoulder kneading massager,bien-etre-non-medical,"ÉLIMINÉ : étage 2 : ROAS seuil 1.95 > 1,8",,O,meta_fr_ad,1,jours,Cervalya — Started running on 3 oct 2026 — Library ID 1139911692323128 — cervalya.fr,1139911692323128,https://www.facebook.com/ads/library/?active_status=active&ad_type=all&country=FR&media_type=all&q=masseur%20cervical%20chauffant&search_type=keyword_unordered,2026-10-04,firecrawl_scrape,masseur cervical chauffant (keyword_unordered),freeform,MESURÉ,ok,,e1-5
E0539,P2,sunrise-wake-up-light,Réveil lumineux simulateur d'aube,Sunrise simulation wake-up light alarm clock,bien-etre-non-medical,ÉLIMINÉ : étage 2 : prix 59.9 € < 4 × coût livré (25.26 €),,O,meta_fr_results,10,résultats,10 résultats,n/a,https://www.facebook.com/ads/library/?active_status=active&ad_type=all&country=FR&media_type=all&q=%22r%C3%A9veil%20lumineux%22&search_type=keyword_exact_phrase,2026-10-04,firecrawl_scrape,"""réveil lumineux"" [keyword_exact_phrase]",freeform,MESURÉ,ok,,e1-6
E0540,P2,sunrise-wake-up-light,Réveil lumineux simulateur d'aube,Sunrise simulation wake-up light alarm clock,bien-etre-non-medical,ÉLIMINÉ : étage 2 : prix 59.9 € < 4 × coût livré (25.26 €),,O,meta_fr_results,1900,résultats,1 900 résultats,n/a,https://www.facebook.com/ads/library/?active_status=active&ad_type=all&country=FR&media_type=all&q=simulateur%20d%27aube&search_type=keyword_unordered,2026-10-04,firecrawl_scrape,simulateur d'aube [keyword_unordered],freeform,MESURÉ,ok,,e1-6
E0541,P2,sunrise-wake-up-light,Réveil lumineux simulateur d'aube,Sunrise simulation wake-up light alarm clock,bien-etre-non-medical,ÉLIMINÉ : étage 2 : prix 59.9 € < 4 × coût livré (25.26 €),,O,meta_fr_advertisers_distinct,2,"annonceurs (cartes vues, lot partiel)",Morphee 9 mar 2026 ID 2032832517574376 www.morphee.co | Unicos France 3 sep 2026 ID 1432223615431089 unicos.com,n/a,https://www.facebook.com/ads/library/?active_status=active&ad_type=all&country=FR&media_type=all&q=%22r%C3%A9veil%20lumineux%22&search_type=keyword_exact_phrase,2026-10-04,firecrawl_scrape,"""réveil lumineux"" (keyword_exact_phrase)",freeform,ESTIMATION,ok,,e1-6
E0542,P2,sunrise-wake-up-light,Réveil lumineux simulateur d'aube,Sunrise simulation wake-up light alarm clock,bien-etre-non-medical,ÉLIMINÉ : étage 2 : prix 59.9 € < 4 × coût livré (25.26 €),,O,meta_fr_ad,209,jours,Morphee — Started running on 9 mar 2026 — Library ID 2032832517574376 — www.morphee.co,2032832517574376,https://www.facebook.com/ads/library/?active_status=active&ad_type=all&country=FR&media_type=all&q=%22r%C3%A9veil%20lumineux%22&search_type=keyword_exact_phrase,2026-10-04,firecrawl_scrape,"""réveil lumineux"" (keyword_exact_phrase)",freeform,MESURÉ,ok,,e1-6
E0543,P2,sunrise-wake-up-light,Réveil lumineux simulateur d'aube,Sunrise simulation wake-up light alarm clock,bien-etre-non-medical,ÉLIMINÉ : étage 2 : prix 59.9 € < 4 × coût livré (25.26 €),,O,meta_fr_ad,31,jours,Unicos France — Started running on 3 sep 2026 — Library ID 1432223615431089 — unicos.com,1432223615431089,https://www.facebook.com/ads/library/?active_status=active&ad_type=all&country=FR&media_type=all&q=%22r%C3%A9veil%20lumineux%22&search_type=keyword_exact_phrase,2026-10-04,firecrawl_scrape,"""réveil lumineux"" (keyword_exact_phrase)",freeform,MESURÉ,ok,,e1-6
E0544,P2,rechargeable-hand-warmer,Chauffe-mains électrique rechargeable,"Rechargeable electric hand warmer (magnetic 2-pack, incl. spinner version)",sport-plein-air,ÉLIMINÉ : étage 2 : panier moyen 37.23 € < 45 €,,O,meta_fr_results,0,résultats,Aucune publicité ne correspond à vos critères de recherche.,n/a,https://www.facebook.com/ads/library/?active_status=active&ad_type=all&country=FR&media_type=all&q=%22chauffe-mains%20rechargeable%22&search_type=keyword_exact_phrase,2026-10-04,firecrawl_scrape,"""chauffe-mains rechargeable"" [keyword_exact_phrase]",freeform,MESURÉ,ok,,e1-6
E0545,P2,rechargeable-hand-warmer,Chauffe-mains électrique rechargeable,"Rechargeable electric hand warmer (magnetic 2-pack, incl. spinner version)",sport-plein-air,ÉLIMINÉ : étage 2 : panier moyen 37.23 € < 45 €,,O,meta_fr_results,5,résultats,5 résultats,n/a,https://www.facebook.com/ads/library/?active_status=active&ad_type=all&country=FR&media_type=all&q=chauffe-mains%20USB&search_type=keyword_unordered,2026-10-04,firecrawl_scrape,chauffe-mains USB [keyword_unordered],freeform,MESURÉ,ok,,e1-6
E0546,P2,rechargeable-hand-warmer,Chauffe-mains électrique rechargeable,"Rechargeable electric hand warmer (magnetic 2-pack, incl. spinner version)",sport-plein-air,ÉLIMINÉ : étage 2 : panier moyen 37.23 € < 45 €,,O,meta_fr_advertisers_distinct,0,annonceurs (cartes vues),,n/a,https://www.facebook.com/ads/library/?active_status=active&ad_type=all&country=FR&media_type=all&q=chauffe-mains%20USB&search_type=keyword_unordered,2026-10-04,firecrawl_scrape,chauffe-mains USB (keyword_unordered),freeform,ESTIMATION,ok,,e1-6
E0547,P2,motion-sensor-wide-beam-headlamp,Lampe frontale rechargeable grand angle à détection de mouvement,Rechargeable 230-degree wide-beam motion-sensor headlamp,sport-plein-air,ÉLIMINÉ : étage 2 : panier moyen 31 € < 45 €,,O,meta_fr_results,0,résultats,Aucune publicité ne correspond à vos critères de recherche.,n/a,https://www.facebook.com/ads/library/?active_status=active&ad_type=all&country=FR&media_type=all&q=%22lampe%20frontale%20rechargeable%22&search_type=keyword_exact_phrase,2026-10-04,firecrawl_scrape,"""lampe frontale rechargeable"" [keyword_exact_phrase]",freeform,MESURÉ,ok,,e1-6
E0548,P2,motion-sensor-wide-beam-headlamp,Lampe frontale rechargeable grand angle à détection de mouvement,Rechargeable 230-degree wide-beam motion-sensor headlamp,sport-plein-air,ÉLIMINÉ : étage 2 : panier moyen 31 € < 45 €,,O,meta_fr_results,25,résultats,25 résultats,n/a,https://www.facebook.com/ads/library/?active_status=active&ad_type=all&country=FR&media_type=all&q=lampe%20frontale%20d%C3%A9tecteur%20de%20mouvement&search_type=keyword_unordered,2026-10-04,firecrawl_scrape,lampe frontale détecteur de mouvement [keyword_unordered],freeform,MESURÉ,ok,,e1-6
E0549,P2,motion-sensor-wide-beam-headlamp,Lampe frontale rechargeable grand angle à détection de mouvement,Rechargeable 230-degree wide-beam motion-sensor headlamp,sport-plein-air,ÉLIMINÉ : étage 2 : panier moyen 31 € < 45 €,,O,meta_fr_advertisers_distinct,2,"annonceurs (cartes vues, lot partiel)",Maison Baugmann 25 sep 2026 ID 1329678625754323 baugmann.com | Handikitz 29 nov 2025 ID 1410003880649185 handikitz.com,n/a,https://www.facebook.com/ads/library/?active_status=active&ad_type=all&country=FR&media_type=all&q=lampe%20frontale%20d%C3%A9tecteur%20de%20mouvement&search_type=keyword_unordered,2026-10-04,firecrawl_scrape,lampe frontale détecteur de mouvement (keyword_unordered),freeform,ESTIMATION,ok,,e1-6
E0550,P2,motion-sensor-wide-beam-headlamp,Lampe frontale rechargeable grand angle à détection de mouvement,Rechargeable 230-degree wide-beam motion-sensor headlamp,sport-plein-air,ÉLIMINÉ : étage 2 : panier moyen 31 € < 45 €,,O,meta_fr_ad,9,jours,Maison Baugmann — Started running on 25 sep 2026 — Library ID 1329678625754323 — baugmann.com,1329678625754323,https://www.facebook.com/ads/library/?active_status=active&ad_type=all&country=FR&media_type=all&q=lampe%20frontale%20d%C3%A9tecteur%20de%20mouvement&search_type=keyword_unordered,2026-10-04,firecrawl_scrape,lampe frontale détecteur de mouvement (keyword_unordered),freeform,MESURÉ,ok,,e1-6
E0551,P2,motion-sensor-wide-beam-headlamp,Lampe frontale rechargeable grand angle à détection de mouvement,Rechargeable 230-degree wide-beam motion-sensor headlamp,sport-plein-air,ÉLIMINÉ : étage 2 : panier moyen 31 € < 45 €,,O,meta_fr_ad,309,jours,Handikitz — Started running on 29 nov 2025 — Library ID 1410003880649185 — handikitz.com,1410003880649185,https://www.facebook.com/ads/library/?active_status=active&ad_type=all&country=FR&media_type=all&q=lampe%20frontale%20d%C3%A9tecteur%20de%20mouvement&search_type=keyword_unordered,2026-10-04,firecrawl_scrape,lampe frontale détecteur de mouvement (keyword_unordered),freeform,MESURÉ,ok,,e1-6
E0552,P2,magnetic-screw-holder-wristband,Bracelet magnétique porte-vis pour bricoleur,Magnetic wristband for holding screws and bits,bricolage,,,O,meta_fr_results,0,résultats,Aucune publicité ne correspond à vos critères de recherche.,n/a,https://www.facebook.com/ads/library/?active_status=active&ad_type=all&country=FR&media_type=all&q=%22bracelet%20magn%C3%A9tique%20bricolage%22&search_type=keyword_exact_phrase,2026-10-04,firecrawl_scrape,"""bracelet magnétique bricolage"" [keyword_exact_phrase]",freeform,MESURÉ,ok,,e1-6
E0553,P2,magnetic-screw-holder-wristband,Bracelet magnétique porte-vis pour bricoleur,Magnetic wristband for holding screws and bits,bricolage,,,O,meta_fr_results,0,résultats,Aucune publicité ne correspond à vos critères de recherche.,n/a,https://www.facebook.com/ads/library/?active_status=active&ad_type=all&country=FR&media_type=all&q=bracelet%20aimant%C3%A9%20vis&search_type=keyword_unordered,2026-10-04,firecrawl_scrape,bracelet aimanté vis [keyword_unordered],freeform,MESURÉ,ok,,e1-6
E0554,P2,magnetic-screw-holder-wristband,Bracelet magnétique porte-vis pour bricoleur,Magnetic wristband for holding screws and bits,bricolage,,,O,meta_fr_advertisers_distinct,0,annonceurs (cartes vues),,n/a,https://www.facebook.com/ads/library/?active_status=active&ad_type=all&country=FR&media_type=all&q=%22bracelet%20magn%C3%A9tique%20bricolage%22&search_type=keyword_exact_phrase,2026-10-04,firecrawl_scrape,"""bracelet magnétique bricolage"" (keyword_exact_phrase)",freeform,ESTIMATION,ok,,e1-6
E0555,P2,weighted-under-door-draft-stopper,Boudin de porte lesté anti-courant d'air,Weighted velvet under-door draft stopper,maison-rangement,,,O,meta_fr_results,2,résultats,2 résultats,n/a,https://www.facebook.com/ads/library/?active_status=active&ad_type=all&country=FR&media_type=all&q=%22boudin%20de%20porte%22&search_type=keyword_exact_phrase,2026-10-04,firecrawl_scrape,"""boudin de porte"" [keyword_exact_phrase]",freeform,MESURÉ,ok,,e1-6
E0556,P2,weighted-under-door-draft-stopper,Boudin de porte lesté anti-courant d'air,Weighted velvet under-door draft stopper,maison-rangement,,,O,meta_fr_results,46,résultats,46 résultats,n/a,https://www.facebook.com/ads/library/?active_status=active&ad_type=all&country=FR&media_type=all&q=boudin%20anti%20courant%20d%27air&search_type=keyword_unordered,2026-10-04,firecrawl_scrape,boudin anti courant d'air [keyword_unordered],freeform,MESURÉ,ok,,e1-6
E0557,P2,weighted-under-door-draft-stopper,Boudin de porte lesté anti-courant d'air,Weighted velvet under-door draft stopper,maison-rangement,,,O,meta_fr_advertisers_distinct,0,"annonceurs (cartes vues, lot partiel)",,n/a,https://www.facebook.com/ads/library/?active_status=active&ad_type=all&country=FR&media_type=all&q=%22boudin%20de%20porte%22&search_type=keyword_exact_phrase,2026-10-04,firecrawl_scrape,"""boudin de porte"" (keyword_exact_phrase)",freeform,ESTIMATION,ok,,e1-6
E0558,P2,precision-electric-screwdriver-set,Tournevis électrique de précision avec embouts magnétiques,Precision electric screwdriver set with magnetic bits,bureau-tech,ÉLIMINÉ : étage 2 : prix 64.9 € < 4 × coût livré (18.3 €),,O,meta_fr_results,0,résultats,Aucune publicité ne correspond à vos critères de recherche,n/a,https://www.facebook.com/ads/library/?active_status=active&ad_type=all&country=FR&media_type=all&q=%22tournevis%20%C3%A9lectrique%20de%20pr%C3%A9cision%22&search_type=keyword_exact_phrase,2026-10-04,firecrawl_scrape,"""tournevis électrique de précision"" [keyword_exact_phrase]",freeform,MESURÉ,ok,,e1-7
E0559,P2,precision-electric-screwdriver-set,Tournevis électrique de précision avec embouts magnétiques,Precision electric screwdriver set with magnetic bits,bureau-tech,ÉLIMINÉ : étage 2 : prix 64.9 € < 4 × coût livré (18.3 €),,O,meta_fr_results,0,résultats,Aucune publicité ne correspond à vos critères de recherche.,n/a,https://www.facebook.com/ads/library/?active_status=active&ad_type=all&country=FR&media_type=all&q=tournevis%20de%20pr%C3%A9cision%20sans%20fil&search_type=keyword_unordered,2026-10-04,firecrawl_scrape,tournevis de précision sans fil [keyword_unordered],freeform,MESURÉ,ok,,e1-7
E0560,P2,precision-electric-screwdriver-set,Tournevis électrique de précision avec embouts magnétiques,Precision electric screwdriver set with magnetic bits,bureau-tech,ÉLIMINÉ : étage 2 : prix 64.9 € < 4 × coût livré (18.3 €),,O,meta_fr_advertisers_distinct,0,annonceurs (cartes vues),,n/a,https://www.facebook.com/ads/library/?active_status=active&ad_type=all&country=FR&media_type=all&q=tournevis%20de%20pr%C3%A9cision%20sans%20fil&search_type=keyword_unordered,2026-10-04,firecrawl_scrape,tournevis de précision sans fil (keyword_unordered),freeform,ESTIMATION,ok,,e1-7
E0561,P2,mini-cordless-screwdriver-bit-set,Mini visseuse sans fil rechargeable avec coffret d'embouts,Small rechargeable cordless screwdriver with bit set,bricolage,ÉLIMINÉ : étage 2 : prix 64.9 € < 4 × coût livré (18.3 €),,O,meta_fr_results,0,résultats,Aucune publicité ne correspond à vos critères de recherche.,n/a,https://www.facebook.com/ads/library/?active_status=active&ad_type=all&country=FR&media_type=all&q=%22mini%20visseuse%20sans%20fil%22&search_type=keyword_exact_phrase,2026-10-04,firecrawl_scrape,"""mini visseuse sans fil"" [keyword_exact_phrase]",freeform,MESURÉ,ok,,e1-7
E0562,P2,mini-cordless-screwdriver-bit-set,Mini visseuse sans fil rechargeable avec coffret d'embouts,Small rechargeable cordless screwdriver with bit set,bricolage,ÉLIMINÉ : étage 2 : prix 64.9 € < 4 × coût livré (18.3 €),,O,meta_fr_results,22,résultats,22 résultats,n/a,https://www.facebook.com/ads/library/?active_status=active&ad_type=all&country=FR&media_type=all&q=tournevis%20%C3%A9lectrique%20rechargeable&search_type=keyword_unordered,2026-10-04,firecrawl_scrape,tournevis électrique rechargeable [keyword_unordered],freeform,MESURÉ,ok,,e1-7
E0563,P2,mini-cordless-screwdriver-bit-set,Mini visseuse sans fil rechargeable avec coffret d'embouts,Small rechargeable cordless screwdriver with bit set,bricolage,ÉLIMINÉ : étage 2 : prix 64.9 € < 4 × coût livré (18.3 €),,O,meta_fr_advertisers_distinct,4,"annonceurs (cartes vues, lot partiel)",Copensunny 3 jan 2026 ID 893978783575291 COPENSUNNY.COM | Biaotic store 3 jan 2026 ID 2413587655752211 BIAOTIC.COM | Grange des loups 10 sep 2026 ID 1723380955550664 WWW.AMAZON.FR | Middo 23 sep 2026 ID 1795583268844444 MIDDO-PARIS.FR,n/a,https://www.facebook.com/ads/library/?active_status=active&ad_type=all&country=FR&media_type=all&q=tournevis%20%C3%A9lectrique%20rechargeable&search_type=keyword_unordered,2026-10-04,firecrawl_scrape,tournevis électrique rechargeable (keyword_unordered),freeform,ESTIMATION,ok,,e1-7
E0564,P2,mini-cordless-screwdriver-bit-set,Mini visseuse sans fil rechargeable avec coffret d'embouts,Small rechargeable cordless screwdriver with bit set,bricolage,ÉLIMINÉ : étage 2 : prix 64.9 € < 4 × coût livré (18.3 €),,O,meta_fr_ad,274,jours,Copensunny — Started running on 3 jan 2026 — Library ID 893978783575291 — COPENSUNNY.COM,893978783575291,https://www.facebook.com/ads/library/?active_status=active&ad_type=all&country=FR&media_type=all&q=tournevis%20%C3%A9lectrique%20rechargeable&search_type=keyword_unordered,2026-10-04,firecrawl_scrape,tournevis électrique rechargeable (keyword_unordered),freeform,MESURÉ,ok,,e1-7
E0565,P2,mini-cordless-screwdriver-bit-set,Mini visseuse sans fil rechargeable avec coffret d'embouts,Small rechargeable cordless screwdriver with bit set,bricolage,ÉLIMINÉ : étage 2 : prix 64.9 € < 4 × coût livré (18.3 €),,O,meta_fr_ad,274,jours,Biaotic store — Started running on 3 jan 2026 — Library ID 2413587655752211 — BIAOTIC.COM,2413587655752211,https://www.facebook.com/ads/library/?active_status=active&ad_type=all&country=FR&media_type=all&q=tournevis%20%C3%A9lectrique%20rechargeable&search_type=keyword_unordered,2026-10-04,firecrawl_scrape,tournevis électrique rechargeable (keyword_unordered),freeform,MESURÉ,ok,,e1-7
E0566,P2,mini-cordless-screwdriver-bit-set,Mini visseuse sans fil rechargeable avec coffret d'embouts,Small rechargeable cordless screwdriver with bit set,bricolage,ÉLIMINÉ : étage 2 : prix 64.9 € < 4 × coût livré (18.3 €),,O,meta_fr_ad,24,jours,Grange des loups — Started running on 10 sep 2026 — Library ID 1723380955550664 — WWW.AMAZON.FR,1723380955550664,https://www.facebook.com/ads/library/?active_status=active&ad_type=all&country=FR&media_type=all&q=tournevis%20%C3%A9lectrique%20rechargeable&search_type=keyword_unordered,2026-10-04,firecrawl_scrape,tournevis électrique rechargeable (keyword_unordered),freeform,MESURÉ,ok,,e1-7
E0567,P2,mini-cordless-screwdriver-bit-set,Mini visseuse sans fil rechargeable avec coffret d'embouts,Small rechargeable cordless screwdriver with bit set,bricolage,ÉLIMINÉ : étage 2 : prix 64.9 € < 4 × coût livré (18.3 €),,O,meta_fr_ad,11,jours,Middo — Started running on 23 sep 2026 — Library ID 1795583268844444 — MIDDO-PARIS.FR,1795583268844444,https://www.facebook.com/ads/library/?active_status=active&ad_type=all&country=FR&media_type=all&q=tournevis%20%C3%A9lectrique%20rechargeable&search_type=keyword_unordered,2026-10-04,firecrawl_scrape,tournevis électrique rechargeable (keyword_unordered),freeform,MESURÉ,ok,,e1-7
E0568,P2,self-leveling-cross-line-laser-level,Niveau laser autonivelant à lignes croisées,Self-leveling cross-line laser level,bricolage,ÉLIMINÉ : étage 2 : prix 124.9 € < 4 × coût livré (32.88 €),,O,meta_fr_results,76,résultats,76 résultats,n/a,https://www.facebook.com/ads/library/?active_status=active&ad_type=all&country=FR&media_type=all&q=%22niveau%20laser%22&search_type=keyword_exact_phrase,2026-10-04,firecrawl_scrape,"""niveau laser"" [keyword_exact_phrase]",freeform,MESURÉ,ok,,e1-7
E0569,P2,self-leveling-cross-line-laser-level,Niveau laser autonivelant à lignes croisées,Self-leveling cross-line laser level,bricolage,ÉLIMINÉ : étage 2 : prix 124.9 € < 4 × coût livré (32.88 €),,O,meta_fr_advertisers_distinct,6,"annonceurs (cartes vues, lot partiel)",Huepar France 2 jan 2026 ID 860009310124824 fr.huepar.com | Copensunny 12 mai 2026 ID 2144028309688350 copensunny.com | Bluromi store 6 juil 2026 ID 2066078634786990 bluromi.com | kardone.fr 23 août 2026 ID 4526099360942607 www.kardone.fr | Joyeloo 1 sep 2026 ID 2295290434629424 newjoyloo.com | Loma,n/a,https://www.facebook.com/ads/library/?active_status=active&ad_type=all&country=FR&media_type=all&q=%22niveau%20laser%22&search_type=keyword_exact_phrase,2026-10-04,firecrawl_scrape,"""niveau laser"" (keyword_exact_phrase)",freeform,ESTIMATION,ok,,e1-7
E0570,P2,self-leveling-cross-line-laser-level,Niveau laser autonivelant à lignes croisées,Self-leveling cross-line laser level,bricolage,ÉLIMINÉ : étage 2 : prix 124.9 € < 4 × coût livré (32.88 €),,O,meta_fr_ad,275,jours,Huepar France — Started running on 2 jan 2026 — Library ID 860009310124824 — fr.huepar.com,860009310124824,https://www.facebook.com/ads/library/?active_status=active&ad_type=all&country=FR&media_type=all&q=%22niveau%20laser%22&search_type=keyword_exact_phrase,2026-10-04,firecrawl_scrape,"""niveau laser"" (keyword_exact_phrase)",freeform,MESURÉ,ok,,e1-7
E0571,P2,self-leveling-cross-line-laser-level,Niveau laser autonivelant à lignes croisées,Self-leveling cross-line laser level,bricolage,ÉLIMINÉ : étage 2 : prix 124.9 € < 4 × coût livré (32.88 €),,O,meta_fr_ad,145,jours,Copensunny — Started running on 12 mai 2026 — Library ID 2144028309688350 — copensunny.com,2144028309688350,https://www.facebook.com/ads/library/?active_status=active&ad_type=all&country=FR&media_type=all&q=%22niveau%20laser%22&search_type=keyword_exact_phrase,2026-10-04,firecrawl_scrape,"""niveau laser"" (keyword_exact_phrase)",freeform,MESURÉ,ok,,e1-7
E0572,P2,self-leveling-cross-line-laser-level,Niveau laser autonivelant à lignes croisées,Self-leveling cross-line laser level,bricolage,ÉLIMINÉ : étage 2 : prix 124.9 € < 4 × coût livré (32.88 €),,O,meta_fr_ad,90,jours,Bluromi store — Started running on 6 juil 2026 — Library ID 2066078634786990 — bluromi.com,2066078634786990,https://www.facebook.com/ads/library/?active_status=active&ad_type=all&country=FR&media_type=all&q=%22niveau%20laser%22&search_type=keyword_exact_phrase,2026-10-04,firecrawl_scrape,"""niveau laser"" (keyword_exact_phrase)",freeform,MESURÉ,ok,,e1-7
E0573,P2,self-leveling-cross-line-laser-level,Niveau laser autonivelant à lignes croisées,Self-leveling cross-line laser level,bricolage,ÉLIMINÉ : étage 2 : prix 124.9 € < 4 × coût livré (32.88 €),,O,meta_fr_ad,42,jours,kardone.fr — Started running on 23 août 2026 — Library ID 4526099360942607 — www.kardone.fr,4526099360942607,https://www.facebook.com/ads/library/?active_status=active&ad_type=all&country=FR&media_type=all&q=%22niveau%20laser%22&search_type=keyword_exact_phrase,2026-10-04,firecrawl_scrape,"""niveau laser"" (keyword_exact_phrase)",freeform,MESURÉ,ok,,e1-7
E0574,P2,self-leveling-cross-line-laser-level,Niveau laser autonivelant à lignes croisées,Self-leveling cross-line laser level,bricolage,ÉLIMINÉ : étage 2 : prix 124.9 € < 4 × coût livré (32.88 €),,O,meta_fr_ad,33,jours,Joyeloo — Started running on 1 sep 2026 — Library ID 2295290434629424 — newjoyloo.com,2295290434629424,https://www.facebook.com/ads/library/?active_status=active&ad_type=all&country=FR&media_type=all&q=%22niveau%20laser%22&search_type=keyword_exact_phrase,2026-10-04,firecrawl_scrape,"""niveau laser"" (keyword_exact_phrase)",freeform,MESURÉ,ok,,e1-7
E0575,P2,self-leveling-cross-line-laser-level,Niveau laser autonivelant à lignes croisées,Self-leveling cross-line laser level,bricolage,ÉLIMINÉ : étage 2 : prix 124.9 € < 4 × coût livré (32.88 €),,O,meta_fr_ad,9,jours,Lomali — Started running on 25 sep 2026 — Library ID 1108919491647178 — ,1108919491647178,https://www.facebook.com/ads/library/?active_status=active&ad_type=all&country=FR&media_type=all&q=%22niveau%20laser%22&search_type=keyword_exact_phrase,2026-10-04,firecrawl_scrape,"""niveau laser"" (keyword_exact_phrase)",freeform,MESURÉ,ok,,e1-7
E0576,P2,mini-thermal-sticker-printer,Mini imprimante thermique portable sans encre,Inkless mini portable thermal sticker printer (incl. AI voice version),bureau-tech,ÉLIMINÉ : étage 2 : prix 39.9 € < 4 × coût livré (21.09 €),,O,meta_fr_results,9,résultats,9 résultats,n/a,https://www.facebook.com/ads/library/?active_status=active&ad_type=all&country=FR&media_type=all&q=%22mini%20imprimante%20thermique%22&search_type=keyword_exact_phrase,2026-10-04,firecrawl_scrape,"""mini imprimante thermique"" [keyword_exact_phrase]",freeform,MESURÉ,ok,,e1-7
E0577,P2,mini-thermal-sticker-printer,Mini imprimante thermique portable sans encre,Inkless mini portable thermal sticker printer (incl. AI voice version),bureau-tech,ÉLIMINÉ : étage 2 : prix 39.9 € < 4 × coût livré (21.09 €),,O,meta_fr_results,40,résultats,40 résultats,n/a,https://www.facebook.com/ads/library/?active_status=active&ad_type=all&country=FR&media_type=all&q=imprimante%20portable%20sans%20encre&search_type=keyword_unordered,2026-10-04,firecrawl_scrape,imprimante portable sans encre [keyword_unordered],freeform,MESURÉ,ok,,e1-7
E0578,P2,mini-thermal-sticker-printer,Mini imprimante thermique portable sans encre,Inkless mini portable thermal sticker printer (incl. AI voice version),bureau-tech,ÉLIMINÉ : étage 2 : prix 39.9 € < 4 × coût livré (21.09 €),,O,meta_fr_advertisers_distinct,6,"annonceurs (cartes vues, lot partiel)",TeddyprintStore 9 avr 2025 ID 2464981517196851 www.teddyprintpocket.fr | Flippy Price - New Arrivals 9 avr 2025 ID 656247867129682  | Eclire France 25 oct 2025 ID 658273440475977 eclire.com | Copensunny 2 août 2026 ID 822989507474993 copensunny.com | Biaotic store 24 sep 2026 ID 1557807098894284 bia,n/a,https://www.facebook.com/ads/library/?active_status=active&ad_type=all&country=FR&media_type=all&q=imprimante%20portable%20sans%20encre&search_type=keyword_unordered,2026-10-04,firecrawl_scrape,imprimante portable sans encre (keyword_unordered),freeform,ESTIMATION,ok,,e1-7
E0579,P2,mini-thermal-sticker-printer,Mini imprimante thermique portable sans encre,Inkless mini portable thermal sticker printer (incl. AI voice version),bureau-tech,ÉLIMINÉ : étage 2 : prix 39.9 € < 4 × coût livré (21.09 €),,O,meta_fr_ad,543,jours,TeddyprintStore — Started running on 9 avr 2025 — Library ID 2464981517196851 — www.teddyprintpocket.fr,2464981517196851,https://www.facebook.com/ads/library/?active_status=active&ad_type=all&country=FR&media_type=all&q=imprimante%20portable%20sans%20encre&search_type=keyword_unordered,2026-10-04,firecrawl_scrape,imprimante portable sans encre (keyword_unordered),freeform,MESURÉ,ok,,e1-7
E0580,P2,mini-thermal-sticker-printer,Mini imprimante thermique portable sans encre,Inkless mini portable thermal sticker printer (incl. AI voice version),bureau-tech,ÉLIMINÉ : étage 2 : prix 39.9 € < 4 × coût livré (21.09 €),,O,meta_fr_ad,543,jours,Flippy Price - New Arrivals — Started running on 9 avr 2025 — Library ID 656247867129682 — ,656247867129682,https://www.facebook.com/ads/library/?active_status=active&ad_type=all&country=FR&media_type=all&q=imprimante%20portable%20sans%20encre&search_type=keyword_unordered,2026-10-04,firecrawl_scrape,imprimante portable sans encre (keyword_unordered),freeform,MESURÉ,ok,,e1-7
E0581,P2,mini-thermal-sticker-printer,Mini imprimante thermique portable sans encre,Inkless mini portable thermal sticker printer (incl. AI voice version),bureau-tech,ÉLIMINÉ : étage 2 : prix 39.9 € < 4 × coût livré (21.09 €),,O,meta_fr_ad,344,jours,Eclire France — Started running on 25 oct 2025 — Library ID 658273440475977 — eclire.com,658273440475977,https://www.facebook.com/ads/library/?active_status=active&ad_type=all&country=FR&media_type=all&q=imprimante%20portable%20sans%20encre&search_type=keyword_unordered,2026-10-04,firecrawl_scrape,imprimante portable sans encre (keyword_unordered),freeform,MESURÉ,ok,,e1-7
E0582,P2,mini-thermal-sticker-printer,Mini imprimante thermique portable sans encre,Inkless mini portable thermal sticker printer (incl. AI voice version),bureau-tech,ÉLIMINÉ : étage 2 : prix 39.9 € < 4 × coût livré (21.09 €),,O,meta_fr_ad,63,jours,Copensunny — Started running on 2 août 2026 — Library ID 822989507474993 — copensunny.com,822989507474993,https://www.facebook.com/ads/library/?active_status=active&ad_type=all&country=FR&media_type=all&q=imprimante%20portable%20sans%20encre&search_type=keyword_unordered,2026-10-04,firecrawl_scrape,imprimante portable sans encre (keyword_unordered),freeform,MESURÉ,ok,,e1-7
E0583,P2,mini-thermal-sticker-printer,Mini imprimante thermique portable sans encre,Inkless mini portable thermal sticker printer (incl. AI voice version),bureau-tech,ÉLIMINÉ : étage 2 : prix 39.9 € < 4 × coût livré (21.09 €),,O,meta_fr_ad,10,jours,Biaotic store — Started running on 24 sep 2026 — Library ID 1557807098894284 — biaotic.com,1557807098894284,https://www.facebook.com/ads/library/?active_status=active&ad_type=all&country=FR&media_type=all&q=imprimante%20portable%20sans%20encre&search_type=keyword_unordered,2026-10-04,firecrawl_scrape,imprimante portable sans encre (keyword_unordered),freeform,MESURÉ,ok,,e1-7
E0584,P2,mini-thermal-sticker-printer,Mini imprimante thermique portable sans encre,Inkless mini portable thermal sticker printer (incl. AI voice version),bureau-tech,ÉLIMINÉ : étage 2 : prix 39.9 € < 4 × coût livré (21.09 €),,O,meta_fr_ad,10,jours,SofiAvenue — Started running on 24 sep 2026 — Library ID 2274050666763666 — sofiavenue.com,2274050666763666,https://www.facebook.com/ads/library/?active_status=active&ad_type=all&country=FR&media_type=all&q=imprimante%20portable%20sans%20encre&search_type=keyword_unordered,2026-10-04,firecrawl_scrape,imprimante portable sans encre (keyword_unordered),freeform,MESURÉ,ok,,e1-7
E0585,P2,bluetooth-label-maker,Étiqueteuse Bluetooth portable,Portable Bluetooth label maker,maison-rangement,,,O,meta_fr_results,0,résultats,Aucune publicité ne correspond à vos critères de recherche,n/a,https://www.facebook.com/ads/library/?active_status=active&ad_type=all&country=FR&media_type=all&q=%22%C3%A9tiqueteuse%20bluetooth%22&search_type=keyword_exact_phrase,2026-10-04,firecrawl_scrape,"""étiqueteuse bluetooth"" [keyword_exact_phrase]",freeform,MESURÉ,ok,,e1-7
E0586,P2,bluetooth-label-maker,Étiqueteuse Bluetooth portable,Portable Bluetooth label maker,maison-rangement,,,O,meta_fr_results,0,résultats,Aucune publicité ne correspond à vos critères de recherche.,n/a,https://www.facebook.com/ads/library/?active_status=active&ad_type=all&country=FR&media_type=all&q=%C3%A9tiqueteuse%20portable&search_type=keyword_unordered,2026-10-04,firecrawl_scrape,étiqueteuse portable [keyword_unordered],freeform,MESURÉ,ok,,e1-7
E0587,P2,bluetooth-label-maker,Étiqueteuse Bluetooth portable,Portable Bluetooth label maker,maison-rangement,,,O,meta_fr_advertisers_distinct,0,annonceurs (cartes vues),,n/a,https://www.facebook.com/ads/library/?active_status=active&ad_type=all&country=FR&media_type=all&q=%C3%A9tiqueteuse%20portable&search_type=keyword_unordered,2026-10-04,firecrawl_scrape,étiqueteuse portable (keyword_unordered),freeform,ESTIMATION,ok,,e1-7
E0588,P2,vacuum-suction-phone-mount,Support de téléphone à ventouse sous vide,Vacuum suction phone mount,bureau-tech,ÉLIMINÉ : étage 2 : panier moyen 37.23 € < 45 €,,O,meta_fr_results,0,résultats,Aucune publicité ne correspond à vos critères de recherche.,n/a,https://www.facebook.com/ads/library/?active_status=active&ad_type=all&country=FR&media_type=all&q=%22support%20t%C3%A9l%C3%A9phone%20ventouse%22&search_type=keyword_exact_phrase,2026-10-04,firecrawl_scrape,"""support téléphone ventouse"" [keyword_exact_phrase]",freeform,MESURÉ,ok,,e1-8
E0589,P2,vacuum-suction-phone-mount,Support de téléphone à ventouse sous vide,Vacuum suction phone mount,bureau-tech,ÉLIMINÉ : étage 2 : panier moyen 37.23 € < 45 €,,O,meta_fr_results,9,résultats,9 résultats,n/a,https://www.facebook.com/ads/library/?active_status=active&ad_type=all&country=FR&media_type=all&q=support%20t%C3%A9l%C3%A9phone%20sous%20vide&search_type=keyword_unordered,2026-10-04,firecrawl_scrape,support téléphone sous vide [keyword_unordered],freeform,MESURÉ,ok,,e1-8
E0590,P2,vacuum-suction-phone-mount,Support de téléphone à ventouse sous vide,Vacuum suction phone mount,bureau-tech,ÉLIMINÉ : étage 2 : panier moyen 37.23 € < 45 €,,O,meta_fr_advertisers_distinct,2,annonceurs (cartes vues),Wedinery D 31 juil 2025 ID 733987509467753 wedinery.com | Statik 25 juil 2026 ID 1021140234221928 statik.com,n/a,https://www.facebook.com/ads/library/?active_status=active&ad_type=all&country=FR&media_type=all&q=support%20t%C3%A9l%C3%A9phone%20sous%20vide&search_type=keyword_unordered,2026-10-04,firecrawl_scrape,support téléphone sous vide (keyword_unordered),freeform,ESTIMATION,ok,,e1-8
E0591,P2,vacuum-suction-phone-mount,Support de téléphone à ventouse sous vide,Vacuum suction phone mount,bureau-tech,ÉLIMINÉ : étage 2 : panier moyen 37.23 € < 45 €,,O,meta_fr_ad,430,jours,Wedinery D — Started running on 31 juil 2025 — Library ID 733987509467753 — wedinery.com,733987509467753,https://www.facebook.com/ads/library/?active_status=active&ad_type=all&country=FR&media_type=all&q=support%20t%C3%A9l%C3%A9phone%20sous%20vide&search_type=keyword_unordered,2026-10-04,firecrawl_scrape,support téléphone sous vide (keyword_unordered),freeform,MESURÉ,ok,,e1-8
E0592,P2,vacuum-suction-phone-mount,Support de téléphone à ventouse sous vide,Vacuum suction phone mount,bureau-tech,ÉLIMINÉ : étage 2 : panier moyen 37.23 € < 45 €,,O,meta_fr_ad,71,jours,Statik — Started running on 25 juil 2026 — Library ID 1021140234221928 — statik.com,1021140234221928,https://www.facebook.com/ads/library/?active_status=active&ad_type=all&country=FR&media_type=all&q=support%20t%C3%A9l%C3%A9phone%20sous%20vide&search_type=keyword_unordered,2026-10-04,firecrawl_scrape,support téléphone sous vide (keyword_unordered),freeform,MESURÉ,ok,,e1-8
E0593,P2,desk-clamp-tablet-phone-arm,Bras support à pince pour téléphone et tablette,Desk clamp phone and tablet mount arm,bureau-tech,,,O,meta_fr_results,0,résultats,Aucune publicité ne correspond à vos critères de recherche.,n/a,https://www.facebook.com/ads/library/?active_status=active&ad_type=all&country=FR&media_type=all&q=%22support%20tablette%20bureau%22&search_type=keyword_exact_phrase,2026-10-04,firecrawl_scrape,"""support tablette bureau"" [keyword_exact_phrase]",freeform,MESURÉ,ok,,e1-8
E0594,P2,desk-clamp-tablet-phone-arm,Bras support à pince pour téléphone et tablette,Desk clamp phone and tablet mount arm,bureau-tech,,,O,meta_fr_results,1,résultats,1 résultat,n/a,https://www.facebook.com/ads/library/?active_status=active&ad_type=all&country=FR&media_type=all&q=bras%20articul%C3%A9%20tablette&search_type=keyword_unordered,2026-10-04,firecrawl_scrape,bras articulé tablette [keyword_unordered],freeform,MESURÉ,ok,,e1-8
E0595,P2,desk-clamp-tablet-phone-arm,Bras support à pince pour téléphone et tablette,Desk clamp phone and tablet mount arm,bureau-tech,,,O,meta_fr_advertisers_distinct,0,annonceurs (cartes vues),,n/a,https://www.facebook.com/ads/library/?active_status=active&ad_type=all&country=FR&media_type=all&q=bras%20articul%C3%A9%20tablette&search_type=keyword_unordered,2026-10-04,firecrawl_scrape,bras articulé tablette (keyword_unordered),freeform,ESTIMATION,ok,,e1-8
E0596,P2,magnetic-gym-phone-mount,Support téléphone magnétique pour salle de sport,Magnetic gym phone mount,sport-plein-air,,,O,meta_fr_results,0,résultats,Aucune publicité ne correspond à vos critères de recherche.,n/a,https://www.facebook.com/ads/library/?active_status=active&ad_type=all&country=FR&media_type=all&q=%22support%20t%C3%A9l%C3%A9phone%20salle%20de%20sport%22&search_type=keyword_exact_phrase,2026-10-04,firecrawl_scrape,"""support téléphone salle de sport"" [keyword_exact_phrase]",freeform,MESURÉ,ok,,e1-8
E0597,P2,magnetic-gym-phone-mount,Support téléphone magnétique pour salle de sport,Magnetic gym phone mount,sport-plein-air,,,O,meta_fr_results,0,résultats,Aucune publicité ne correspond à vos critères de recherche.,n/a,https://www.facebook.com/ads/library/?active_status=active&ad_type=all&country=FR&media_type=all&q=support%20t%C3%A9l%C3%A9phone%20magn%C3%A9tique%20musculation&search_type=keyword_unordered,2026-10-04,firecrawl_scrape,support téléphone magnétique musculation [keyword_unordered],freeform,MESURÉ,ok,,e1-8
E0598,P2,magnetic-gym-phone-mount,Support téléphone magnétique pour salle de sport,Magnetic gym phone mount,sport-plein-air,,,O,meta_fr_advertisers_distinct,0,annonceurs (cartes vues),,n/a,https://www.facebook.com/ads/library/?active_status=active&ad_type=all&country=FR&media_type=all&q=%22support%20t%C3%A9l%C3%A9phone%20salle%20de%20sport%22&search_type=keyword_exact_phrase,2026-10-04,firecrawl_scrape,"""support téléphone salle de sport"" (keyword_exact_phrase)",freeform,ESTIMATION,ok,,e1-8
E0599,P2,smart-mug-warmer,Chauffe-tasse intelligent,Smart mug warmer,cadeau-lifestyle,,,O,meta_fr_results,0,résultats,Aucune publicité ne correspond à vos critères de recherche.,n/a,https://www.facebook.com/ads/library/?active_status=active&ad_type=all&country=FR&media_type=all&q=%22chauffe-tasse%22&search_type=keyword_exact_phrase,2026-10-04,firecrawl_scrape,"""chauffe-tasse"" [keyword_exact_phrase]",freeform,MESURÉ,ok,,e1-8
E0600,P2,smart-mug-warmer,Chauffe-tasse intelligent,Smart mug warmer,cadeau-lifestyle,,,O,meta_fr_results,1,résultats,1 résultat,n/a,https://www.facebook.com/ads/library/?active_status=active&ad_type=all&country=FR&media_type=all&q=chauffe%20tasse%20%C3%A9lectrique&search_type=keyword_unordered,2026-10-04,firecrawl_scrape,chauffe tasse électrique [keyword_unordered],freeform,MESURÉ,ok,,e1-8
E0601,P2,smart-mug-warmer,Chauffe-tasse intelligent,Smart mug warmer,cadeau-lifestyle,,,O,meta_fr_advertisers_distinct,0,annonceurs (cartes vues),,n/a,https://www.facebook.com/ads/library/?active_status=active&ad_type=all&country=FR&media_type=all&q=%22chauffe-tasse%22&search_type=keyword_exact_phrase,2026-10-04,firecrawl_scrape,"""chauffe-tasse"" (keyword_exact_phrase)",freeform,ESTIMATION,ok,,e1-8
E0602,P2,vertical-laptop-stand-dock,Support vertical pour ordinateur portable,Vertical laptop stand dock,bureau-tech,,,O,meta_fr_results,0,résultats,Aucune publicité ne correspond à vos critères de recherche.,n/a,https://www.facebook.com/ads/library/?active_status=active&ad_type=all&country=FR&media_type=all&q=%22support%20vertical%20ordinateur%20portable%22&search_type=keyword_exact_phrase,2026-10-04,firecrawl_scrape,"""support vertical ordinateur portable"" [keyword_exact_phrase]",freeform,MESURÉ,ok,,e1-8
E0603,P2,vertical-laptop-stand-dock,Support vertical pour ordinateur portable,Vertical laptop stand dock,bureau-tech,,,O,meta_fr_results,0,résultats,Aucune publicité ne correspond à vos critères de recherche.,n/a,https://www.facebook.com/ads/library/?active_status=active&ad_type=all&country=FR&media_type=all&q=dock%20vertical%20macbook&search_type=keyword_unordered,2026-10-04,firecrawl_scrape,dock vertical macbook [keyword_unordered],freeform,MESURÉ,ok,,e1-8
E0604,P2,vertical-laptop-stand-dock,Support vertical pour ordinateur portable,Vertical laptop stand dock,bureau-tech,,,O,meta_fr_advertisers_distinct,0,annonceurs (cartes vues),,n/a,https://www.facebook.com/ads/library/?active_status=active&ad_type=all&country=FR&media_type=all&q=%22support%20vertical%20ordinateur%20portable%22&search_type=keyword_exact_phrase,2026-10-04,firecrawl_scrape,"""support vertical ordinateur portable"" (keyword_exact_phrase)",freeform,ESTIMATION,ok,,e1-8
E0605,P2,message-card-pendant-necklace,Collier pendentif avec carte message en coffret,Pendant necklace with message card gift box,cadeau-lifestyle,,,O,meta_fr_results,0,résultats,Aucune publicité ne correspond à vos critères de recherche.,n/a,https://www.facebook.com/ads/library/?active_status=active&ad_type=all&country=FR&media_type=all&q=%22collier%20avec%20carte%20message%22&search_type=keyword_exact_phrase,2026-10-04,firecrawl_scrape,"""collier avec carte message"" [keyword_exact_phrase]",freeform,MESURÉ,ok,,e1-9
E0606,P2,message-card-pendant-necklace,Collier pendentif avec carte message en coffret,Pendant necklace with message card gift box,cadeau-lifestyle,,,O,meta_fr_results,760,résultats,760 résultats,n/a,https://www.facebook.com/ads/library/?active_status=active&ad_type=all&country=FR&media_type=all&q=collier%20cadeau%20maman&search_type=keyword_unordered,2026-10-04,firecrawl_scrape,collier cadeau maman [keyword_unordered],freeform,MESURÉ,ok,,e1-9
E0607,P2,message-card-pendant-necklace,Collier pendentif avec carte message en coffret,Pendant necklace with message card gift box,cadeau-lifestyle,,,O,meta_fr_advertisers_distinct,1,"annonceurs (cartes vues, lot partiel)",LumaLove le 27 juil 2026 ID 1844544719850358 mylumalove.com,n/a,https://www.facebook.com/ads/library/?active_status=active&ad_type=all&country=FR&media_type=all&q=collier%20cadeau%20maman&search_type=keyword_unordered,2026-10-04,firecrawl_scrape,collier cadeau maman (keyword_unordered),freeform,ESTIMATION,ok,,e1-9
E0608,P2,message-card-pendant-necklace,Collier pendentif avec carte message en coffret,Pendant necklace with message card gift box,cadeau-lifestyle,,,O,meta_fr_ad,69,jours,LumaLove — Started running on le 27 juil 2026 — Library ID 1844544719850358 — mylumalove.com,1844544719850358,https://www.facebook.com/ads/library/?active_status=active&ad_type=all&country=FR&media_type=all&q=collier%20cadeau%20maman&search_type=keyword_unordered,2026-10-04,firecrawl_scrape,collier cadeau maman (keyword_unordered),freeform,MESURÉ,ok,,e1-9
E0609,P2,manual-neck-shoulder-relief-tool,Outil manuel de détente nuque et épaules,Manual neck and shoulder relaxation tool,bien-etre-non-medical,,,O,meta_fr_results,0,résultats,Aucune publicité ne correspond à vos critères de recherche.,n/a,https://www.facebook.com/ads/library/?active_status=active&ad_type=all&country=FR&media_type=all&q=%22masseur%20cervical%20manuel%22&search_type=keyword_exact_phrase,2026-10-04,firecrawl_scrape,"""masseur cervical manuel"" [keyword_exact_phrase]",freeform,MESURÉ,ok,,e1-9
E0610,P2,manual-neck-shoulder-relief-tool,Outil manuel de détente nuque et épaules,Manual neck and shoulder relaxation tool,bien-etre-non-medical,,,O,meta_fr_results,0,résultats,Aucune publicité ne correspond à vos critères de recherche.,n/a,https://www.facebook.com/ads/library/?active_status=active&ad_type=all&country=FR&media_type=all&q=masseur%20nuque%20manuel&search_type=keyword_unordered,2026-10-04,firecrawl_scrape,masseur nuque manuel [keyword_unordered],freeform,MESURÉ,ok,,e1-9
E0611,P2,manual-neck-shoulder-relief-tool,Outil manuel de détente nuque et épaules,Manual neck and shoulder relaxation tool,bien-etre-non-medical,,,O,meta_fr_advertisers_distinct,0,annonceurs (cartes vues),,n/a,https://www.facebook.com/ads/library/?active_status=active&ad_type=all&country=FR&media_type=all&q=%22masseur%20cervical%20manuel%22&search_type=keyword_exact_phrase,2026-10-04,firecrawl_scrape,"""masseur cervical manuel"" (keyword_exact_phrase)",freeform,ESTIMATION,ok,,e1-9
E0612,P2,rechargeable-fabric-shaver,Rasoir anti-bouloches rechargeable,Rechargeable fabric shaver lint remover,maison-rangement,,,O,meta_fr_results,2,résultats,2 résultats,n/a,https://www.facebook.com/ads/library/?active_status=active&ad_type=all&country=FR&media_type=all&q=%22rasoir%20anti%20bouloche%22&search_type=keyword_exact_phrase,2026-10-04,firecrawl_scrape,"""rasoir anti bouloche"" [keyword_exact_phrase]",freeform,MESURÉ,ok,,e1-9
E0613,P2,rechargeable-fabric-shaver,Rasoir anti-bouloches rechargeable,Rechargeable fabric shaver lint remover,maison-rangement,,,O,meta_fr_results,1,résultats,1 résultat,n/a,https://www.facebook.com/ads/library/?active_status=active&ad_type=all&country=FR&media_type=all&q=anti%20bouloche%20%C3%A9lectrique&search_type=keyword_unordered,2026-10-04,firecrawl_scrape,anti bouloche électrique [keyword_unordered],freeform,MESURÉ,ok,,e1-9
E0614,P2,rechargeable-fabric-shaver,Rasoir anti-bouloches rechargeable,Rechargeable fabric shaver lint remover,maison-rangement,,,O,meta_fr_advertisers_distinct,1,annonceurs (cartes vues),Parisook 3 oct 2026 ID 970721922714266 parisook.com,n/a,https://www.facebook.com/ads/library/?active_status=active&ad_type=all&country=FR&media_type=all&q=%22rasoir%20anti%20bouloche%22&search_type=keyword_exact_phrase,2026-10-04,firecrawl_scrape,"""rasoir anti bouloche"" (keyword_exact_phrase)",freeform,ESTIMATION,ok,,e1-9
E0615,P2,rechargeable-fabric-shaver,Rasoir anti-bouloches rechargeable,Rechargeable fabric shaver lint remover,maison-rangement,,,O,meta_fr_ad,1,jours,Parisook — Started running on 3 oct 2026 — Library ID 970721922714266 — parisook.com,970721922714266,https://www.facebook.com/ads/library/?active_status=active&ad_type=all&country=FR&media_type=all&q=%22rasoir%20anti%20bouloche%22&search_type=keyword_exact_phrase,2026-10-04,firecrawl_scrape,"""rasoir anti bouloche"" (keyword_exact_phrase)",freeform,MESURÉ,ok,,e1-9
E0616,P2,under-desk-cable-tray,Goulotte range-câbles sous bureau,Under-desk cable management tray,bureau-tech,,,O,meta_fr_results,0,résultats,Aucune publicité ne correspond à vos critères de recherche.,n/a,https://www.facebook.com/ads/library/?active_status=active&ad_type=all&country=FR&media_type=all&q=%22range%20c%C3%A2ble%20bureau%22&search_type=keyword_exact_phrase,2026-10-04,firecrawl_scrape,"""range câble bureau"" [keyword_exact_phrase]",freeform,MESURÉ,ok,,e1-9
E0617,P2,under-desk-cable-tray,Goulotte range-câbles sous bureau,Under-desk cable management tray,bureau-tech,,,O,meta_fr_results,0,résultats,The provided page contains no results or ad cards.,n/a,https://www.facebook.com/ads/library/?active_status=active&ad_type=all&country=FR&media_type=all&q=goulotte%20sous%20bureau&search_type=keyword_unordered,2026-10-04,firecrawl_scrape,goulotte sous bureau [keyword_unordered],freeform,MESURÉ,ok,,e1-9
E0618,P2,under-desk-cable-tray,Goulotte range-câbles sous bureau,Under-desk cable management tray,bureau-tech,,,O,meta_fr_advertisers_distinct,0,annonceurs (cartes vues),,n/a,https://www.facebook.com/ads/library/?active_status=active&ad_type=all&country=FR&media_type=all&q=%22range%20c%C3%A2ble%20bureau%22&search_type=keyword_exact_phrase,2026-10-04,firecrawl_scrape,"""range câble bureau"" (keyword_exact_phrase)",freeform,ESTIMATION,ok,,e1-9
E0619,P2,electric-pet-massager,Masseur électrique pour chien et chat,Electric pet massager for dogs and cats,animaux,,,O,meta_fr_results,0,résultats,Aucune publicité ne correspond à vos critères de recherche.,n/a,https://www.facebook.com/ads/library/?active_status=active&ad_type=all&country=FR&media_type=all&q=%22masseur%20pour%20chien%22&search_type=keyword_exact_phrase,2026-10-04,firecrawl_scrape,"""masseur pour chien"" [keyword_exact_phrase]",freeform,MESURÉ,ok,,e1-9
E0620,P2,electric-pet-massager,Masseur électrique pour chien et chat,Electric pet massager for dogs and cats,animaux,,,O,meta_fr_results,0,résultats,Aucune publicité ne correspond à vos critères de recherche.,n/a,https://www.facebook.com/ads/library/?active_status=active&ad_type=all&country=FR&media_type=all&q=masseur%20%C3%A9lectrique%20chat&search_type=keyword_unordered,2026-10-04,firecrawl_scrape,masseur électrique chat [keyword_unordered],freeform,MESURÉ,ok,,e1-9
E0621,P2,electric-pet-massager,Masseur électrique pour chien et chat,Electric pet massager for dogs and cats,animaux,,,O,meta_fr_advertisers_distinct,0,annonceurs (cartes vues),,n/a,https://www.facebook.com/ads/library/?active_status=active&ad_type=all&country=FR&media_type=all&q=%22masseur%20pour%20chien%22&search_type=keyword_exact_phrase,2026-10-04,firecrawl_scrape,"""masseur pour chien"" (keyword_exact_phrase)",freeform,ESTIMATION,ok,,e1-9
E0622,P2,heated-ankle-foot-massager,Masseur de cheville et pied portable chauffant,Portable heated vibrating ankle and foot massager,bien-etre-non-medical,,,O,meta_fr_results,0,résultats,Aucune publicité ne correspond à vos critères de recherche.,n/a,https://www.facebook.com/ads/library/?active_status=active&ad_type=all&country=FR&media_type=all&q=%22masseur%20de%20pieds%20chauffant%22&search_type=keyword_exact_phrase,2026-10-04,firecrawl_scrape,"""masseur de pieds chauffant"" [keyword_exact_phrase]",freeform,MESURÉ,ok,,e1-10
E0623,P2,heated-ankle-foot-massager,Masseur de cheville et pied portable chauffant,Portable heated vibrating ankle and foot massager,bien-etre-non-medical,,,O,meta_fr_results,0,résultats,Aucune publicité ne correspond à vos critères de recherche.,n/a,https://www.facebook.com/ads/library/?active_status=active&ad_type=all&country=FR&media_type=all&q=masseur%20cheville%20portable&search_type=keyword_unordered,2026-10-04,firecrawl_scrape,masseur cheville portable [keyword_unordered],freeform,MESURÉ,ok,,e1-10
E0624,P2,heated-ankle-foot-massager,Masseur de cheville et pied portable chauffant,Portable heated vibrating ankle and foot massager,bien-etre-non-medical,,,O,meta_fr_advertisers_distinct,0,annonceurs (cartes vues),,n/a,https://www.facebook.com/ads/library/?active_status=active&ad_type=all&country=FR&media_type=all&q=%22masseur%20de%20pieds%20chauffant%22&search_type=keyword_exact_phrase,2026-10-04,firecrawl_scrape,"""masseur de pieds chauffant"" (exact phrase, FR, actives)",freeform,ESTIMATION,ok,,e1-10
E0625,P2,adhesive-silicone-door-draft-seal,Joint bas de porte adhésif en silicone,Adhesive silicone door sweep draft seal strip,bricolage,,,O,meta_fr_results,0,résultats,Aucune publicité ne correspond à vos critères de recherche.,n/a,https://www.facebook.com/ads/library/?active_status=active&ad_type=all&country=FR&media_type=all&q=%22bas%20de%20porte%20silicone%22&search_type=keyword_exact_phrase,2026-10-04,firecrawl_scrape,"""bas de porte silicone"" [keyword_exact_phrase]",freeform,MESURÉ,ok,,e1-10
E0626,P2,adhesive-silicone-door-draft-seal,Joint bas de porte adhésif en silicone,Adhesive silicone door sweep draft seal strip,bricolage,,,O,meta_fr_results,1,résultats,1 résultat,n/a,https://www.facebook.com/ads/library/?active_status=active&ad_type=all&country=FR&media_type=all&q=bande%20isolante%20porte&search_type=keyword_unordered,2026-10-04,firecrawl_scrape,bande isolante porte [keyword_unordered],freeform,MESURÉ,ok,,e1-10
E0627,P2,adhesive-silicone-door-draft-seal,Joint bas de porte adhésif en silicone,Adhesive silicone door sweep draft seal strip,bricolage,,,O,meta_fr_advertisers_distinct,1,annonceurs (cartes vues),Michael Carter 28 sep 2026 ID 1633588441728198 aquelie.com,n/a,https://www.facebook.com/ads/library/?active_status=active&ad_type=all&country=FR&media_type=all&q=bande%20isolante%20porte&search_type=keyword_unordered,2026-10-04,firecrawl_scrape,"bande isolante porte (non ordonné, FR, actives)",freeform,ESTIMATION,ok,,e1-10
E0628,P2,adhesive-silicone-door-draft-seal,Joint bas de porte adhésif en silicone,Adhesive silicone door sweep draft seal strip,bricolage,,,O,meta_fr_ad,6,jours,Michael Carter — Started running on 28 sep 2026 — Library ID 1633588441728198 — aquelie.com,1633588441728198,https://www.facebook.com/ads/library/?active_status=active&ad_type=all&country=FR&media_type=all&q=bande%20isolante%20porte&search_type=keyword_unordered,2026-10-04,firecrawl_scrape,"bande isolante porte (non ordonné, FR, actives)",freeform,MESURÉ,ok,,e1-10
E0629,P2,foldable-aluminum-laptop-stand,Support d'ordinateur portable pliable en aluminium,Foldable aluminum laptop stand,bureau-tech,,,O,meta_fr_results,0,résultats,Aucune publicité ne correspond à vos critères de recherche.,n/a,https://www.facebook.com/ads/library/?active_status=active&ad_type=all&country=FR&media_type=all&q=%22support%20ordinateur%20portable%22&search_type=keyword_exact_phrase,2026-10-04,firecrawl_scrape,"""support ordinateur portable"" [keyword_exact_phrase]",freeform,MESURÉ,ok,,e1-10
E0630,P2,foldable-aluminum-laptop-stand,Support d'ordinateur portable pliable en aluminium,Foldable aluminum laptop stand,bureau-tech,,,O,meta_fr_results,1,résultats,1 résultat,n/a,https://www.facebook.com/ads/library/?active_status=active&ad_type=all&country=FR&media_type=all&q=support%20ordinateur%20portable%20pliable&search_type=keyword_unordered,2026-10-04,firecrawl_scrape,support ordinateur portable pliable [keyword_unordered],freeform,MESURÉ,ok,,e1-10
E0631,P2,foldable-aluminum-laptop-stand,Support d'ordinateur portable pliable en aluminium,Foldable aluminum laptop stand,bureau-tech,,,O,meta_fr_advertisers_distinct,0,annonceurs (cartes vues),,n/a,https://www.facebook.com/ads/library/?active_status=active&ad_type=all&country=FR&media_type=all&q=support%20ordinateur%20portable%20pliable&search_type=keyword_unordered,2026-10-04,firecrawl_scrape,"support ordinateur portable pliable (non ordonné, FR, actives)",freeform,ESTIMATION,ok,,e1-10
E0632,P2,laptop-stand-usb-c-dock,Support PC portable avec station d'accueil USB-C intégrée,Laptop stand with built-in USB-C docking station,bureau-tech,,,O,meta_fr_results,0,résultats,Aucune publicité ne correspond à vos critères de recherche.,n/a,https://www.facebook.com/ads/library/?active_status=active&ad_type=all&country=FR&media_type=all&q=%22support%20PC%20portable%22&search_type=keyword_exact_phrase,2026-10-04,firecrawl_scrape,"""support PC portable"" [keyword_exact_phrase]",freeform,MESURÉ,ok,,e1-10
E0633,P2,laptop-stand-usb-c-dock,Support PC portable avec station d'accueil USB-C intégrée,Laptop stand with built-in USB-C docking station,bureau-tech,,,O,meta_fr_results,0,résultats,Aucune publicité ne correspond à vos critères de recherche.,n/a,https://www.facebook.com/ads/library/?active_status=active&ad_type=all&country=FR&media_type=all&q=rehausseur%20laptop%20USB-C&search_type=keyword_unordered,2026-10-04,firecrawl_scrape,rehausseur laptop USB-C [keyword_unordered],freeform,MESURÉ,ok,,e1-10
E0634,P2,laptop-stand-usb-c-dock,Support PC portable avec station d'accueil USB-C intégrée,Laptop stand with built-in USB-C docking station,bureau-tech,,,O,meta_fr_advertisers_distinct,0,annonceurs (cartes vues),,n/a,https://www.facebook.com/ads/library/?active_status=active&ad_type=all&country=FR&media_type=all&q=%22support%20PC%20portable%22&search_type=keyword_exact_phrase,2026-10-04,firecrawl_scrape,"""support PC portable"" (exact phrase, FR, actives)",freeform,ESTIMATION,ok,,e1-10
E0635,P2,cup-holder-car-phone-mount,Support téléphone pour porte-gobelet de voiture,Cup holder phone mount for car,auto-voyage,,,O,meta_fr_results,0,résultats,Aucune publicité ne correspond à vos critères de recherche.,n/a,https://www.facebook.com/ads/library/?active_status=active&ad_type=all&country=FR&media_type=all&q=%22support%20t%C3%A9l%C3%A9phone%20porte-gobelet%22&search_type=keyword_exact_phrase,2026-10-04,firecrawl_scrape,"""support téléphone porte-gobelet"" [keyword_exact_phrase]",freeform,MESURÉ,ok,,e1-10
E0636,P2,cup-holder-car-phone-mount,Support téléphone pour porte-gobelet de voiture,Cup holder phone mount for car,auto-voyage,,,O,meta_fr_results,5,résultats,5 résultats,n/a,https://www.facebook.com/ads/library/?active_status=active&ad_type=all&country=FR&media_type=all&q=support%20smartphone%20voiture%20porte-gobelet&search_type=keyword_unordered,2026-10-04,firecrawl_scrape,support smartphone voiture porte-gobelet [keyword_unordered],freeform,MESURÉ,ok,,e1-10
E0637,P2,cup-holder-car-phone-mount,Support téléphone pour porte-gobelet de voiture,Cup holder phone mount for car,auto-voyage,,,O,meta_fr_advertisers_distinct,1,"annonceurs (cartes vues, lot partiel)",Retro Shop 23 juil 2026 ID 1581668346951127 facebook.com,n/a,https://www.facebook.com/ads/library/?active_status=active&ad_type=all&country=FR&media_type=all&q=support%20smartphone%20voiture%20porte-gobelet&search_type=keyword_unordered,2026-10-04,firecrawl_scrape,"support smartphone voiture porte-gobelet (non ordonné, FR, actives)",freeform,ESTIMATION,ok,,e1-10
E0638,P2,cup-holder-car-phone-mount,Support téléphone pour porte-gobelet de voiture,Cup holder phone mount for car,auto-voyage,,,O,meta_fr_ad,73,jours,Retro Shop — Started running on 23 juil 2026 — Library ID 1581668346951127 — facebook.com,1581668346951127,https://www.facebook.com/ads/library/?active_status=active&ad_type=all&country=FR&media_type=all&q=support%20smartphone%20voiture%20porte-gobelet&search_type=keyword_unordered,2026-10-04,firecrawl_scrape,"support smartphone voiture porte-gobelet (non ordonné, FR, actives)",freeform,MESURÉ,ok,,e1-10
E0639,P2,vacuum-suction-phone-mount,Support de téléphone à ventouse sous vide,Vacuum suction phone mount,bureau-tech,ÉLIMINÉ : étage 2 : panier moyen 37.23 € < 45 €,,O,aliexpress_min_price_eur,9.39,€,"13. Nouveau 360 ° Support magnétique d'aspiration sous vide réglable support de t
Price: 9,39€",n/a,https://fr.aliexpress.com/w/wholesale-vacuum-suction-cup-phone-holder-magnetic.html,2026-10-04,firecrawl_scrape,https://fr.aliexpress.com/w/wholesale-vacuum-suction-cup-phone-holder-magnetic.html,freeform,MESURÉ,ok,,e2-1
E0640,P2,vacuum-suction-phone-mount,Support de téléphone à ventouse sous vide,Vacuum suction phone mount,bureau-tech,ÉLIMINÉ : étage 2 : panier moyen 37.23 € < 45 €,,D,aliexpress_sold,1000,vendus,Vendus: + 1 000 vendus,n/a,https://fr.aliexpress.com/w/wholesale-vacuum-suction-cup-phone-holder-magnetic.html,2026-10-04,firecrawl_scrape,https://fr.aliexpress.com/w/wholesale-vacuum-suction-cup-phone-holder-magnetic.html,freeform,MESURÉ,ok,,e2-1
E0641,P2,vacuum-suction-phone-mount,Support de téléphone à ventouse sous vide,Vacuum suction phone mount,bureau-tech,ÉLIMINÉ : étage 2 : panier moyen 37.23 € < 45 €,,D,amazon_fr_price_eur,22.55,€ (identique),"Lamicall Car Phone Holder for MagSafe - Vacuum Suction Cup & 24X N55
Price: €22.55",B0FMD7BTKC,https://www.amazon.fr/s?k=support+téléphone+ventouse,2026-10-04,firecrawl_scrape,https://www.amazon.fr/s?k=support+téléphone+ventouse,freeform,MESURÉ,ok,,e2-1
E0642,P2,vacuum-suction-phone-mount,Support de téléphone à ventouse sous vide,Vacuum suction phone mount,bureau-tech,ÉLIMINÉ : étage 2 : panier moyen 37.23 € < 45 €,,D,amazon_fr_ratings,2000,avis,Number of ratings: 2K,B0FMD7BTKC,https://www.amazon.fr/s?k=support+téléphone+ventouse,2026-10-04,firecrawl_scrape,https://www.amazon.fr/s?k=support+téléphone+ventouse,freeform,MESURÉ,ok,,e2-1
E0643,P2,vacuum-suction-phone-mount,Support de téléphone à ventouse sous vide,Vacuum suction phone mount,bureau-tech,ÉLIMINÉ : étage 2 : panier moyen 37.23 € < 45 €,,D,amazon_fr_bought_past_month,500,achats/mois (badge),500+ bought in past month,B0FMD7BTKC,https://www.amazon.fr/s?k=support+téléphone+ventouse,2026-10-04,firecrawl_scrape,https://www.amazon.fr/s?k=support+téléphone+ventouse,freeform,MESURÉ,ok,,e2-1
E0644,P2,vacuum-suction-phone-mount,Support de téléphone à ventouse sous vide,Vacuum suction phone mount,bureau-tech,ÉLIMINÉ : étage 2 : panier moyen 37.23 € < 45 €,,O,temu_price_eur,,€ (fiche trouvée),"Support Téléphone Ventouse à Aspiration, Rotatif à 360°, de Ventouse Magnétique , Télescopique Adhésif, Adapté à une Utilisation en Voiture et à , avec un ...",n/a,https://www.temu.com/ca-fr/support-t%C3%A9l%C3%A9phone-ventouse-%C3%A0-aspiration-rotatif-%C3%A0-360--de-ventouse-magn%C3%A9tique---t%C3%A9lescopique--adh%C3%A9sif-adapt%C3%A9-%C3%A0-une-utilisation-en-voiture-et-%C3%A0--avec-un--de-bague-magn%C3%A9tique--g-601104702505960.html,2026-10-04,firecrawl_search,temu.com,search_snippet,NON MESURÉ,ok,,e2-1
E0645,P2,vacuum-suction-phone-mount,Support de téléphone à ventouse sous vide,Vacuum suction phone mount,bureau-tech,ÉLIMINÉ : étage 2 : panier moyen 37.23 € < 45 €,,-,target_price_eur,29.9,€ TTC visé,"Amazon.fr vend le même support à ventouse sous vide 22,55 € (Lamicall) et des supports à ventouse 9 à 18 € ; 29,90 € est le plafond crédible avec un pack, mais cela ne fait que 3,2 fois le coût AliExpress de 9,39 €, donc la règle des 4 fois N'EST PAS respectée.",n/a,,2026-10-04,agent,,freeform,ESTIMATION,ok,,e2-1
E0646,P2,vacuum-suction-phone-mount,Support de téléphone à ventouse sous vide,Vacuum suction phone mount,bureau-tech,ÉLIMINÉ : étage 2 : panier moyen 37.23 € < 45 €,,-,differentiation,1.2,€/unité,"Pack « miroir + voiture » : support sous vide + anneau magnétique adhésif pour les téléphones non MagSafe + chiffon de nettoyage de surface, présentés ensemble dans la vidéo (fixation sur un miroir de salle de bain en 1 geste).",n/a,,2026-10-04,agent,,freeform,ESTIMATION,ok,,e2-1
E0647,P2,rechargeable-hand-warmer,Chauffe-mains électrique rechargeable,"Rechargeable electric hand warmer (magnetic 2-pack, incl. spinner version)",sport-plein-air,ÉLIMINÉ : étage 2 : panier moyen 37.23 € < 45 €,,O,aliexpress_min_price_eur,17.19,€,"8. Chauffe-mains magnétique rechargeable, lot de 2, chauffe-mains portable, cadeau te
Price: 17,19€",n/a,https://fr.aliexpress.com/w/wholesale-rechargeable-hand-warmer-magnetic-2-pack.html,2026-10-04,firecrawl_scrape,https://fr.aliexpress.com/w/wholesale-rechargeable-hand-warmer-magnetic-2-pack.html,freeform,MESURÉ,ok,,e2-1
E0648,P2,rechargeable-hand-warmer,Chauffe-mains électrique rechargeable,"Rechargeable electric hand warmer (magnetic 2-pack, incl. spinner version)",sport-plein-air,ÉLIMINÉ : étage 2 : panier moyen 37.23 € < 45 €,,D,aliexpress_sold,600,vendus,Vendus: + 600 vendus,n/a,https://fr.aliexpress.com/w/wholesale-rechargeable-hand-warmer-magnetic-2-pack.html,2026-10-04,firecrawl_scrape,https://fr.aliexpress.com/w/wholesale-rechargeable-hand-warmer-magnetic-2-pack.html,freeform,MESURÉ,ok,,e2-1
E0649,P2,rechargeable-hand-warmer,Chauffe-mains électrique rechargeable,"Rechargeable electric hand warmer (magnetic 2-pack, incl. spinner version)",sport-plein-air,ÉLIMINÉ : étage 2 : panier moyen 37.23 € < 45 €,,D,amazon_fr_price_eur,14.99,€ (identique),"SWEETFULL Pack of 2 Rechargeable Hand Warmers 2 in 1 Magnetic 3 Modes
Price: €14.99",B0H71MYDBK,https://www.amazon.fr/s?k=chauffe-mains+rechargeable,2026-10-04,firecrawl_scrape,https://www.amazon.fr/s?k=chauffe-mains+rechargeable,freeform,MESURÉ,ok,,e2-1
E0650,P2,rechargeable-hand-warmer,Chauffe-mains électrique rechargeable,"Rechargeable electric hand warmer (magnetic 2-pack, incl. spinner version)",sport-plein-air,ÉLIMINÉ : étage 2 : panier moyen 37.23 € < 45 €,,D,amazon_fr_ratings,65,avis,Number of ratings: 65,B0H71MYDBK,https://www.amazon.fr/s?k=chauffe-mains+rechargeable,2026-10-04,firecrawl_scrape,https://www.amazon.fr/s?k=chauffe-mains+rechargeable,freeform,MESURÉ,ok,,e2-1
E0651,P2,rechargeable-hand-warmer,Chauffe-mains électrique rechargeable,"Rechargeable electric hand warmer (magnetic 2-pack, incl. spinner version)",sport-plein-air,ÉLIMINÉ : étage 2 : panier moyen 37.23 € < 45 €,,D,amazon_fr_bought_past_month,200,achats/mois (badge),200+ bought in past month,B0H71MYDBK,https://www.amazon.fr/s?k=chauffe-mains+rechargeable,2026-10-04,firecrawl_scrape,https://www.amazon.fr/s?k=chauffe-mains+rechargeable,freeform,MESURÉ,ok,,e2-1
E0652,P2,rechargeable-hand-warmer,Chauffe-mains électrique rechargeable,"Rechargeable electric hand warmer (magnetic 2-pack, incl. spinner version)",sport-plein-air,ÉLIMINÉ : étage 2 : panier moyen 37.23 € < 45 €,,O,temu_price_eur,,€ (fiche trouvée),"4.5316 Lot de 2 chauffe-mains rechargeables avec * magnétique, chargement USB-C, batterie lithium-polymère 3000Mah, 3 réglages de température, excellents cadeaux d'* ...",n/a,https://www.temu.com/ca-fr/chauffe-mains-5020085904393-s.html,2026-10-04,firecrawl_search,temu.com,search_snippet,NON MESURÉ,ok,,e2-1
E0653,P2,rechargeable-hand-warmer,Chauffe-mains électrique rechargeable,"Rechargeable electric hand warmer (magnetic 2-pack, incl. spinner version)",sport-plein-air,ÉLIMINÉ : étage 2 : panier moyen 37.23 € < 45 €,,-,target_price_eur,29.9,€ TTC visé,"Amazon.fr vend le même lot de 2 magnétique 12,99 à 14,99 € (SWEETFULL) et les modèles de marque 18 à 25 € (OCOOPA 18,04 €, OUTJUT 24,69 €), donc 29,90 € est déjà au-dessus du marché ; cela ne fait que 1,7 fois le coût AliExpress de 17,19 €, et la règle des 4 fois N'EST PAS respectée.",n/a,,2026-10-04,agent,,freeform,ESTIMATION,ok,,e2-1
E0654,P2,rechargeable-hand-warmer,Chauffe-mains électrique rechargeable,"Rechargeable electric hand warmer (magnetic 2-pack, incl. spinner version)",sport-plein-air,ÉLIMINÉ : étage 2 : panier moyen 37.23 € < 45 €,,-,differentiation,2,€/unité,"Coffret cadeau de Noël avec pochette de transport + câble USB-C double + notice FR, et démonstration à la caméra thermique (mains bleues puis rouges) en 3 secondes.",n/a,,2026-10-04,agent,,freeform,ESTIMATION,ok,,e2-1
E0655,P2,precision-electric-screwdriver-set,Tournevis électrique de précision avec embouts magnétiques,Precision electric screwdriver set with magnetic bits,bureau-tech,ÉLIMINÉ : étage 2 : prix 64.9 € < 4 × coût livré (18.3 €),,O,aliexpress_min_price_eur,15.39,€,"1. Kit de tournevis électrique de précision 62 en 1, sans fil, rechargeable, mini
- Price: 15,39€",n/a,https://fr.aliexpress.com/w/wholesale-precision-electric-screwdriver-set-rechargeable.html,2026-10-04,firecrawl_scrape,https://fr.aliexpress.com/w/wholesale-precision-electric-screwdriver-set-rechargeable.html,freeform,MESURÉ,ok,,e2-1
E0656,P2,precision-electric-screwdriver-set,Tournevis électrique de précision avec embouts magnétiques,Precision electric screwdriver set with magnetic bits,bureau-tech,ÉLIMINÉ : étage 2 : prix 64.9 € < 4 × coût livré (18.3 €),,D,aliexpress_sold,10000,vendus,- Sold: + 10 000 vendus,n/a,https://fr.aliexpress.com/w/wholesale-precision-electric-screwdriver-set-rechargeable.html,2026-10-04,firecrawl_scrape,https://fr.aliexpress.com/w/wholesale-precision-electric-screwdriver-set-rechargeable.html,freeform,MESURÉ,ok,,e2-1
E0657,P2,precision-electric-screwdriver-set,Tournevis électrique de précision avec embouts magnétiques,Precision electric screwdriver set with magnetic bits,bureau-tech,ÉLIMINÉ : étage 2 : prix 64.9 € < 4 × coût livré (18.3 €),,D,amazon_fr_price_eur,,€ (proche),"The page is an error page (""Toutes nos excuses / Une erreur de système interne a été décelée"").",n/a,https://www.amazon.fr/s?k=tournevis+électrique+de+précision,2026-10-04,firecrawl_scrape,https://www.amazon.fr/s?k=tournevis+électrique+de+précision,freeform,NON MESURÉ,error,,e2-1
E0658,P2,precision-electric-screwdriver-set,Tournevis électrique de précision avec embouts magnétiques,Precision electric screwdriver set with magnetic bits,bureau-tech,ÉLIMINÉ : étage 2 : prix 64.9 € < 4 × coût livré (18.3 €),,D,amazon_fr_ratings,,avis,,n/a,https://www.amazon.fr/s?k=tournevis+électrique+de+précision,2026-10-04,firecrawl_scrape,https://www.amazon.fr/s?k=tournevis+électrique+de+précision,freeform,NON MESURÉ,error,,e2-1
E0659,P2,precision-electric-screwdriver-set,Tournevis électrique de précision avec embouts magnétiques,Precision electric screwdriver set with magnetic bits,bureau-tech,ÉLIMINÉ : étage 2 : prix 64.9 € < 4 × coût livré (18.3 €),,D,amazon_fr_bought_past_month,,achats/mois (badge),,n/a,https://www.amazon.fr/s?k=tournevis+électrique+de+précision,2026-10-04,firecrawl_scrape,https://www.amazon.fr/s?k=tournevis+électrique+de+précision,freeform,NON MESURÉ,error,,e2-1
E0660,P2,precision-electric-screwdriver-set,Tournevis électrique de précision avec embouts magnétiques,Precision electric screwdriver set with magnetic bits,bureau-tech,ÉLIMINÉ : étage 2 : prix 64.9 € < 4 × coût livré (18.3 €),,O,temu_price_eur,42.95,€ (fiche trouvée),"Rating 4.8(6,272)42,95€. 1set electric screwdriver set electric screwdriver set 50 in 1 precision screwdriver set 3 torque settings.",n/a,https://www.temu.com/ca-fr/Ensemble-De-Tournevis-%C3%89lectriques-De-Pr%C3%A9cision-28-En-1-Mini-Tournevis-%C3%89lectrique-Ensemble-De-Tournevis-%C3%89lectriques-Rechargeables-g-601099543864345.html,2026-10-04,firecrawl_search,temu.com,search_snippet,MESURÉ,ok,,e2-1
E0661,P2,precision-electric-screwdriver-set,Tournevis électrique de précision avec embouts magnétiques,Precision electric screwdriver set with magnetic bits,bureau-tech,ÉLIMINÉ : étage 2 : prix 64.9 € < 4 × coût livré (18.3 €),,-,target_price_eur,64.9,€ TTC visé,"64,90 € fait 4,2 fois le coût AliExpress de 15,39 € (62 en 1) et reste sous le prix US de 49,99 $ majoré de la TVA, mais le marché Amazon.fr n'a PAS pu être mesuré et un set Temu 50 en 1 est à 42,95 € : ce prix est à valider.",n/a,,2026-10-04,agent,,freeform,ESTIMATION,ok,,e2-1
E0662,P2,precision-electric-screwdriver-set,Tournevis électrique de précision avec embouts magnétiques,Precision electric screwdriver set with magnetic bits,bureau-tech,ÉLIMINÉ : étage 2 : prix 64.9 € < 4 × coût livré (18.3 €),,-,differentiation,3,€/unité,"Coffret aluminium magnétique premium avec embouts rangés visibles + lampe LED + notice et SAV en français, montré en dévissant une manette en 1 seconde.",n/a,,2026-10-04,agent,,freeform,ESTIMATION,ok,,e2-1
E0663,P2,wireless-wall-sconce-magnetic-bulb,Appliques murales sans fil rechargeables avec télécommande,Rechargeable wireless wall sconces with magnetic bulb and remote,maison-rangement,ÉLIMINÉ : étage 2 : prix 49.9 € < 4 × coût livré (35.11 €),,O,aliexpress_min_price_eur,33.99,€,"5. 2/1 pcs applique murale magnétique rechargeable 50, noir et or, pour salon, c
Price: 33,99€",n/a,https://fr.aliexpress.com/w/wholesale-wireless-wall-sconce-rechargeable-magnetic-bulb.html,2026-10-04,firecrawl_scrape,https://fr.aliexpress.com/w/wholesale-wireless-wall-sconce-rechargeable-magnetic-bulb.html,freeform,MESURÉ,ok,,e2-1
E0664,P2,wireless-wall-sconce-magnetic-bulb,Appliques murales sans fil rechargeables avec télécommande,Rechargeable wireless wall sconces with magnetic bulb and remote,maison-rangement,ÉLIMINÉ : étage 2 : prix 49.9 € < 4 × coût livré (35.11 €),,D,aliexpress_sold,728,vendus,Vendus: 728 vendus,n/a,https://fr.aliexpress.com/w/wholesale-wireless-wall-sconce-rechargeable-magnetic-bulb.html,2026-10-04,firecrawl_scrape,https://fr.aliexpress.com/w/wholesale-wireless-wall-sconce-rechargeable-magnetic-bulb.html,freeform,MESURÉ,ok,,e2-1
E0665,P2,wireless-wall-sconce-magnetic-bulb,Appliques murales sans fil rechargeables avec télécommande,Rechargeable wireless wall sconces with magnetic bulb and remote,maison-rangement,ÉLIMINÉ : étage 2 : prix 49.9 € < 4 × coût livré (35.11 €),,D,amazon_fr_price_eur,27.07,€ (proche),"FULEN Indoor Wall Light, Rechargeable LED Wall Lamp with Remote Control or
Price: €27.07",B0CJRD7ZBH,https://www.amazon.fr/s?k=applique+murale+sans+fil,2026-10-04,firecrawl_scrape,https://www.amazon.fr/s?k=applique+murale+sans+fil,freeform,MESURÉ,ok,,e2-1
E0666,P2,wireless-wall-sconce-magnetic-bulb,Appliques murales sans fil rechargeables avec télécommande,Rechargeable wireless wall sconces with magnetic bulb and remote,maison-rangement,ÉLIMINÉ : étage 2 : prix 49.9 € < 4 × coût livré (35.11 €),,D,amazon_fr_ratings,1700,avis,Number of ratings: (1.7K),B0CJRD7ZBH,https://www.amazon.fr/s?k=applique+murale+sans+fil,2026-10-04,firecrawl_scrape,https://www.amazon.fr/s?k=applique+murale+sans+fil,freeform,MESURÉ,ok,,e2-1
E0667,P2,wireless-wall-sconce-magnetic-bulb,Appliques murales sans fil rechargeables avec télécommande,Rechargeable wireless wall sconces with magnetic bulb and remote,maison-rangement,ÉLIMINÉ : étage 2 : prix 49.9 € < 4 × coût livré (35.11 €),,D,amazon_fr_bought_past_month,100,achats/mois (badge),Bought in past month: 100+ bought in past month,B0CJRD7ZBH,https://www.amazon.fr/s?k=applique+murale+sans+fil,2026-10-04,firecrawl_scrape,https://www.amazon.fr/s?k=applique+murale+sans+fil,freeform,MESURÉ,ok,,e2-1
E0668,P2,wireless-wall-sconce-magnetic-bulb,Appliques murales sans fil rechargeables avec télécommande,Rechargeable wireless wall sconces with magnetic bulb and remote,maison-rangement,ÉLIMINÉ : étage 2 : prix 49.9 € < 4 × coût livré (35.11 €),,O,temu_price_eur,,€ (fiche trouvée),"Ensemble de 2 appliques murales en cristal à piles, applique murale sans fil noire/dorée avec ampoules LED rechargeables USB, 12 couleurs, applique murale ...",n/a,https://www.temu.com/us-fr/ensemble-de-2-appliques-murales-en-cristal-a-piles-applique-murale--fil-noire--avec-ampoules-led-rechargeables-usb-12-couleurs-applique-murale-en-cristal-a--variable-avec-telecommande-pour-chambre-a-coucher-salon-ampoules-incluses-g-606820273875680.html,2026-10-04,firecrawl_search,temu.com,search_snippet,NON MESURÉ,ok,,e2-1
E0669,P2,wireless-wall-sconce-magnetic-bulb,Appliques murales sans fil rechargeables avec télécommande,Rechargeable wireless wall sconces with magnetic bulb and remote,maison-rangement,ÉLIMINÉ : étage 2 : prix 49.9 € < 4 × coût livré (35.11 €),,-,target_price_eur,49.9,€ TTC visé,"Amazon.fr place les appliques sans fil à télécommande entre 27,07 € (FULEN, à l'unité) et 57,99 à 75,99 € (Ketom et Kimjo, souvent en lot de 2), donc 49,90 € l'unité est cohérent avec le marché ; cela ne fait que 1,5 fois le coût AliExpress de 33,99 €, et la règle des 4 fois N'EST PAS respectée.",n/a,,2026-10-04,agent,,freeform,ESTIMATION,ok,,e2-1
E0670,P2,wireless-wall-sconce-magnetic-bulb,Appliques murales sans fil rechargeables avec télécommande,Rechargeable wireless wall sconces with magnetic bulb and remote,maison-rangement,ÉLIMINÉ : étage 2 : prix 49.9 € < 4 × coût livré (35.11 €),,-,differentiation,4,€/unité,"Lot de 2 appliques assorties avec ampoules magnétiques + télécommande + adhésif sans perçage, présentées allumées ensemble dans la vidéo (ambiance « location, zéro électricien »), notice FR.",n/a,,2026-10-04,agent,,freeform,ESTIMATION,ok,,e2-1
E0671,P2,mini-cordless-screwdriver-bit-set,Mini visseuse sans fil rechargeable avec coffret d'embouts,Small rechargeable cordless screwdriver with bit set,bricolage,ÉLIMINÉ : étage 2 : prix 64.9 € < 4 × coût livré (18.3 €),,O,aliexpress_min_price_eur,15.39,€,"Kit de tournevis électrique de précision 62 en 1, sans fil, rechargeable, mini- Price: 15,39€",n/a,https://fr.aliexpress.com/w/wholesale-mini-cordless-electric-screwdriver-rechargeable.html,2026-10-04,firecrawl_scrape,https://fr.aliexpress.com/w/wholesale-mini-cordless-electric-screwdriver-rechargeable.html,freeform,MESURÉ,ok,,e2-2
E0672,P2,mini-cordless-screwdriver-bit-set,Mini visseuse sans fil rechargeable avec coffret d'embouts,Small rechargeable cordless screwdriver with bit set,bricolage,ÉLIMINÉ : étage 2 : prix 64.9 € < 4 × coût livré (18.3 €),,D,aliexpress_sold,10000,vendus,+ 10 000 vendus,n/a,https://fr.aliexpress.com/w/wholesale-mini-cordless-electric-screwdriver-rechargeable.html,2026-10-04,firecrawl_scrape,https://fr.aliexpress.com/w/wholesale-mini-cordless-electric-screwdriver-rechargeable.html,freeform,MESURÉ,ok,,e2-2
E0673,P2,mini-cordless-screwdriver-bit-set,Mini visseuse sans fil rechargeable avec coffret d'embouts,Small rechargeable cordless screwdriver with bit set,bricolage,ÉLIMINÉ : étage 2 : prix 64.9 € < 4 × coût livré (18.3 €),,D,amazon_fr_price_eur,28.99,€ (identique),"MQFORU 72 in 1 Mini Cordless Electric Screwdriver Kit with 64 Magnetic Bits, Price: €28.99",B0D5CJY1H8,https://www.amazon.fr/s?k=mini+visseuse+sans+fil,2026-10-04,firecrawl_scrape,https://www.amazon.fr/s?k=mini+visseuse+sans+fil,freeform,MESURÉ,ok,,e2-2
E0674,P2,mini-cordless-screwdriver-bit-set,Mini visseuse sans fil rechargeable avec coffret d'embouts,Small rechargeable cordless screwdriver with bit set,bricolage,ÉLIMINÉ : étage 2 : prix 64.9 € < 4 × coût livré (18.3 €),,D,amazon_fr_ratings,622,avis,Number of ratings: 622,B0D5CJY1H8,https://www.amazon.fr/s?k=mini+visseuse+sans+fil,2026-10-04,firecrawl_scrape,https://www.amazon.fr/s?k=mini+visseuse+sans+fil,freeform,MESURÉ,ok,,e2-2
E0675,P2,mini-cordless-screwdriver-bit-set,Mini visseuse sans fil rechargeable avec coffret d'embouts,Small rechargeable cordless screwdriver with bit set,bricolage,ÉLIMINÉ : étage 2 : prix 64.9 € < 4 × coût livré (18.3 €),,D,amazon_fr_bought_past_month,50,achats/mois (badge),50+ bought in past month,B0D5CJY1H8,https://www.amazon.fr/s?k=mini+visseuse+sans+fil,2026-10-04,firecrawl_scrape,https://www.amazon.fr/s?k=mini+visseuse+sans+fil,freeform,MESURÉ,ok,,e2-2
E0676,P2,mini-cordless-screwdriver-bit-set,Mini visseuse sans fil rechargeable avec coffret d'embouts,Small rechargeable cordless screwdriver with bit set,bricolage,ÉLIMINÉ : étage 2 : prix 64.9 € < 4 × coût livré (18.3 €),,O,temu_price_eur,,€ (non trouvé),"1pc 16v perceuse fil visseuse électrique, mini de fil, batterie au lithium-ion 3/8 pouces au prix le plus bas Temu.",n/a,https://www.temu.com/lu-fr/1pc--16v-perceuse-sans-fil-visseuse-%C3%A9lectrique-mini-pilote-de-puissance-sans-fil-batterie-au-lithium-ion-dc-3-8-pouces-g-601099520523091.html,2026-10-04,firecrawl_search,temu.com,search_snippet,NON MESURÉ,ok,,e2-2
E0677,P2,mini-cordless-screwdriver-bit-set,Mini visseuse sans fil rechargeable avec coffret d'embouts,Small rechargeable cordless screwdriver with bit set,bricolage,ÉLIMINÉ : étage 2 : prix 64.9 € < 4 × coût livré (18.3 €),,-,target_price_eur,64.9,€ TTC visé,"4 x 15,39 EUR = 61,56 EUR impose au moins 64,90 EUR, au-dessus du kit générique Amazon identique (28,99 EUR) et même du Bosch IXO (49,99 EUR) : le prix tient seulement avec un pack nettement plus riche.",n/a,,2026-10-04,agent,,freeform,ESTIMATION,ok,,e2-2
E0678,P2,mini-cordless-screwdriver-bit-set,Mini visseuse sans fil rechargeable avec coffret d'embouts,Small rechargeable cordless screwdriver with bit set,bricolage,ÉLIMINÉ : étage 2 : prix 64.9 € < 4 × coût livré (18.3 €),,-,differentiation,3,€/unité,"Coffret rigide premium avec embouts supplémentaires classés et notice et SAV en français, montrés ouverts à l'écran",n/a,,2026-10-04,agent,,freeform,ESTIMATION,ok,,e2-2
E0679,P2,self-leveling-cross-line-laser-level,Niveau laser autonivelant à lignes croisées,Self-leveling cross-line laser level,bricolage,ÉLIMINÉ : étage 2 : prix 124.9 € < 4 × coût livré (32.88 €),,O,aliexpress_min_price_eur,30.19,€,"Outil laser T04, 2 lignes, faisceau vert, ligne croisée, auto-nivelant, mini n Price: 30,19€",n/a,https://fr.aliexpress.com/w/wholesale-self-leveling-cross-line-laser-level-green.html,2026-10-04,firecrawl_scrape,https://fr.aliexpress.com/w/wholesale-self-leveling-cross-line-laser-level-green.html,freeform,MESURÉ,ok,,e2-2
E0680,P2,self-leveling-cross-line-laser-level,Niveau laser autonivelant à lignes croisées,Self-leveling cross-line laser level,bricolage,ÉLIMINÉ : étage 2 : prix 124.9 € < 4 × coût livré (32.88 €),,D,aliexpress_sold,5000,vendus,+ 5 K vendus,n/a,https://fr.aliexpress.com/w/wholesale-self-leveling-cross-line-laser-level-green.html,2026-10-04,firecrawl_scrape,https://fr.aliexpress.com/w/wholesale-self-leveling-cross-line-laser-level-green.html,freeform,MESURÉ,ok,,e2-2
E0681,P2,self-leveling-cross-line-laser-level,Niveau laser autonivelant à lignes croisées,Self-leveling cross-line laser level,bricolage,ÉLIMINÉ : étage 2 : prix 124.9 € < 4 × coût livré (32.88 €),,D,amazon_fr_price_eur,,€ (proche),"The page is an error page (""Toutes nos excuses"").",n/a,https://www.amazon.fr/s?k=niveau+laser,2026-10-04,firecrawl_scrape,https://www.amazon.fr/s?k=niveau+laser,freeform,NON MESURÉ,error,,e2-2
E0682,P2,self-leveling-cross-line-laser-level,Niveau laser autonivelant à lignes croisées,Self-leveling cross-line laser level,bricolage,ÉLIMINÉ : étage 2 : prix 124.9 € < 4 × coût livré (32.88 €),,D,amazon_fr_ratings,,avis,,n/a,https://www.amazon.fr/s?k=niveau+laser,2026-10-04,firecrawl_scrape,https://www.amazon.fr/s?k=niveau+laser,freeform,NON MESURÉ,error,,e2-2
E0683,P2,self-leveling-cross-line-laser-level,Niveau laser autonivelant à lignes croisées,Self-leveling cross-line laser level,bricolage,ÉLIMINÉ : étage 2 : prix 124.9 € < 4 × coût livré (32.88 €),,D,amazon_fr_bought_past_month,,achats/mois (badge),,n/a,https://www.amazon.fr/s?k=niveau+laser,2026-10-04,firecrawl_scrape,https://www.amazon.fr/s?k=niveau+laser,freeform,NON MESURÉ,error,,e2-2
E0684,P2,self-leveling-cross-line-laser-level,Niveau laser autonivelant à lignes croisées,Self-leveling cross-line laser level,bricolage,ÉLIMINÉ : étage 2 : prix 124.9 € < 4 × coût livré (32.88 €),,O,temu_price_eur,,€ (fiche trouvée),"Rating 4.8(1,565)Laser Level with Green Beam & Cross Line - 100ft/30m Range, Magnetic Base, Tool for, DIY, Ceiling/ - Compatible with laser detectors.",n/a,https://www.temu.com/self-leveling-level-laser-5040045317680-s.html,2026-10-04,firecrawl_search,temu.com,search_snippet,NON MESURÉ,ok,,e2-2
E0685,P2,self-leveling-cross-line-laser-level,Niveau laser autonivelant à lignes croisées,Self-leveling cross-line laser level,bricolage,ÉLIMINÉ : étage 2 : prix 124.9 € < 4 × coût livré (32.88 €),,-,target_price_eur,124.9,€ TTC visé,"4 x 30,19 EUR = 120,76 EUR donne un plancher de 124,90 EUR ; aucun prix Amazon.fr n'a pu être mesuré pour vérifier la cohérence avec le marché.",n/a,,2026-10-04,agent,,freeform,ESTIMATION,ok,,e2-2
E0686,P2,self-leveling-cross-line-laser-level,Niveau laser autonivelant à lignes croisées,Self-leveling cross-line laser level,bricolage,ÉLIMINÉ : étage 2 : prix 124.9 € < 4 × coût livré (32.88 €),,-,differentiation,6,€/unité,"Kit complet visible en ouverture : trépied, support magnétique, cible et housse de transport, plus notice FR",n/a,,2026-10-04,agent,,freeform,ESTIMATION,ok,,e2-2
E0687,P2,ratchet-belt-no-holes,Ceinture à cliquet sans trous,Ratchet belt without holes,cadeau-lifestyle,ÉLIMINÉ : étage 2 : contribution avant pub 24.22 € < 25 €,,O,aliexpress_min_price_eur,5.29,€,"Lot de 2 ceintures automatiques à cliquet pour homme, en cuir de vachette pl Prix : 5,29€",n/a,https://fr.aliexpress.com/w/wholesale-men-ratchet-belt-automatic-buckle-no-holes.html,2026-10-04,firecrawl_scrape,https://fr.aliexpress.com/w/wholesale-men-ratchet-belt-automatic-buckle-no-holes.html,freeform,MESURÉ,ok,,e2-2
E0688,P2,ratchet-belt-no-holes,Ceinture à cliquet sans trous,Ratchet belt without holes,cadeau-lifestyle,ÉLIMINÉ : étage 2 : contribution avant pub 24.22 € < 25 €,,D,aliexpress_sold,500,vendus,+ 500 vendus,n/a,https://fr.aliexpress.com/w/wholesale-men-ratchet-belt-automatic-buckle-no-holes.html,2026-10-04,firecrawl_scrape,https://fr.aliexpress.com/w/wholesale-men-ratchet-belt-automatic-buckle-no-holes.html,freeform,MESURÉ,ok,,e2-2
E0689,P2,ratchet-belt-no-holes,Ceinture à cliquet sans trous,Ratchet belt without holes,cadeau-lifestyle,ÉLIMINÉ : étage 2 : contribution avant pub 24.22 € < 25 €,,D,amazon_fr_price_eur,,€ (proche),,n/a,https://www.amazon.fr/s?k=ceinture+sans+trou+homme,2026-10-04,firecrawl_scrape,https://www.amazon.fr/s?k=ceinture+sans+trou+homme,freeform,NON MESURÉ,error,,e2-2
E0690,P2,ratchet-belt-no-holes,Ceinture à cliquet sans trous,Ratchet belt without holes,cadeau-lifestyle,ÉLIMINÉ : étage 2 : contribution avant pub 24.22 € < 25 €,,D,amazon_fr_ratings,,avis,,n/a,https://www.amazon.fr/s?k=ceinture+sans+trou+homme,2026-10-04,firecrawl_scrape,https://www.amazon.fr/s?k=ceinture+sans+trou+homme,freeform,NON MESURÉ,error,,e2-2
E0691,P2,ratchet-belt-no-holes,Ceinture à cliquet sans trous,Ratchet belt without holes,cadeau-lifestyle,ÉLIMINÉ : étage 2 : contribution avant pub 24.22 € < 25 €,,D,amazon_fr_bought_past_month,,achats/mois (badge),,n/a,https://www.amazon.fr/s?k=ceinture+sans+trou+homme,2026-10-04,firecrawl_scrape,https://www.amazon.fr/s?k=ceinture+sans+trou+homme,freeform,NON MESURÉ,error,,e2-2
E0692,P2,ratchet-belt-no-holes,Ceinture à cliquet sans trous,Ratchet belt without holes,cadeau-lifestyle,ÉLIMINÉ : étage 2 : contribution avant pub 24.22 € < 25 €,,O,temu_price_eur,,€ (fiche trouvée),"ceinture en cuir pour homme, boucle automatique, simple et tendance, décontractée pour , réglable. au prix le plus bas Temu.",n/a,https://www.temu.com/fr/ceinture-en-cuir-sans-trou-pour-homme-boucle-automatique-simple-et-tendance-d%C3%A9contract%C3%A9e-pour-le-travail-tour-de-taille-r%C3%A9glable-g-601099564307268.html,2026-10-04,firecrawl_search,temu.com,search_snippet,NON MESURÉ,ok,,e2-2
E0693,P2,ratchet-belt-no-holes,Ceinture à cliquet sans trous,Ratchet belt without holes,cadeau-lifestyle,ÉLIMINÉ : étage 2 : contribution avant pub 24.22 € < 25 €,,-,target_price_eur,39.9,€ TTC visé,"Ceinture cuir à cliquet en coffret à 39,90 EUR : plus de 4x le prix réaliste d'une pièce complète (9,39 EUR, donc 37,56 EUR) et largement plus de 4x le plancher affiché de 5,29 EUR.",n/a,,2026-10-04,agent,,freeform,ESTIMATION,ok,,e2-2
E0694,P2,ratchet-belt-no-holes,Ceinture à cliquet sans trous,Ratchet belt without holes,cadeau-lifestyle,ÉLIMINÉ : étage 2 : contribution avant pub 24.22 € < 25 €,,-,differentiation,2.5,€/unité,"Gravure des initiales sur la boucle et coffret cadeau, montrés en gros plan",n/a,,2026-10-04,agent,,freeform,ESTIMATION,ok,,e2-2
E0695,P2,cordless-heated-neck-shoulder-kneading-massager,Masseur cou et épaules chauffant à pétrissage sans fil,Cordless 4D heated neck and shoulder kneading massager,bien-etre-non-medical,"ÉLIMINÉ : étage 2 : ROAS seuil 1.95 > 1,8",,O,aliexpress_min_price_eur,31.59,€,"Masseur bionique 4D pour les doigts, le cou et les épaules, sans fil, Trapezius cervi Price: 31,59€",n/a,https://fr.aliexpress.com/w/wholesale-neck-shoulder-massager-kneading-heating-cordless.html,2026-10-04,firecrawl_scrape,https://fr.aliexpress.com/w/wholesale-neck-shoulder-massager-kneading-heating-cordless.html,freeform,MESURÉ,ok,,e2-2
E0696,P2,cordless-heated-neck-shoulder-kneading-massager,Masseur cou et épaules chauffant à pétrissage sans fil,Cordless 4D heated neck and shoulder kneading massager,bien-etre-non-medical,"ÉLIMINÉ : étage 2 : ROAS seuil 1.95 > 1,8",,D,aliexpress_sold,10000,vendus,+ 10 000 vendus,n/a,https://fr.aliexpress.com/w/wholesale-neck-shoulder-massager-kneading-heating-cordless.html,2026-10-04,firecrawl_scrape,https://fr.aliexpress.com/w/wholesale-neck-shoulder-massager-kneading-heating-cordless.html,freeform,MESURÉ,ok,,e2-2
E0697,P2,cordless-heated-neck-shoulder-kneading-massager,Masseur cou et épaules chauffant à pétrissage sans fil,Cordless 4D heated neck and shoulder kneading massager,bien-etre-non-medical,"ÉLIMINÉ : étage 2 : ROAS seuil 1.95 > 1,8",,D,amazon_fr_price_eur,35.98,€ (identique),"Masseur Cervical à Main Bionique, 4D Massage Cervicales et Cou avec Télécommande 5 Niveaux D'Intensité et 2 Niveaux de Chaleur - Price: 35,98 €",B0H28QSS7H,https://www.amazon.fr/s?k=masseur+cou+et+%C3%A9paules,2026-10-04,firecrawl_scrape,https://www.amazon.fr/s?k=masseur+cou+et+%C3%A9paules,freeform,MESURÉ,ok,,e2-2
E0698,P2,cordless-heated-neck-shoulder-kneading-massager,Masseur cou et épaules chauffant à pétrissage sans fil,Cordless 4D heated neck and shoulder kneading massager,bien-etre-non-medical,"ÉLIMINÉ : étage 2 : ROAS seuil 1.95 > 1,8",,D,amazon_fr_ratings,14,avis,(14),B0H28QSS7H,https://www.amazon.fr/s?k=masseur+cou+et+%C3%A9paules,2026-10-04,firecrawl_scrape,https://www.amazon.fr/s?k=masseur+cou+et+%C3%A9paules,freeform,MESURÉ,ok,,e2-2
E0699,P2,cordless-heated-neck-shoulder-kneading-massager,Masseur cou et épaules chauffant à pétrissage sans fil,Cordless 4D heated neck and shoulder kneading massager,bien-etre-non-medical,"ÉLIMINÉ : étage 2 : ROAS seuil 1.95 > 1,8",,D,amazon_fr_bought_past_month,100,achats/mois (badge),Plus de 100 achetés au cours du mois dernier,B0H28QSS7H,https://www.amazon.fr/s?k=masseur+cou+et+%C3%A9paules,2026-10-04,firecrawl_scrape,https://www.amazon.fr/s?k=masseur+cou+et+%C3%A9paules,freeform,MESURÉ,ok,,e2-2
E0700,P2,cordless-heated-neck-shoulder-kneading-massager,Masseur cou et épaules chauffant à pétrissage sans fil,Cordless 4D heated neck and shoulder kneading massager,bien-etre-non-medical,"ÉLIMINÉ : étage 2 : ROAS seuil 1.95 > 1,8",,O,temu_price_eur,,€ (fiche trouvée),"Masseur chauffant rechargeable USB pour le cou et les épaules, appareil de massage électrique avec simulation manuelle pour le cou, les épaules et le ...",n/a,https://www.temu.com/ma/masseur-chauffant-rechargeable-usb-pour-le-cou-et-les-%C3%A9paules-appareil-de-massage-%C3%A9lectrique-avec-simulation-manuelle-pour-le-cou-les-%C3%A9paules-et-le--masseur-trap%C3%A8ze-pour-le-cou-offrant-un-massage-%C3%A0-p%C3%A2tisserie--pour-les-%C3%A9paules-et-les-jambes-il-est-portable-et-un--de-cadeau-id%C3%A9al-g-601105244806937.html,2026-10-04,firecrawl_search,temu.com,search_snippet,NON MESURÉ,ok,,e2-2
E0701,P2,cordless-heated-neck-shoulder-kneading-massager,Masseur cou et épaules chauffant à pétrissage sans fil,Cordless 4D heated neck and shoulder kneading massager,bien-etre-non-medical,"ÉLIMINÉ : étage 2 : ROAS seuil 1.95 > 1,8",,-,target_price_eur,129.9,€ TTC visé,"La règle des 4x (4 x 31,59 EUR = 126,36 EUR) impose 129,90 EUR, mais c'est incohérent avec Amazon.fr où l'identique se vend 35,98 EUR et le leader du rayon (Brelley) 37,99 EUR.",n/a,,2026-10-04,agent,,freeform,ESTIMATION,ok,,e2-2
E0702,P2,cordless-heated-neck-shoulder-kneading-massager,Masseur cou et épaules chauffant à pétrissage sans fil,Cordless 4D heated neck and shoulder kneading massager,bien-etre-non-medical,"ÉLIMINÉ : étage 2 : ROAS seuil 1.95 > 1,8",,-,differentiation,0,€/unité,AUCUNE,n/a,,2026-10-04,agent,,freeform,ESTIMATION,ok,,e2-2
E0703,P2,sunrise-wake-up-light,Réveil lumineux simulateur d'aube,Sunrise simulation wake-up light alarm clock,bien-etre-non-medical,ÉLIMINÉ : étage 2 : prix 59.9 € < 4 × coût livré (25.26 €),,O,aliexpress_min_price_eur,22.99,€,"Réveil lumineux avec simulation d'aube, horloge de bureau avec lumières colo | 22,99€ | + 1 000 vendus | Livraison gratuite dès 10€ d'achat",n/a,https://fr.aliexpress.com/w/wholesale-sunrise-alarm-clock-wake-up-light.html,2026-10-04,firecrawl_scrape,https://fr.aliexpress.com/w/wholesale-sunrise-alarm-clock-wake-up-light.html,freeform,MESURÉ,ok,,e2-3
E0704,P2,sunrise-wake-up-light,Réveil lumineux simulateur d'aube,Sunrise simulation wake-up light alarm clock,bien-etre-non-medical,ÉLIMINÉ : étage 2 : prix 59.9 € < 4 × coût livré (25.26 €),,D,aliexpress_sold,5000,vendus,"Réveil lumineux avec Simulation de lever/coucher du soleil, double alarme, R | 39,99€ | + 5 000 vendus",n/a,https://fr.aliexpress.com/w/wholesale-sunrise-alarm-clock-wake-up-light.html,2026-10-04,firecrawl_scrape,https://fr.aliexpress.com/w/wholesale-sunrise-alarm-clock-wake-up-light.html,freeform,MESURÉ,ok,,e2-3
E0705,P2,sunrise-wake-up-light,Réveil lumineux simulateur d'aube,Sunrise simulation wake-up light alarm clock,bien-etre-non-medical,ÉLIMINÉ : étage 2 : prix 59.9 € < 4 × coût livré (25.26 €),,D,amazon_fr_price_eur,38.99,€ (identique),"LIORQUE Reveil Simulateur Aube, 30 Sons, 30 Niveaux Volume, Adaptateur - Price: 38,99 €",B0FB9CWT4D,https://www.amazon.fr/s?k=r%C3%A9veil+lumineux,2026-10-04,firecrawl_scrape,https://www.amazon.fr/s?k=r%C3%A9veil+lumineux,freeform,MESURÉ,ok,,e2-3
E0706,P2,sunrise-wake-up-light,Réveil lumineux simulateur d'aube,Sunrise simulation wake-up light alarm clock,bien-etre-non-medical,ÉLIMINÉ : étage 2 : prix 59.9 € < 4 × coût livré (25.26 €),,D,amazon_fr_ratings,772,avis,Ratings: (772),B0FB9CWT4D,https://www.amazon.fr/s?k=r%C3%A9veil+lumineux,2026-10-04,firecrawl_scrape,https://www.amazon.fr/s?k=r%C3%A9veil+lumineux,freeform,MESURÉ,ok,,e2-3
E0707,P2,sunrise-wake-up-light,Réveil lumineux simulateur d'aube,Sunrise simulation wake-up light alarm clock,bien-etre-non-medical,ÉLIMINÉ : étage 2 : prix 59.9 € < 4 × coût livré (25.26 €),,D,amazon_fr_bought_past_month,600,achats/mois (badge),Plus de 600 achetés au cours du mois dernier,B0FB9CWT4D,https://www.amazon.fr/s?k=r%C3%A9veil+lumineux,2026-10-04,firecrawl_scrape,https://www.amazon.fr/s?k=r%C3%A9veil+lumineux,freeform,MESURÉ,ok,,e2-3
E0708,P2,sunrise-wake-up-light,Réveil lumineux simulateur d'aube,Sunrise simulation wake-up light alarm clock,bien-etre-non-medical,ÉLIMINÉ : étage 2 : prix 59.9 € < 4 × coût livré (25.26 €),,O,temu_price_eur,,€ (fiche trouvée),"réveil simulation machine à 30 - Temu Luxembourg | Rating 5.0(1)Magasinez réveil avec simulation , machine à avec 30 apaisants, veilleuse réglable, réveil numérique pour chambre",n/a,https://www.temu.com/lu-fr/sunrise-alarm-clock-wake-up-light-white-noise-sound--with-30--dimmable-night-light-digital-alarm-clock-for-bedroom-heavy-sleepers--ideal-gift-g-605545490687714.html,2026-10-04,firecrawl_search,temu.com,search_snippet,NON MESURÉ,ok,,e2-3
E0709,P2,sunrise-wake-up-light,Réveil lumineux simulateur d'aube,Sunrise simulation wake-up light alarm clock,bien-etre-non-medical,ÉLIMINÉ : étage 2 : prix 59.9 € < 4 × coût livré (25.26 €),,-,target_price_eur,59.9,€ TTC visé,"Aligné sur le haut du marché Amazon.fr des simulateurs d'aube (38,99 € LIORQUE, 42,99 € APUZOM, 59,99 € B0FJFM5YKN) ; ATTENTION règle x4 NON tenue : 59,90 / 22,99 = 2,6x, atteindre 4x imposerait ~92 €, hors marché.",n/a,,2026-10-04,agent,,freeform,ESTIMATION,ok,,e2-3
E0710,P2,sunrise-wake-up-light,Réveil lumineux simulateur d'aube,Sunrise simulation wake-up light alarm clock,bien-etre-non-medical,ÉLIMINÉ : étage 2 : prix 59.9 € < 4 × coût livré (25.26 €),,-,differentiation,3.5,€/unité,"Pack « routine sommeil » : réveil + masque de nuit + boîte cadeau, notice et SAV en français, livraison 48-72 h depuis la France ; visible en vidéo par la mise en scène lever de soleil en chambre sombre + unboxing.",n/a,,2026-10-04,agent,,freeform,ESTIMATION,ok,,e2-3
E0711,P2,motion-sensor-wide-beam-headlamp,Lampe frontale rechargeable grand angle à détection de mouvement,Rechargeable 230-degree wide-beam motion-sensor headlamp,sport-plein-air,ÉLIMINÉ : étage 2 : panier moyen 31 € < 45 €,,O,aliexpress_min_price_eur,3.39,€,"230 ° Lampe frontale à faisceau lumineux LED avec capteur, batterie intégrée, r | Price: 3,39€ | 13 vendus | Livraison gratuite dès 10,00€ d'achat",n/a,https://fr.aliexpress.com/w/wholesale-230-degree-wide-beam-headlamp-motion-sensor.html,2026-10-04,firecrawl_scrape,https://fr.aliexpress.com/w/wholesale-230-degree-wide-beam-headlamp-motion-sensor.html,freeform,MESURÉ,ok,,e2-3
E0712,P2,motion-sensor-wide-beam-headlamp,Lampe frontale rechargeable grand angle à détection de mouvement,Rechargeable 230-degree wide-beam motion-sensor headlamp,sport-plein-air,ÉLIMINÉ : étage 2 : panier moyen 31 € < 45 €,,D,aliexpress_sold,35,vendus,"230 ° Lampes frontales industrielles Beam 5000 mAh, lampe frontale rechargeable lo | Price: 8,59€ | 35 vendus",n/a,https://fr.aliexpress.com/w/wholesale-230-degree-wide-beam-headlamp-motion-sensor.html,2026-10-04,firecrawl_scrape,https://fr.aliexpress.com/w/wholesale-230-degree-wide-beam-headlamp-motion-sensor.html,freeform,MESURÉ,ok,,e2-3
E0713,P2,motion-sensor-wide-beam-headlamp,Lampe frontale rechargeable grand angle à détection de mouvement,Rechargeable 230-degree wide-beam motion-sensor headlamp,sport-plein-air,ÉLIMINÉ : étage 2 : panier moyen 31 € < 45 €,,D,amazon_fr_price_eur,8.78,€ (proche),2500 Lumens IPX6 Rechargeable LED Headlamp with Mot | €8.78,B0FN7R5TJG,https://www.amazon.fr/s?k=lampe+frontale+rechargeable,2026-10-04,firecrawl_scrape,https://www.amazon.fr/s?k=lampe+frontale+rechargeable,freeform,MESURÉ,ok,,e2-3
E0714,P2,motion-sensor-wide-beam-headlamp,Lampe frontale rechargeable grand angle à détection de mouvement,Rechargeable 230-degree wide-beam motion-sensor headlamp,sport-plein-air,ÉLIMINÉ : étage 2 : panier moyen 31 € < 45 €,,D,amazon_fr_ratings,67,avis,67,B0FN7R5TJG,https://www.amazon.fr/s?k=lampe+frontale+rechargeable,2026-10-04,firecrawl_scrape,https://www.amazon.fr/s?k=lampe+frontale+rechargeable,freeform,MESURÉ,ok,,e2-3
E0715,P2,motion-sensor-wide-beam-headlamp,Lampe frontale rechargeable grand angle à détection de mouvement,Rechargeable 230-degree wide-beam motion-sensor headlamp,sport-plein-air,ÉLIMINÉ : étage 2 : panier moyen 31 € < 45 €,,D,amazon_fr_bought_past_month,,achats/mois (badge),,B0FN7R5TJG,https://www.amazon.fr/s?k=lampe+frontale+rechargeable,2026-10-04,firecrawl_scrape,https://www.amazon.fr/s?k=lampe+frontale+rechargeable,freeform,NON MESURÉ,ok,,e2-3
E0716,P2,motion-sensor-wide-beam-headlamp,Lampe frontale rechargeable grand angle à détection de mouvement,Rechargeable 230-degree wide-beam motion-sensor headlamp,sport-plein-air,ÉLIMINÉ : étage 2 : panier moyen 31 € < 45 €,,O,temu_price_eur,,€ (fiche trouvée),"Rating 4.7(436)Lampe frontale LED rechargeable 2 pièces, 230° avec détecteur de mouvement, lampe frontale pour randonnée, course, réparation, pêche, vélo, camping",n/a,https://www.temu.com/us-fr/2-pieces-lampe-frontale-led-rechargeable-230-large-avec-capteur-de-mouvement-lampe--pour--course-reparation-peche----cob-super-lumineuse-pour-casque-de-securite-g-601099675535796.html,2026-10-04,firecrawl_search,temu.com,search_snippet,NON MESURÉ,ok,,e2-3
E0717,P2,motion-sensor-wide-beam-headlamp,Lampe frontale rechargeable grand angle à détection de mouvement,Rechargeable 230-degree wide-beam motion-sensor headlamp,sport-plein-air,ÉLIMINÉ : étage 2 : panier moyen 31 € < 45 €,,-,target_price_eur,24.9,€ TTC visé,"Vendu en pack de 2 à 24,90 € face au pack 2 Blukar à 22,99 € sur Amazon.fr ; coût livré 2 x 3,39 = 6,78 € soit 3,7x (règle x4 presque tenue ; à l'unité, Amazon plafonne à 8,78-12,99 € et le x4 n'est pas défendable).",n/a,,2026-10-04,agent,,freeform,ESTIMATION,ok,,e2-3
E0718,P2,motion-sensor-wide-beam-headlamp,Lampe frontale rechargeable grand angle à détection de mouvement,Rechargeable 230-degree wide-beam motion-sensor headlamp,sport-plein-air,ÉLIMINÉ : étage 2 : panier moyen 31 € < 45 €,,-,differentiation,1.5,€/unité,"Pack duo (couple/parent-enfant) avec démonstration du capteur de mouvement main devant la lampe + câble USB-C et pochette, notice FR ; visible en moins de 3 s (geste qui allume/éteint).",n/a,,2026-10-04,agent,,freeform,ESTIMATION,ok,,e2-3
E0719,P2,personalized-leather-toiletry-bag,Trousse de toilette en cuir personnalisée,Personalized leather toiletry bag,cadeau-lifestyle,ÉLIMINÉ : étage 2 : prix 44.9 € < 4 × coût livré (14.22 €),,O,aliexpress_min_price_eur,10.59,€,"Sac étanche pour hommes avec nom gravé, nom personnalisé, cuir PU durable, multi-us | Prix: 10,59€ | 417 vendus",n/a,https://fr.aliexpress.com/w/wholesale-personalized-leather-toiletry-bag-men-custom-name.html,2026-10-04,firecrawl_scrape,https://fr.aliexpress.com/w/wholesale-personalized-leather-toiletry-bag-men-custom-name.html,freeform,MESURÉ,ok,,e2-3
E0720,P2,personalized-leather-toiletry-bag,Trousse de toilette en cuir personnalisée,Personalized leather toiletry bag,cadeau-lifestyle,ÉLIMINÉ : étage 2 : prix 44.9 € < 4 × coût livré (14.22 €),,D,aliexpress_sold,417,vendus,417 vendus,n/a,https://fr.aliexpress.com/w/wholesale-personalized-leather-toiletry-bag-men-custom-name.html,2026-10-04,firecrawl_scrape,https://fr.aliexpress.com/w/wholesale-personalized-leather-toiletry-bag-men-custom-name.html,freeform,MESURÉ,ok,,e2-3
E0721,P2,personalized-leather-toiletry-bag,Trousse de toilette en cuir personnalisée,Personalized leather toiletry bag,cadeau-lifestyle,ÉLIMINÉ : étage 2 : prix 44.9 € < 4 × coût livré (14.22 €),,D,amazon_fr_price_eur,,€ (proche),,n/a,https://www.amazon.fr/s?k=trousse+de+toilette+personnalis%C3%A9e+homme,2026-10-04,firecrawl_scrape,https://www.amazon.fr/s?k=trousse+de+toilette+personnalis%C3%A9e+homme,freeform,NON MESURÉ,error,,e2-3
E0722,P2,personalized-leather-toiletry-bag,Trousse de toilette en cuir personnalisée,Personalized leather toiletry bag,cadeau-lifestyle,ÉLIMINÉ : étage 2 : prix 44.9 € < 4 × coût livré (14.22 €),,D,amazon_fr_ratings,,avis,,n/a,https://www.amazon.fr/s?k=trousse+de+toilette+personnalis%C3%A9e+homme,2026-10-04,firecrawl_scrape,https://www.amazon.fr/s?k=trousse+de+toilette+personnalis%C3%A9e+homme,freeform,NON MESURÉ,error,,e2-3
E0723,P2,personalized-leather-toiletry-bag,Trousse de toilette en cuir personnalisée,Personalized leather toiletry bag,cadeau-lifestyle,ÉLIMINÉ : étage 2 : prix 44.9 € < 4 × coût livré (14.22 €),,D,amazon_fr_bought_past_month,,achats/mois (badge),,n/a,https://www.amazon.fr/s?k=trousse+de+toilette+personnalis%C3%A9e+homme,2026-10-04,firecrawl_scrape,https://www.amazon.fr/s?k=trousse+de+toilette+personnalis%C3%A9e+homme,freeform,NON MESURÉ,error,,e2-3
E0724,P2,personalized-leather-toiletry-bag,Trousse de toilette en cuir personnalisée,Personalized leather toiletry bag,cadeau-lifestyle,ÉLIMINÉ : étage 2 : prix 44.9 € < 4 × coût livré (14.22 €),,O,temu_price_eur,,€ (fiche trouvée),"Rating 4.6(18)1pc trousse de toilette gravée personnalisée pour homme - style décontracté en cuir synthétique et de haute qualité, marron avec fermeture é & poignée",n/a,https://www.temu.com/lu-fr/1pc-trousse-de-toilette-grav%C3%A9e-personnalis%C3%A9e--d%C3%A9contract%C3%A9-en-cuir-synth%C3%A9tique--et-de-haute-qualit%C3%A9-marron--avec-fermeture-%C3%A9-poign%C3%A9e-sup%C3%A9rieure-id%C3%A9al--cadeau-d-anniversaire-anniversaire-ou-no%C3%ABl-g-601100695899319.html,2026-10-04,firecrawl_search,temu.com,search_snippet,NON MESURÉ,ok,,e2-3
E0725,P2,personalized-leather-toiletry-bag,Trousse de toilette en cuir personnalisée,Personalized leather toiletry bag,cadeau-lifestyle,ÉLIMINÉ : étage 2 : prix 44.9 € < 4 × coût livré (14.22 €),,-,target_price_eur,44.9,€ TTC visé,"4,2x le prix AliExpress identique (10,59 €), positionnement cadeau personnalisé (fête des pères, témoins, Noël) ; non recoupé avec Amazon.fr (page en erreur), à valider contre cadeauplus.com.",n/a,,2026-10-04,agent,,freeform,ESTIMATION,ok,,e2-3
E0726,P2,personalized-leather-toiletry-bag,Trousse de toilette en cuir personnalisée,Personalized leather toiletry bag,cadeau-lifestyle,ÉLIMINÉ : étage 2 : prix 44.9 € < 4 × coût livré (14.22 €),,-,differentiation,3,€/unité,"Personnalisation visible (prénom/initiales gravés ou brodés filmés en gros plan) + boîte cadeau et carte message en français, délai garanti avant Noël.",n/a,,2026-10-04,agent,,freeform,ESTIMATION,ok,,e2-3
E0727,P2,mini-thermal-sticker-printer,Mini imprimante thermique portable sans encre,Inkless mini portable thermal sticker printer (incl. AI voice version),bureau-tech,ÉLIMINÉ : étage 2 : prix 39.9 € < 4 × coût livré (21.09 €),,O,aliexpress_min_price_eur,17.49,€,"DOLEWA D8 Mini imprimantes portables sans fil Bluetooth sans encre fabricant d'autoc | Price: 17,49€ | + 5 000 vendus | Livraison gratuite dès 10€ d'achat",n/a,https://fr.aliexpress.com/w/wholesale-mini-portable-thermal-printer-bluetooth-sticker.html,2026-10-04,firecrawl_scrape,https://fr.aliexpress.com/w/wholesale-mini-portable-thermal-printer-bluetooth-sticker.html,freeform,MESURÉ,ok,,e2-3
E0728,P2,mini-thermal-sticker-printer,Mini imprimante thermique portable sans encre,Inkless mini portable thermal sticker printer (incl. AI voice version),bureau-tech,ÉLIMINÉ : étage 2 : prix 39.9 € < 4 × coût livré (21.09 €),,D,aliexpress_sold,5000,vendus,+ 5 000 vendus,n/a,https://fr.aliexpress.com/w/wholesale-mini-portable-thermal-printer-bluetooth-sticker.html,2026-10-04,firecrawl_scrape,https://fr.aliexpress.com/w/wholesale-mini-portable-thermal-printer-bluetooth-sticker.html,freeform,MESURÉ,ok,,e2-3
E0729,P2,mini-thermal-sticker-printer,Mini imprimante thermique portable sans encre,Inkless mini portable thermal sticker printer (incl. AI voice version),bureau-tech,ÉLIMINÉ : étage 2 : prix 39.9 € < 4 × coût livré (21.09 €),,D,amazon_fr_price_eur,29.99,€ (identique),"Mini Imprimante Thermique Portable, Mini Imprimante Etiquette Autocollante | Price: 29,99 €",B0BD5BX4HW,https://www.amazon.fr/s?k=mini+imprimante+thermique,2026-10-04,firecrawl_scrape,https://www.amazon.fr/s?k=mini+imprimante+thermique,freeform,MESURÉ,ok,,e2-3
E0730,P2,mini-thermal-sticker-printer,Mini imprimante thermique portable sans encre,Inkless mini portable thermal sticker printer (incl. AI voice version),bureau-tech,ÉLIMINÉ : étage 2 : prix 39.9 € < 4 × coût livré (21.09 €),,D,amazon_fr_ratings,9100,avis,"Number of ratings: 9,1 k",B0BD5BX4HW,https://www.amazon.fr/s?k=mini+imprimante+thermique,2026-10-04,firecrawl_scrape,https://www.amazon.fr/s?k=mini+imprimante+thermique,freeform,MESURÉ,ok,,e2-3
E0731,P2,mini-thermal-sticker-printer,Mini imprimante thermique portable sans encre,Inkless mini portable thermal sticker printer (incl. AI voice version),bureau-tech,ÉLIMINÉ : étage 2 : prix 39.9 € < 4 × coût livré (21.09 €),,D,amazon_fr_bought_past_month,50,achats/mois (badge),Plus de 50 achetés au cours du mois dernier,B0BD5BX4HW,https://www.amazon.fr/s?k=mini+imprimante+thermique,2026-10-04,firecrawl_scrape,https://www.amazon.fr/s?k=mini+imprimante+thermique,freeform,MESURÉ,ok,,e2-3
E0732,P2,mini-thermal-sticker-printer,Mini imprimante thermique portable sans encre,Inkless mini portable thermal sticker printer (incl. AI voice version),bureau-tech,ÉLIMINÉ : étage 2 : prix 39.9 € < 4 × coût livré (21.09 €),,O,temu_price_eur,,€ (fiche trouvée),"Rating 4.7(7,997)Jun 17, 2026 · Mini-imprimante thermique fil Bluetooth, imprimante de poche portable encre adaptée aux étiquettes de notes et aux notes, emballage en boîte",n/a,https://www.temu.com/lu-fr/mini-imprimante-thermique--fil-bluetooth-imprimante-de-poche-portable--encre-adapt%C3%A9e-aux-%C3%A9tiquettes-de-notes-et-aux-notes-emballage-en-bo%C3%AEte-cadeau--et-autocollants-al%C3%A9atoires-gratuits-g-605573139527755.html,2026-10-04,firecrawl_search,temu.com,search_snippet,NON MESURÉ,ok,,e2-3
E0733,P2,mini-thermal-sticker-printer,Mini imprimante thermique portable sans encre,Inkless mini portable thermal sticker printer (incl. AI voice version),bureau-tech,ÉLIMINÉ : étage 2 : prix 39.9 € < 4 × coût livré (21.09 €),,-,target_price_eur,39.9,€ TTC visé,"Au-dessus d'Amazon.fr (16,99-30,86 € sur les mini-imprimantes de poche) grâce à un kit complet ; ATTENTION règle x4 NON tenue : 39,90 / 17,49 = 2,3x, le x4 (~70 €) est hors marché.",n/a,,2026-10-04,agent,,freeform,ESTIMATION,ok,,e2-3
E0734,P2,mini-thermal-sticker-printer,Mini imprimante thermique portable sans encre,Inkless mini portable thermal sticker printer (incl. AI voice version),bureau-tech,ÉLIMINÉ : étage 2 : prix 39.9 € < 4 × coût livré (21.09 €),,-,differentiation,4,€/unité,"Kit créatif complet : imprimante + 10 rouleaux (blanc, autocollant, couleur) + stickers et étui, appli expliquée en français ; visible en vidéo par l'impression d'un sticker photo en direct.",n/a,,2026-10-04,agent,,freeform,ESTIMATION,ok,,e2-3
